appid,date,event_type,title,url
1517290,2021-11-19,Release,Initial Release,https://store.steampowered.com/app/1517290
1517290,2025-08-29,Update,"To help speed up unlocking those Battlefield 6 items, Battlefield 2042 is turning on the double XP hose every weekend until the new game launches",https://steamstore-a.akamaihd.net/news/externalpost/PC Gamer/1809235871632621
1517290,2025-10-07,Update,"Get Ready for Battlefield 6 - Launch Times, Secure Boot and PC Specs",https://steamstore-a.akamaihd.net/news/externalpost/steam_community_announcements/1811772772641190
227300,2012-10-12,Release,Initial Release,https://store.steampowered.com/app/227300
227300,2025-09-18,Update,Euro Truck Simulator 2: 1.56 Update Release,https://steamstore-a.akamaihd.net/news/externalpost/steam_community_announcements/1811138915384683
227300,2025-10-14,Update,DAF XF Electric Release,https://steamstore-a.akamaihd.net/news/externalpost/steam_community_announcements/1813041031377841
227300,2025-11-04,Update,ETS2 1.57: Scania R & S Trucks Update,https://steamstore-a.akamaihd.net/news/externalpost/steam_community_announcements/1815034433037734
227300,2025-11-27,Update,Nordic Horizons + Forest Machinery Release,https://steamstore-a.akamaihd.net/news/externalpost/steam_community_announcements/1817483467035881
227300,2026-01-25,Update,1.58 Update: Physics & Collisions Changes,https://steamstore-a.akamaihd.net/news/externalpost/steam_community_announcements/1822556746165456
227300,2026-02-26,Update,Bobcat Cargo Pack DLC Release,https://steamstore-a.akamaihd.net/news/externalpost/steam_community_announcements/1825727806708439
227300,2026-03-19,Update,ETS2 1.59 Update: Volvo Trucks Experience Center,https://steamstore-a.akamaihd.net/news/externalpost/steam_community_announcements/1827626365753964
2246340,2025-02-27,Release,Initial Release,https://store.steampowered.com/app/2246340
2246340,2025-07-29,Update,"Monster Hunter Wilds is getting an endgame expansion ""ahead of schedule"", as Capcom keep hunting player approval",https://steamstore-a.akamaihd.net/news/externalpost/rps/1806064758776845
2246340,2025-09-25,Update,The Showcase for the Free Title Update 3 (Ver. 1.030) is here!,https://steamstore-a.akamaihd.net/news/externalpost/steam_community_announcements/1811772772237192
2246340,2025-10-20,Update,Monster Hunter Wilds Seasonal Event – Festival of Accord: Dreamspell,https://steamstore-a.akamaihd.net/news/externalpost/steam_community_announcements/1813674389084988
2246340,2025-12-15,Update,Update Summary (Ver.1.040),https://steamstore-a.akamaihd.net/news/externalpost/steam_community_announcements/1818752592134338
2246340,2026-01-15,Update,Capcom весь год ломала голову: Производительность Monster Hunter Wilds страдает из-за проверки DLC — энтузиаст поднял FPS на 79%,https://steamstore-a.akamaihd.net/news/externalpost/Gamemag.ru/1821922921815839
2246340,2026-02-09,Update,"Introducing Update Ver. 1.041 — Available Wednesday, February 18",https://steamstore-a.akamaihd.net/news/externalpost/steam_community_announcements/1823825466507071
1353300,2020-12-21,Release,Initial Release,https://store.steampowered.com/app/1353300
1353300,2021-01-24,Update,2.5 is live,https://steamstore-a.akamaihd.net/news/externalpost/steam_community_announcements/4043637702559343119
1353300,2022-08-13,Update,4.6 is out!,https://steamstore-a.akamaihd.net/news/externalpost/steam_community_announcements/4607764924156131637
1384160,2021-06-11,Release,Initial Release,https://store.steampowered.com/app/1384160
1384160,2022-01-28,Update,Ver1.13 Update Notice (2022/1/28),https://steamstore-a.akamaihd.net/news/externalpost/steam_community_announcements/4237326104322552578
1384160,2022-03-28,Update,Ver1.16 Update Notice (2022/3/28),https://steamstore-a.akamaihd.net/news/externalpost/steam_community_announcements/4258723269522052007
1384160,2022-04-29,Update,Ver1.17 Update Notice (2022/4/29),https://steamstore-a.akamaihd.net/news/externalpost/steam_community_announcements/4348798430278140805
1384160,2022-08-08,Update,"New Character, Bridget, available with Season Pass 2! (Aug 8th, 2022)",https://steamstore-a.akamaihd.net/news/externalpost/steam_community_announcements/4598757090464935130
1384160,2022-11-21,Update,Season Pass Upgrade Option,https://steamstore-a.akamaihd.net/news/externalpost/steam_community_announcements/4836332027647004756
1384160,2023-11-21,Update,Season Pass 3 Upgrade Option,https://steamstore-a.akamaihd.net/news/externalpost/steam_community_announcements/5382426458971961383
1384160,2024-09-30,Update,New character 「Queen Dizzy」 & Major update on October 31st!!,https://steamstore-a.akamaihd.net/news/externalpost/steam_community_announcements/6339469370195383760
1384160,2024-10-25,Update,Ready for Season 4? Queen Dizzy Arrives on October 31!,https://steamstore-a.akamaihd.net/news/externalpost/steam_community_announcements/6212245217911872206
1384160,2024-11-15,Update,"[EDITED][Ver.1.40] Known Issues (November 15, 2024)",https://steamstore-a.akamaihd.net/news/externalpost/steam_community_announcements/1783238125241930
1384160,2026-04-10,Update,Guilty Gear -Strive- 2.0 Starter Edition Launch Sale Ongoing!,https://steamstore-a.akamaihd.net/news/externalpost/steam_community_announcements/1829528821309157
1812450,2024-04-11,Update,Unique new medieval strategy game now has a Steam launch date,https://steamstore-a.akamaihd.net/news/externalpost/PCGamesN/5762993398273636080
1812450,2024-05-04,Update,Medieval survival RPG continues Steam recovery after troubled launch,https://steamstore-a.akamaihd.net/news/externalpost/PCGamesN/5766372999950974291
1812450,2024-11-26,Update,Villages 2.0 Update,https://steamstore-a.akamaihd.net/news/externalpost/steam_community_announcements/1783872412151186
1812450,2025-04-23,Update,Anniversary Update,https://steamstore-a.akamaihd.net/news/externalpost/steam_community_announcements/1797820624431395
629520,2017-09-30,Release,Initial Release,https://store.steampowered.com/app/629520
629520,2017-11-29,Update,Meowpad launched today - Get and Share Sounds easily!,https://steamstore-a.akamaihd.net/news/externalpost/steam_community_announcements/2152021858892495615
2276930,2023-09-06,Release,Initial Release,https://store.steampowered.com/app/2276930
2276930,2023-12-25,Update,Chillquarium version 1.1 update!,https://steamstore-a.akamaihd.net/news/externalpost/steam_community_announcements/5410576585146161244
2276930,2025-02-03,Update,Chillquarium Version 1.3 Update!,https://steamstore-a.akamaihd.net/news/externalpost/steam_community_announcements/1790214123216119
2418520,2024-10-24,Update,Seasonal Event - Spooky Harvest,https://steamstore-a.akamaihd.net/news/externalpost/steam_community_announcements/6212245217911828282
2418520,2024-12-19,Update,Seasonal Event - Winter Wonder,https://steamstore-a.akamaihd.net/news/externalpost/steam_community_announcements/1786409468881532
2418520,2025-02-13,Update,Seasonal Event - Passionate Tillage,https://steamstore-a.akamaihd.net/news/externalpost/steam_community_announcements/1791580425969314
2418520,2025-04-10,Update,Seasonal Event - Bunny Bonanza,https://steamstore-a.akamaihd.net/news/externalpost/steam_community_announcements/1796631172251106
2418520,2025-05-30,Release,Initial Release,https://store.steampowered.com/app/2418520
2418520,2025-08-14,Update,Seasonal Event - Fluffy Festival,https://steamstore-a.akamaihd.net/news/externalpost/steam_community_announcements/1808061939346054
2418520,2025-10-23,Update,Seasonal Event - Spooky Harvest,https://steamstore-a.akamaihd.net/news/externalpost/steam_community_announcements/1814309641446492
2418520,2025-12-18,Update,Seasonal Event - Winter Wonder 2025,https://steamstore-a.akamaihd.net/news/externalpost/steam_community_announcements/1819386365090623
2418520,2026-02-12,Update,Seasonal Event - Passionate Tillage 2026,https://steamstore-a.akamaihd.net/news/externalpost/steam_community_announcements/1824459501607543
2418520,2026-03-12,Update,Seasonal Event - Clover Parade 2026,https://steamstore-a.akamaihd.net/news/externalpost/steam_community_announcements/1826992588593144
2418520,2026-04-02,Update,Seasonal Event - Bunny Bonanza 2026,https://steamstore-a.akamaihd.net/news/externalpost/steam_community_announcements/1828894815558104
1850570,2022-03-30,Release,Initial Release,https://store.steampowered.com/app/1850570
1850570,2024-01-29,Update,DEATH STRANDING DIRECTOR'S CUT V 1.004 UPDATE,https://steamstore-a.akamaihd.net/news/externalpost/steam_community_announcements/5519792046262618912
1850570,2024-12-16,Update,KOJIMA PRODUCTIONS 9TH ANNIVERSARY CELEBRATIONS,https://steamstore-a.akamaihd.net/news/externalpost/steam_community_announcements/1785774543659644
1850570,2026-02-12,Update,DEATH STRANDING 2: ON THE BEACH LAUNCHES ON PC MARCH 19,https://steamstore-a.akamaihd.net/news/externalpost/steam_community_announcements/1824459501608308
270880,2016-02-02,Release,Initial Release,https://store.steampowered.com/app/270880
270880,2025-09-16,Update,American Truck Simulator: 1.56 Update Release,https://steamstore-a.akamaihd.net/news/externalpost/steam_community_announcements/1810503566571461
270880,2025-11-18,Update,American Truck Simulator: 1.57 Update Release,https://steamstore-a.akamaihd.net/news/externalpost/steam_community_announcements/1816307528972993
270880,2026-01-24,Update,American Truck Simulator: 1.58 Update - New Truck Garages,https://steamstore-a.akamaihd.net/news/externalpost/steam_community_announcements/1822556746164069
270880,2026-02-26,Update,Bobcat Cargo Pack DLC Release,https://steamstore-a.akamaihd.net/news/externalpost/steam_community_announcements/1825727806708440
2001120,2025-02-27,Update,"Get Ready for Launch! Steam Deck Verified, PC Specs, and More!",https://steamstore-a.akamaihd.net/news/externalpost/steam_community_announcements/1792751526014183
376210,2015-12-01,Release,Initial Release,https://store.steampowered.com/app/376210
376210,2021-05-29,Update,Update #3.5: Juvenile Pouncing & Interactive Water,https://steamstore-a.akamaihd.net/news/externalpost/steam_community_announcements/4069544815362569507
376210,2021-12-16,Update,Update #4 Now Released!,https://steamstore-a.akamaihd.net/news/externalpost/steam_community_announcements/5320438099035340034
376210,2022-07-13,Update,Update #5 Now Released!,https://steamstore-a.akamaihd.net/news/externalpost/steam_community_announcements/4937651144683556200
376210,2022-08-22,Update,Update #5.5: Night Vision now released!,https://steamstore-a.akamaihd.net/news/externalpost/steam_community_announcements/4584122114607561349
376210,2023-06-23,Update,Update #6.5 Now Live!,https://steamstore-a.akamaihd.net/news/externalpost/steam_community_announcements/5124581515259124561
8800,2007-07-24,Release,Initial Release,https://store.steampowered.com/app/8800
218620,2013-08-13,Release,Initial Release,https://store.steampowered.com/app/218620
218620,2022-11-18,Update,PAYDAY 2: Update 231.2 Changelog,https://steamstore-a.akamaihd.net/news/externalpost/steam_community_announcements/4789043687477949421
218620,2022-12-15,Update,PAYDAY 2: Update 232.1 Changelog,https://steamstore-a.akamaihd.net/news/externalpost/steam_community_announcements/5623338145751565168
218620,2023-01-12,Update,PAYDAY 2: Update 232.4 Changelog,https://steamstore-a.akamaihd.net/news/externalpost/steam_community_announcements/5035620840530972168
218620,2023-02-03,Update,PAYDAY 2: Update 233.1 Changelog,https://steamstore-a.akamaihd.net/news/externalpost/steam_community_announcements/5035622743883464837
218620,2023-04-28,Update,PAYDAY 2: Update 236.1 Changelog,https://steamstore-a.akamaihd.net/news/externalpost/steam_community_announcements/5133583642654892641
218620,2023-06-09,Update,PAYDAY 2: Update 237.1 Changelog,https://steamstore-a.akamaihd.net/news/externalpost/steam_community_announcements/5129083846343256657
218620,2023-06-30,Update,PAYDAY 2: Update 238.1 Changelog,https://steamstore-a.akamaihd.net/news/externalpost/steam_community_announcements/5124582150134440991
218620,2023-08-11,Update,"PAYDAY 2: 10th Anniversary Stream on Sunday, Aug 13th!",https://steamstore-a.akamaihd.net/news/externalpost/steam_community_announcements/5839532486214504004
218620,2023-09-15,Update,PAYDAY 2: Update 240.1 Changelog,https://steamstore-a.akamaihd.net/news/externalpost/steam_community_announcements/5480373588786112177
218620,2023-11-29,Update,PAYDAY 2: Note for update 240.3,https://steamstore-a.akamaihd.net/news/externalpost/steam_community_announcements/5395937983657742589
218620,2025-09-25,Update,Payday 2 launches DLC subscription service three weeks after raising prices,https://steamstore-a.akamaihd.net/news/externalpost/PCGamesN/1811772772247269
218620,2025-10-21,Update,PAYDAY 2: The Next Chapter,https://steamstore-a.akamaihd.net/news/externalpost/steam_community_announcements/1813674389100468
218620,2026-01-29,Update,PAYDAY 2: Update 242.1 Changelog,https://steamstore-a.akamaihd.net/news/externalpost/steam_community_announcements/1823191198602382
218620,2026-03-05,Update,PAYDAY 2: Update 243.1 Changelog,https://steamstore-a.akamaihd.net/news/externalpost/steam_community_announcements/1826362059921284
218620,2026-04-05,Update,PAYDAY 2: Update 244.1 Changelog,https://steamstore-a.akamaihd.net/news/externalpost/steam_community_announcements/1828894815563804
3240220,2025-03-04,Release,Initial Release,https://store.steampowered.com/app/3240220
3240220,2025-10-03,Update,Celebrate Spooky Season as Halloween Haunts Los Santos,https://steamstore-a.akamaihd.net/news/externalpost/steam_community_announcements/1811772772505766
440900,2018-05-08,Release,Initial Release,https://store.steampowered.com/app/440900
440900,2023-02-20,Update,Discover what's coming in Age of Sorcery — Chapter 3!,https://steamstore-a.akamaihd.net/news/externalpost/steam_community_announcements/5059268099251283581
440900,2023-03-14,Update,Age of Sorcery – Chapter 3 is Live!,https://steamstore-a.akamaihd.net/news/externalpost/steam_community_announcements/5070528810310470293
440900,2023-05-04,Update,Conan Exiles Anniversary Approaches,https://steamstore-a.akamaihd.net/news/externalpost/steam_community_announcements/5138087875080234801
440900,2023-08-18,Update,Developer Livestream Age of War – Chapter 2,https://steamstore-a.akamaihd.net/news/externalpost/steam_community_announcements/5127964289177127833
440900,2023-09-21,Update,Age of War - Chapter 2 is Now Live!,https://steamstore-a.akamaihd.net/news/externalpost/steam_community_announcements/5219165352623867783
440900,2023-11-09,Update,Developer Livestream Age of War – Chapter 3,https://steamstore-a.akamaihd.net/news/externalpost/steam_community_announcements/5302486387998696689
440900,2023-12-13,Update,Open Your Own Tavern in Age of War – Chapter 3!,https://steamstore-a.akamaihd.net/news/externalpost/steam_community_announcements/5397065151386261476
440900,2024-03-05,Update,Developer Livestream: Age of War – Chapter 4,https://steamstore-a.akamaihd.net/news/externalpost/steam_community_announcements/5688680204389479085
440900,2024-04-01,Update,Age of War Chapter 4 releases TOMORROW!,https://steamstore-a.akamaihd.net/news/externalpost/steam_community_announcements/5749481331452502531
440900,2024-08-08,Update,Developer Livestream: Age of Heroes - Chapter 1,https://steamstore-a.akamaihd.net/news/externalpost/steam_community_announcements/5963414363390366422
2694490,2024-12-06,Release,Initial Release,https://store.steampowered.com/app/2694490
2694490,2025-07-10,Update,Path of Exile 2: Content Update Timeline,https://steamstore-a.akamaihd.net/news/externalpost/steam_community_announcements/1804977324429973
2694490,2025-08-27,Update,The Third Edict Launch Twitch Drops and New Discord Quest,https://steamstore-a.akamaihd.net/news/externalpost/steam_community_announcements/1809235871573299
2694490,2025-12-06,Update,"As Path of Exile 2: The Last of the Druids gears up for release next week, its devs, sort of, delay its 1.0 release date",https://steamstore-a.akamaihd.net/news/externalpost/rps/1818118366179657
570,2013-07-09,Release,Initial Release,https://store.steampowered.com/app/570
570,2024-05-22,Update,Update 7.36 and Crownfall Act II,https://steamstore-a.akamaihd.net/news/externalpost/steam_community_announcements/5741605105605319496
570,2024-07-31,Update,Update 7.37 Is Here,https://steamstore-a.akamaihd.net/news/externalpost/steam_community_announcements/5963413728333060882
570,2025-02-18,Update,Explore Wandering Waters in the 7.38 Gameplay Update,https://steamstore-a.akamaihd.net/news/externalpost/steam_community_announcements/1792116353143320
244850,2019-02-28,Release,Initial Release,https://store.steampowered.com/app/244850
244850,2024-05-09,Update,Space Engineers: Signal Update Release Livestream,https://steamstore-a.akamaihd.net/news/externalpost/steam_community_announcements/5768625435395762261
244850,2024-10-10,Update,Space Engineers: Contact Launching October 14,https://steamstore-a.akamaihd.net/news/externalpost/steam_community_announcements/6931694080291574242
244850,2025-02-25,Update,Space Engineers 2 Pre-Launch Event: Space Engineers 1 insights,https://steamstore-a.akamaihd.net/news/externalpost/steam_community_announcements/1792116353353572
244850,2025-04-24,Update,Space Engineers: Fieldwork Launching April 28,https://steamstore-a.akamaihd.net/news/externalpost/steam_community_announcements/1797820624458864
244850,2025-09-04,Update,Space Engineers: Apex Survival Launching September 8,https://steamstore-a.akamaihd.net/news/externalpost/steam_community_announcements/1809869180032382
244850,2025-10-20,Update,Space Engineers 12th Anniversary!,https://steamstore-a.akamaihd.net/news/externalpost/steam_community_announcements/1813674389066079
244850,2025-11-17,Update,Space Engineers: Core Systems Launching November 24,https://steamstore-a.akamaihd.net/news/externalpost/steam_community_announcements/1816307528970349
244850,2026-03-23,Update,Space Engineers 2: VS2.2 - Mechanical Blocks & Weapons Live Now!,https://steamstore-a.akamaihd.net/news/externalpost/steam_community_announcements/1827626365764259
669330,2024-09-26,Release,Initial Release,https://store.steampowered.com/app/669330
669330,2024-11-14,Update,Update 1.1 New Unit: Phantom Ray,https://steamstore-a.akamaihd.net/news/externalpost/steam_community_announcements/1783238125206950
669330,2025-01-02,Update,Update 1.2 - Season 2,https://steamstore-a.akamaihd.net/news/externalpost/steam_community_announcements/1786573931057911
669330,2025-02-20,Update,Update 1.3 New Tournament Mode: 2v2 Tournament,https://steamstore-a.akamaihd.net/news/externalpost/steam_community_announcements/1792116353189085
669330,2025-04-02,Update,Update 1.4.0 - Season 3,https://steamstore-a.akamaihd.net/news/externalpost/steam_community_announcements/1795917897309669
669330,2025-07-03,Update,Update 1.6.0 - Season 4,https://steamstore-a.akamaihd.net/news/externalpost/steam_community_announcements/1803527891726637
669330,2025-09-24,Update,"Update 1.8.0: Season 5, Casual Mode And Fire Badger Remake",https://steamstore-a.akamaihd.net/news/externalpost/steam_community_announcements/1811772772223149
669330,2025-12-08,Update,Season 6 Is Now Open for Public Testing,https://steamstore-a.akamaihd.net/news/externalpost/steam_community_announcements/1818118366182982
669330,2026-03-05,Update,[Test Server] Update 1.10,https://steamstore-a.akamaihd.net/news/externalpost/steam_community_announcements/1826362059921209
526870,2024-02-02,Update,"After five years in early access, Satisfactory will finally launch into 1.0 later this year","https://steamstore-a.akamaihd.net/news/externalpost/Rock, Paper, Shotgun/5582843074945103736"
526870,2024-07-05,Update,Satisfactory 1.0 is finally out in September with two megaton changes: easier-to-manufacture computers and flushable toilets,https://steamstore-a.akamaihd.net/news/externalpost/PC Gamer/5842939267339734316
526870,2024-08-26,Update,Only 2 weeks left until 1.0 Releases!,https://steamstore-a.akamaihd.net/news/externalpost/steam_community_announcements/5875595438703071739
526870,2024-09-21,Update,"Satisfactory dev ""overwhelmed"" by sandbox game's huge launch response",https://steamstore-a.akamaihd.net/news/externalpost/PCGamesN/6341720536510076354
526870,2025-03-29,Update,Satisfactory update 1.1 brings essential new tools to the sandbox game,https://steamstore-a.akamaihd.net/news/externalpost/PCGamesN/1795283637887161
526870,2025-06-07,Update,"Ahead of Satisfactory 1.1, snag the automation sandbox game at a serious saving",https://steamstore-a.akamaihd.net/news/externalpost/PCGamesN/1801617199462319
526870,2025-08-29,Update,"Satisfactory is at its lowest price since its full launch, so grab it quick",https://steamstore-a.akamaihd.net/news/externalpost/PCGamesN/1809235871689000
526870,2025-10-25,Update,"Satisfactory 1.2 will add the ""perfect solution"" for transporting fluids, but it's probably not what you were asking for",https://steamstore-a.akamaihd.net/news/externalpost/PCGamesN/1814309641512849
526870,2026-03-17,Update,Update 1.2 is out now on Experimental!,https://steamstore-a.akamaihd.net/news/externalpost/steam_community_announcements/1826992588604352
1325860,2021-03-12,Release,Initial Release,https://store.steampowered.com/app/1325860
1062090,2025-09-15,Update,Happy 4th Anniversary!,https://steamstore-a.akamaihd.net/news/externalpost/steam_community_announcements/1810503566552301
1062090,2025-10-29,Update,Timberborn 1.0 is coming. Play the experimental build now!,https://steamstore-a.akamaihd.net/news/externalpost/steam_community_announcements/1814942955095022
1062090,2026-02-06,Update,Beaver city-builder Timberborn confirmed for launch on March 5,https://steamstore-a.akamaihd.net/news/externalpost/GamingOnLinux/1823825466499940
1062090,2026-03-02,Update,Timberborn - One More 1.0 Thing,https://steamstore-a.akamaihd.net/news/externalpost/steam_community_announcements/1825727806716850
252490,2018-02-08,Release,Initial Release,https://store.steampowered.com/app/252490
252490,2024-10-03,Update,THE WORLD UPDATE 2.0,https://steamstore-a.akamaihd.net/news/externalpost/steam_community_announcements/6350729003494900604
252490,2024-12-16,Update,SEASON'S BEATINGS,https://steamstore-a.akamaihd.net/news/externalpost/steam_community_announcements/1785774543662513
252490,2025-10-23,Update,"WARHAMMER 40,000 X RUST DLC PACK",https://steamstore-a.akamaihd.net/news/externalpost/steam_community_announcements/1814309641446360
252490,2025-12-18,Update,SEASONS BEATINGS,https://steamstore-a.akamaihd.net/news/externalpost/steam_community_announcements/1819386365091956
2688950,2024-11-01,Update,Countdown to Launch,https://steamstore-a.akamaihd.net/news/externalpost/steam_community_announcements/6146943657173936054
2688950,2025-09-16,Update,Sorcery Pack DLC and Update 7 - Available Now!,https://steamstore-a.akamaihd.net/news/externalpost/steam_community_announcements/1810503566580085
2688950,2025-11-06,Update,First Anniversary of Planet Coaster 2!,https://steamstore-a.akamaihd.net/news/externalpost/steam_community_announcements/1815580768258527
552990,2017-11-15,Release,Initial Release,https://store.steampowered.com/app/552990
552990,2025-05-17,Update,Weekend Highlights | 14.4 #1,https://steamstore-a.akamaihd.net/news/externalpost/steam_community_announcements/1799817379531755
552990,2025-06-07,Update,Weekend Highlights | 14.4 #4,https://steamstore-a.akamaihd.net/news/externalpost/steam_community_announcements/1801617199454087
552990,2025-06-28,Update,Weekend Highlights | 14.5 #3,https://steamstore-a.akamaihd.net/news/externalpost/steam_community_announcements/1803527891571223
552990,2025-07-19,Update,Weekend Highlights | 14.6 #2,https://steamstore-a.akamaihd.net/news/externalpost/steam_community_announcements/1805431065397897
552990,2025-08-09,Update,Weekend Highlights | 14.7 #1,https://steamstore-a.akamaihd.net/news/externalpost/steam_community_announcements/1807332909632223
552990,2025-09-03,Update,"Update 14.8 | A Decade at Sea, New German Cruisers, and Anniversary Celebrations",https://steamstore-a.akamaihd.net/news/externalpost/steam_community_announcements/1809869180003000
552990,2025-09-27,Update,Weekend Highlights | 14.8 #4,https://steamstore-a.akamaihd.net/news/externalpost/steam_community_announcements/1811772772308187
552990,2025-10-18,Update,Weekend Highlights | 14.9 #3,https://steamstore-a.akamaihd.net/news/externalpost/steam_community_announcements/1813674388999469
552990,2025-11-08,Update,Weekend Highlights | 14.10 #2,https://steamstore-a.akamaihd.net/news/externalpost/steam_community_announcements/1815580768324041
552990,2025-11-29,Update,Weekend Highlights | 14.11 #1,https://steamstore-a.akamaihd.net/news/externalpost/steam_community_announcements/1817483467041236
552990,2025-12-20,Update,Weekend Highlights | 14.11 #4,https://steamstore-a.akamaihd.net/news/externalpost/steam_community_announcements/1819386365097769
552990,2026-01-10,Update,Weekend Highlights | 14.11 #7,https://steamstore-a.akamaihd.net/news/externalpost/steam_community_announcements/1821288646582752
552990,2026-01-31,Update,Weekend Highlights | 15.0 #3,https://steamstore-a.akamaihd.net/news/externalpost/steam_community_announcements/1823191198607254
552990,2026-02-21,Update,Weekend Highlights | 15.1 #2,https://steamstore-a.akamaihd.net/news/externalpost/steam_community_announcements/1825093633189831
552990,2026-03-14,Update,Weekend Highlights | 15.2 #1,https://steamstore-a.akamaihd.net/news/externalpost/steam_community_announcements/1826992588597613
552990,2026-04-04,Update,Weekend Highlights | 15.2 #4,https://steamstore-a.akamaihd.net/news/externalpost/steam_community_announcements/1828894815562057
663090,2017-10-15,Release,Initial Release,https://store.steampowered.com/app/663090
1290000,2022-07-14,Release,Initial Release,https://store.steampowered.com/app/1290000
1290000,2023-01-16,Update,Awesome Games Done Quick 2023 raised more than $2.6 million for charity,"https://steamstore-a.akamaihd.net/news/externalpost/Rock, Paper, Shotgun/5035620840545448980"
1290000,2023-04-18,Update,PowerWash Simulator's next free content update is out now,"https://steamstore-a.akamaihd.net/news/externalpost/Rock, Paper, Shotgun/6539831519505038523"
1290000,2023-05-18,Update,PowerWash Simulator's first paid DLC takes players to SpongeBob SquarePants' Bikini Bottom,"https://steamstore-a.akamaihd.net/news/externalpost/Rock, Paper, Shotgun/5140340943306487538"
1290000,2023-08-10,Update,"Update 1.4 – The next Muckingham Files update, coming August 31st",https://steamstore-a.akamaihd.net/news/externalpost/steam_community_announcements/5839532486210928374
1290000,2023-08-31,Update,Update 1.4 – The latest Muckingham Files chapter is OUT NOW!,https://steamstore-a.akamaihd.net/news/externalpost/steam_community_announcements/5141476355658216371
1290000,2023-10-26,Update,PowerWash Simulator Back to the Future Special Pack Launches November 16th!,https://steamstore-a.akamaihd.net/news/externalpost/steam_community_announcements/5229301621576212167
1290000,2023-11-16,Update,PowerWash Simulator's Back To The Future DLC is out now,"https://steamstore-a.akamaihd.net/news/externalpost/Rock, Paper, Shotgun/6560117310265007402"
1290000,2024-02-16,Update,9/10 VR game gets free DLC and a big discount for new players,https://steamstore-a.akamaihd.net/news/externalpost/PCGamesN/8033928544495782444
1290000,2024-06-21,Update,There’s something in the water: PowerWash Simulator’s trippy Alice in Wonderland DLC arrives next month,"https://steamstore-a.akamaihd.net/news/externalpost/Rock, Paper, Shotgun/5759622039980621979"
1290000,2024-07-18,Update,The latest Muckingham Files chapter is OUT NOW! 💦,https://steamstore-a.akamaihd.net/news/externalpost/steam_community_announcements/5969041959964914752
1290000,2024-08-27,Update,"Wahey, PowerWash Simulator's getting a Shrek DLC pack about getting the stains outta his swamp",https://steamstore-a.akamaihd.net/news/externalpost/VG247/5875595438706615802
1290000,2024-10-24,Update,PowerWash Simulator - Halloween Seasonal,https://steamstore-a.akamaihd.net/news/externalpost/steam_community_announcements/6212245217911823542
1290000,2024-12-05,Update,PowerWash Simulator - Ice Rink Winter Seasonal,https://steamstore-a.akamaihd.net/news/externalpost/steam_community_announcements/1784506359245408
1290000,2025-10-07,Update,PowerWash Simulator 2 | Release Date,https://steamstore-a.akamaihd.net/news/externalpost/steam_community_announcements/1811772772639274
400750,2021-06-11,Release,Initial Release,https://store.steampowered.com/app/400750
400750,2024-10-20,Update,WW2 strategy game Call to Arms Gates of Hell launches new airborne ops DLC,https://steamstore-a.akamaihd.net/news/externalpost/PCGamesN/6212244583187014676
400750,2024-12-24,Update,Season’s greetings!,https://steamstore-a.akamaihd.net/news/externalpost/steam_community_announcements/1786573930788483
400750,2025-06-19,Update,"Releasing the ""Twin DLC""",https://steamstore-a.akamaihd.net/news/externalpost/steam_community_announcements/1802893906735856
400750,2025-08-23,Update,Content Update 6 is live!,https://steamstore-a.akamaihd.net/news/externalpost/steam_community_announcements/1808601382512328
400750,2025-12-02,Update,Releasing the “Finest Hour” DLC,https://steamstore-a.akamaihd.net/news/externalpost/steam_community_announcements/1817483467049135
924970,2021-10-12,Release,Initial Release,https://store.steampowered.com/app/924970
924970,2022-03-01,Update,Back 4 Blood's first expansion is coming in April,https://steamstore-a.akamaihd.net/news/externalpost/PC Gamer/4246335832527717069
924970,2022-08-29,Update,"Back 4 Blood's Children of the Worm DLC lands tomorrow, looks rad",https://steamstore-a.akamaihd.net/news/externalpost/PC Gamer/4514316500017631399
924970,2022-12-06,Update,Back 4 Blood expansion River of Blood is out now,https://steamstore-a.akamaihd.net/news/externalpost/PCGamesN/4979322040036205480
924970,2024-06-21,Update,"Back 4 Blood player numbers suddenly revive, three years after launch",https://steamstore-a.akamaihd.net/news/externalpost/PCGamesN/5759622039980686967
976730,2019-12-03,Release,Initial Release,https://store.steampowered.com/app/976730
976730,2021-09-16,Update,Halo: The Master Chief Collection may cease seasonal updates after Halo Infinite's launch,https://steamstore-a.akamaihd.net/news/externalpost/PC Gamer/5418383147735111147
976730,2021-10-07,Update,Halo: The Master Chief Collection starts up its final season next week,https://steamstore-a.akamaihd.net/news/externalpost/PCGamesN/4069556867205714911
976730,2022-12-08,Update,Halo: MCC's weirdly great post-launch support continues with Steam Workshop integration,https://steamstore-a.akamaihd.net/news/externalpost/PC Gamer/4980448574109354038
976730,2024-11-09,Update,Halo 2 | Twentieth Anniversary,https://steamstore-a.akamaihd.net/news/externalpost/steam_community_announcements/6148070194801666010
2215430,2024-05-14,Update,Ghost of Tsushima Director's Cut PC launch details,https://steamstore-a.akamaihd.net/news/externalpost/steam_community_announcements/5768625435414114926
2215430,2024-06-27,Update,AMD FSR 3.1 is now available in Ghost of Tsushima Director's Cut,https://steamstore-a.akamaihd.net/news/externalpost/steam_community_announcements/5842939267309817601
2215430,2025-10-28,Update,Ghost of Tsushima gets Steam Deck Verified as the devs push the multiplayer into a DLC,https://steamstore-a.akamaihd.net/news/externalpost/GamingOnLinux/1814309641602920
294100,2018-10-17,Release,Initial Release,https://store.steampowered.com/app/294100
294100,2022-10-05,Update,RimWorld Biotech expansion lets you have kids and mess with genes,https://steamstore-a.akamaihd.net/news/externalpost/PCGamesN/4613399405938382376
294100,2022-11-03,Update,Multiple updates for 1.4 and Biotech,https://steamstore-a.akamaihd.net/news/externalpost/steam_community_announcements/4732747437202671912
294100,2024-03-14,Update,"RimWorld's new expansion is introducing 'IEDs that resurrect the dead,' fleshbeasts, and a 'beautiful golden cube' that you will love, or else",https://steamstore-a.akamaihd.net/news/externalpost/PC Gamer/7309977427435417713
294100,2024-04-11,Update,Anomaly expansion and update 1.5 out now!,https://steamstore-a.akamaihd.net/news/externalpost/steam_community_announcements/5762993398273484946
294100,2025-06-11,Update,"The new Rimworld DLC is confirmed, and it lets you build your own Gravship",https://steamstore-a.akamaihd.net/news/externalpost/PCGamesN/1802261838724115
294100,2025-07-07,Update,"The new Rimworld expansion adds therapy pandas, tameable insect hive queens, nanotech-enhanced alligators, prehistoric beasts, giant toads, flamingos, and something called a 'bog hound'",https://steamstore-a.akamaihd.net/news/externalpost/PC Gamer/1803527891868361
294100,2026-02-18,Update,"Grab RimWorld for cheaper than ever, and get its excellent expansions at a great price, too",https://steamstore-a.akamaihd.net/news/externalpost/PCGamesN/1825093633181826
963330,2018-12-08,Release,Initial Release,https://store.steampowered.com/app/963330
513710,2025-06-17,Release,Initial Release,https://store.steampowered.com/app/513710
513710,2025-12-23,Update,lntroducing the new SCUM Squad Emblems DLC,https://steamstore-a.akamaihd.net/news/externalpost/steam_community_announcements/1819386365104374
578080,2017-12-21,Release,Initial Release,https://store.steampowered.com/app/578080
578080,2025-11-04,Update,Map Service Report - Update 38.2,https://steamstore-a.akamaihd.net/news/externalpost/steam_community_announcements/1815034433024185
578080,2025-12-02,Update,Map Service Report - Update 39.1,https://steamstore-a.akamaihd.net/news/externalpost/steam_community_announcements/1817483467047305
578080,2026-01-06,Update,Patch Notes - Update 39.2,https://steamstore-a.akamaihd.net/news/externalpost/steam_community_announcements/1819386365124927
578080,2026-02-03,Update,Patch Notes - Update 40.1,https://steamstore-a.akamaihd.net/news/externalpost/steam_community_announcements/1823191198615815
578080,2026-03-10,Update,Map Service Report - Update 40.2,https://steamstore-a.akamaihd.net/news/externalpost/steam_community_announcements/1826362059932022
578080,2026-04-02,Update,"Anniversary Mission: All Day, All Party Weekend",https://steamstore-a.akamaihd.net/news/externalpost/steam_community_announcements/1828894815557455
518790,2017-02-16,Release,Initial Release,https://store.steampowered.com/app/518790
518790,2023-10-26,Update,Spook-Season Fun! Free Halloween Cosmetic Pack & Challenges,https://steamstore-a.akamaihd.net/news/externalpost/steam_community_announcements/5229301621575547303
518790,2023-11-20,Update,Companion DLC Giveaway,https://steamstore-a.akamaihd.net/news/externalpost/steam_community_announcements/6560117310279227076
518790,2025-03-18,Update,The Rapid Hunt Rifle Pack releases March 25th,https://steamstore-a.akamaihd.net/news/externalpost/steam_community_announcements/1794102528238977
518790,2025-08-19,Update,"The Pump, Flip and Fire Pack releases August 26th",https://steamstore-a.akamaihd.net/news/externalpost/steam_community_announcements/1808061939503186
518790,2025-11-14,Update,Patch 8.4｜December 9th,https://steamstore-a.akamaihd.net/news/externalpost/steam_community_announcements/1816307528949066
518790,2025-12-05,Update,Pre-release Livestream and other updates,https://steamstore-a.akamaihd.net/news/externalpost/steam_community_announcements/1818118366176982
518790,2026-04-13,Update,Patch 9.1 Notes,https://steamstore-a.akamaihd.net/news/externalpost/steam_community_announcements/1829528821315531
335300,2015-04-01,Release,Initial Release,https://store.steampowered.com/app/335300
824270,2018-04-03,Release,Initial Release,https://store.steampowered.com/app/824270
824270,2023-04-12,Update,KovaaK's 3.2 - FPS Boost + New Features,https://steamstore-a.akamaihd.net/news/externalpost/steam_community_announcements/5132456474584112415
824270,2023-10-14,Update,Community Feature: aimerz+ Benchmarks Release!,https://steamstore-a.akamaihd.net/news/externalpost/steam_community_announcements/6438516944127732169
824270,2026-01-30,Update,Launch Issue – Error Code 0x11CD,https://steamstore-a.akamaihd.net/news/externalpost/steam_community_announcements/1823191198606590
1222680,2020-06-04,Release,Initial Release,https://store.steampowered.com/app/1222680
1222680,2023-03-21,Update,Volume 2 and Keys to the Map DLC - Out Now,https://steamstore-a.akamaihd.net/news/externalpost/steam_community_announcements/5125698536872731512
3188910,2024-12-03,Release,Initial Release,https://store.steampowered.com/app/3188910
3188910,2025-02-05,Update,Waifu Season 1 Begins,https://steamstore-a.akamaihd.net/news/externalpost/steam_community_announcements/1790848102591055
289070,2016-10-20,Release,Initial Release,https://store.steampowered.com/app/289070
289070,2022-12-15,Update,Civilization 6 Leader Pass DLC Great Commanders pack is out now,https://steamstore-a.akamaihd.net/news/externalpost/PCGamesN/5623338145752221795
289070,2023-01-12,Update,Civilization 6 DLC Rulers of China gets release date on Steam and Epic,https://steamstore-a.akamaihd.net/news/externalpost/PCGamesN/5035620840531765518
289070,2023-02-11,Update,Civ 6 DLC Rulers of the Sahara gets release date on Steam and Epic,https://steamstore-a.akamaihd.net/news/externalpost/PCGamesN/5036749277237502911
289070,2023-03-08,Update,Civ 6 DLC The Great Builders gets release date on Steam and Epic,https://steamstore-a.akamaihd.net/news/externalpost/PCGamesN/5070528810289136050
289070,2024-08-15,Update,"Good news faff dislikers, Civilization 7 is dropping the 2K launcher as a requirement on PC, with Steam copies of Civ 6 having just done the same",https://steamstore-a.akamaihd.net/news/externalpost/VG247/6909171012596067321
289070,2024-11-25,Update,2K Launcher Removal,https://steamstore-a.akamaihd.net/news/externalpost/steam_community_announcements/1783872412121774
289070,2025-02-10,Update,"Civ Streams: Launch Day Special - February 11, 2025",https://steamstore-a.akamaihd.net/news/externalpost/steam_community_announcements/1790848102765836
289070,2025-07-17,Update,You can get 4X royalty Civilization 6 with both expansions for free right now,https://steamstore-a.akamaihd.net/news/externalpost/PCGamesN/1805431065343808
1468260,2020-12-04,Release,Initial Release,https://store.steampowered.com/app/1468260
1468260,2021-09-25,Update,Online Season #2,https://steamstore-a.akamaihd.net/news/externalpost/steam_community_announcements/3936699406877453520
1468260,2021-12-30,Update,Online Season #3,https://steamstore-a.akamaihd.net/news/externalpost/steam_community_announcements/4224938027325325408
1468260,2022-04-08,Update,Update v2.10,https://steamstore-a.akamaihd.net/news/externalpost/steam_community_announcements/4353300134229027890
1468260,2022-05-18,Update,Update v2.11,https://steamstore-a.akamaihd.net/news/externalpost/steam_community_announcements/4292505348822212215
1468260,2022-07-04,Update,Online Season #5,https://steamstore-a.akamaihd.net/news/externalpost/steam_community_announcements/4474904295770331466
1468260,2022-09-29,Update,Online Season #6,https://steamstore-a.akamaihd.net/news/externalpost/steam_community_announcements/4588629064111426519
1468260,2023-12-04,Update,Achievement unlocked: 3-Year Anniversary,https://steamstore-a.akamaihd.net/news/externalpost/steam_community_announcements/5395937983677024457
934700,2024-04-15,Update,Expanding Horizons – Dead Island 2 DLCs!,https://steamstore-a.akamaihd.net/news/externalpost/steam_community_announcements/6474562312195996898
934700,2024-05-10,Update,PROS Rewards: Dead Island 2 Steam Launch Celebration!,https://steamstore-a.akamaihd.net/news/externalpost/steam_community_announcements/5768625435399373524
934700,2025-07-15,Update,"'We could have, at that point, put out a s*** game': Former Deep Silver comms boss says Dead Island 2 released 8 years late because an earlier version 'would have killed the franchise' if it wasn't binned",https://steamstore-a.akamaihd.net/news/externalpost/PC Gamer/1805065414373756
8930,2010-09-21,Release,Initial Release,https://store.steampowered.com/app/8930
8930,2014-02-05,Update,"Civilization V: Complete Edition released in the US, will capture the rest of the world on Friday",https://steamstore-a.akamaihd.net/news/externalpost/pcgamer/920161157360215407
8930,2016-05-11,Update,Civilization VI Releases October: Here s Every Detail,https://steamstore-a.akamaihd.net/news/externalpost/rps/255955041673088456
8930,2018-11-20,Update,New and Improved Launcher Added to Civilization V and Civilization VI,https://steamstore-a.akamaihd.net/news/externalpost/steam_community_announcements/3316234163932952622
8930,2019-04-08,Update,Firaxis dev releases mod that makes Civ 6 look like Civ 5,https://steamstore-a.akamaihd.net/news/externalpost/eurogamer/2508976515657962544
8930,2024-11-25,Update,2K Launcher Removal,https://steamstore-a.akamaihd.net/news/externalpost/steam_community_announcements/1783872412121778
8930,2025-02-06,Update,2K 20th Anniversary Event,https://steamstore-a.akamaihd.net/news/externalpost/steam_community_announcements/1790848102626418
779340,2019-05-23,Release,Initial Release,https://store.steampowered.com/app/779340
779340,2020-08-18,Update,"Total War: Three Kingdoms' next expansion adds ""fearsome"" Nanman factions, animal units, more",https://steamstore-a.akamaihd.net/news/externalpost/PCGamesN/3670950880872523084
779340,2020-09-29,Update,The complete Total War: Three Kingdoms DLC guide,https://steamstore-a.akamaihd.net/news/externalpost/PCGamesN/3807188575844263908
779340,2021-02-25,Update,"Total War: Three Kingdoms' next DLC is Fates Divided, out next month",https://steamstore-a.akamaihd.net/news/externalpost/Strategy Gamer/4060529371702384780
779340,2025-06-12,Update,Join us for the Total War 25th anniversary celebrations,https://steamstore-a.akamaihd.net/news/externalpost/steam_community_announcements/1802354289563802
779340,2025-12-01,Update,25th Anniversary Showcase Timings,https://steamstore-a.akamaihd.net/news/externalpost/steam_community_announcements/1817483467045777
105600,2011-05-16,Release,Initial Release,https://store.steampowered.com/app/105600
1643320,2024-11-20,Release,Initial Release,https://store.steampowered.com/app/1643320
1643320,2025-03-05,Update,"It launched upside down and on fire, but busted and brilliant Stalker 2 has attracted 6 million players to the Zone in the last 3 months",https://steamstore-a.akamaihd.net/news/externalpost/PC Gamer/1793384379338006
1643320,2025-05-15,Update,Patch 1.4 is Live — Check Out What’s New,https://steamstore-a.akamaihd.net/news/externalpost/steam_community_announcements/1799817379462711
1643320,2025-06-25,Update,"Stalker 2's 1.5 mega-patch just dropped and GSC says A-Life is back, baby",https://steamstore-a.akamaihd.net/news/externalpost/PC Gamer/1803527891478757
1643320,2025-08-27,Update,"Stalker 2's first DLC is in ""active development,"" and we could hear more soon",https://steamstore-a.akamaihd.net/news/externalpost/PCGamesN/1809235871555407
1643320,2025-09-23,Update,Stalker 2's 1.6 update brings with it nighttime fun and a bit of heat,https://steamstore-a.akamaihd.net/news/externalpost/PC Gamer/1811138915558905
1643320,2025-11-17,Update,Discount 30% S.T.A.L.K.E.R. 2: Heart of Chornobyl during update 1.7 Expedition,https://steamstore-a.akamaihd.net/news/externalpost/steam_community_announcements/1816307528971490
1643320,2025-12-17,Update,"Stories Untold — Content update: new characters, missions, locations & more.",https://steamstore-a.akamaihd.net/news/externalpost/steam_community_announcements/1819386365086612
1643320,2026-03-26,Update,"S.T.A.L.K.E.R. 2: Cost of Hope — the first major expansion, coming Summer 2026",https://steamstore-a.akamaihd.net/news/externalpost/steam_community_announcements/1827626365771312
1260320,2023-09-20,Release,Initial Release,https://store.steampowered.com/app/1260320
1237950,2020-06-11,Release,Initial Release,https://store.steampowered.com/app/1237950
1237950,2026-01-26,Update,STAR WARS Battlefront II private server and mod launcher KYBER goes open source,https://steamstore-a.akamaihd.net/news/externalpost/GamingOnLinux/1822556746166756
286690,2014-08-25,Release,Initial Release,https://store.steampowered.com/app/286690
286690,2015-02-09,Update,A Metro 2033 Redux Update has been released,https://steamstore-a.akamaihd.net/news/externalpost/steam_community_announcements/511492468654053271
286690,2015-12-17,Update,A Metro 2033 Redux Update has been released,https://steamstore-a.akamaihd.net/news/externalpost/steam_community_announcements/377538916262655814
236850,2013-08-13,Release,Initial Release,https://store.steampowered.com/app/236850
236850,2023-08-14,Update,Free 10th Anniversary Community Music Pack,https://steamstore-a.akamaihd.net/news/externalpost/steam_community_announcements/5839532486224649966
236850,2023-10-17,Update,Europa Universalis 4 is about to get a big new expansion,https://steamstore-a.akamaihd.net/news/externalpost/PCGamesN/6438516944139201590
236850,2023-12-16,Update,Community Mod Spotlight - Mesoamerican Expansion,https://steamstore-a.akamaihd.net/news/externalpost/steam_community_announcements/5409450219980397354
236850,2024-04-05,Update,Community Mod Spotlight - Modathon season 2,https://steamstore-a.akamaihd.net/news/externalpost/steam_community_announcements/5756237364312347863
236850,2024-04-30,Update,Developer Diary - 1.37 'Inca' Changelog,https://steamstore-a.akamaihd.net/news/externalpost/steam_community_announcements/5759616966682753832
236850,2024-09-03,Update,Free DLCs for all Europa Universalis IV Players,https://steamstore-a.akamaihd.net/news/externalpost/steam_community_announcements/6240387642473142784
236850,2024-10-10,Update,4 DLC free now in preparation for October 17th!,https://steamstore-a.akamaihd.net/news/externalpost/steam_community_announcements/6931694080292064935
236850,2025-02-21,Update,Signups now open for Modathon Season 4,https://steamstore-a.akamaihd.net/news/externalpost/steam_community_announcements/1792116353232635
1009850,2020-04-14,Release,Initial Release,https://store.steampowered.com/app/1009850
1009850,2020-06-04,Update,Donation DLC's,https://steamstore-a.akamaihd.net/news/externalpost/steam_community_announcements/3157533729853954529
1009850,2023-11-08,Update,Official Youtube Channel + Guides Launched,https://steamstore-a.akamaihd.net/news/externalpost/steam_community_announcements/5302486387996265756
1569580,2025-04-10,Release,Initial Release,https://store.steampowered.com/app/1569580
1569580,2025-06-18,Update,Patch 1.5,https://steamstore-a.akamaihd.net/news/externalpost/steam_community_announcements/1802893906701654
1569580,2025-09-29,Update,Patch 1.6,https://steamstore-a.akamaihd.net/news/externalpost/steam_community_announcements/1811772772381516
1238840,2020-06-11,Release,Initial Release,https://store.steampowered.com/app/1238840
1238840,2023-10-10,Update,Battlefield 2042 – Season 6: Dark Creations Live Now,https://steamstore-a.akamaihd.net/news/externalpost/steam_community_announcements/5220292521199153978
1238840,2023-10-31,Update,Play Now: Season 6: Dark Protocol,https://steamstore-a.akamaihd.net/news/externalpost/steam_community_announcements/5229301621594741636
1238840,2025-10-07,Update,"Get Ready for Battlefield 6 - Launch Times, Secure Boot and PC Specs",https://steamstore-a.akamaihd.net/news/externalpost/steam_community_announcements/1811772772641659
460930,2017-03-02,Update,Ghost Recon Wildlands post-launch plans include PvP mode and a big dad,https://steamstore-a.akamaihd.net/news/externalpost/rps/75837698138613941
460930,2017-04-12,Update,LIVE SEASON CHALLENGES,https://steamstore-a.akamaihd.net/news/externalpost/steam_community_announcements/75840229423538346
460930,2017-05-15,Update,Wildlands has new mens to shoots in Fallen Ghosts DLC,https://steamstore-a.akamaihd.net/news/externalpost/rps/2423345440420357456
460930,2017-12-20,Update,"Ghost Recon Wildlands – Legendary Movie Monster, The Predator, Coming in Free DLC",https://steamstore-a.akamaihd.net/news/externalpost/steam_community_announcements/2284879949503555338
1325200,2020-11-13,Update,"Nioh 2 – The Complete Edition launches on February 5, 2021",https://steamstore-a.akamaihd.net/news/externalpost/steam_community_announcements/3872494575591407312
1325200,2021-01-25,Update,Nioh 2 - The Complete Edition: DLC,https://steamstore-a.akamaihd.net/news/externalpost/steam_community_announcements/4043637702561977990
1325200,2025-03-12,Update,Rise of the Ronin is off to a rough start on PC as it becomes Team Ninja's worst-performing major Steam launch in years,https://steamstore-a.akamaihd.net/news/externalpost/VG247/1794014851389737
233860,2018-12-06,Release,Initial Release,https://store.steampowered.com/app/233860
233860,2022-06-24,Update,A new chapter of localisation for Kenshi 2,https://steamstore-a.akamaihd.net/news/externalpost/steam_community_announcements/4474904295733045022
233860,2022-10-17,Update,FCS Update 2.13,https://steamstore-a.akamaihd.net/news/externalpost/steam_community_announcements/6402455182519527505
233860,2023-04-26,Update,Crab merch launch & giveaway! Plus key giveaways and new Armour King shirt,https://steamstore-a.akamaihd.net/news/externalpost/steam_community_announcements/5133583642647175865
233860,2023-11-17,Update,Community Spotlight #14 + Italian Language Mod Released & Halloween Comp Winners,https://steamstore-a.akamaihd.net/news/externalpost/steam_community_announcements/6560117310267908761
233860,2024-04-10,Update,One of the most strange and cruel survival sandboxes I've played has sold 2.3 million copies,https://steamstore-a.akamaihd.net/news/externalpost/PC Gamer/5762993398269778364
346110,2017-08-27,Release,Initial Release,https://store.steampowered.com/app/346110
346110,2023-06-03,Update,"Community Crunch 364: Happy 8th Anniversary, Fasolasuchus Concept, and More!",https://steamstore-a.akamaihd.net/news/externalpost/steam_community_announcements/5151601211235533141
346110,2023-07-02,Update,"Ark's remaster has been delayed, will release with a launch discount",https://steamstore-a.akamaihd.net/news/externalpost/PC Gamer/5124582150143430267
346110,2023-10-11,Update,"Ark: Survival Evolved studio settles legal dispute over alleged code theft, and in a surprise twist they're now helping to 're-release' the game they said ripped them off",https://steamstore-a.akamaihd.net/news/externalpost/PC Gamer/5246188851835253220
346110,2024-03-23,Update,ARK: The Animated Series released with Free In-Game Cosmetics,https://steamstore-a.akamaihd.net/news/externalpost/steam_community_announcements/5686430301727214589
346110,2025-01-11,Update,Free Ark survival game hits another huge milestone weeks after launch,https://steamstore-a.akamaihd.net/news/externalpost/PCGamesN/1788311419085976
346110,2025-06-21,Update,"New Cannonical ARK Expansion, Lost Colony, Now Available on ASA!",https://steamstore-a.akamaihd.net/news/externalpost/steam_community_announcements/1802893906813375
346110,2025-07-14,Update,"ARK: Aquatica, Pre-Release Dip",https://steamstore-a.akamaihd.net/news/externalpost/steam_community_announcements/1805065414350218
1084600,2023-11-02,Release,Initial Release,https://store.steampowered.com/app/1084600
1084600,2023-12-01,Update,Devlog: 4th Week Post Launch,https://steamstore-a.akamaihd.net/news/externalpost/steam_community_announcements/5395937983664134869
1084600,2024-04-28,Update,DevLog: More About V1.3 Free Update,https://steamstore-a.akamaihd.net/news/externalpost/steam_community_announcements/5759616966674931564
1084600,2024-05-21,Update,Join Easily and Win Big! DLC Key Giveaway!,https://steamstore-a.akamaihd.net/news/externalpost/steam_community_announcements/5747233970436124878
1084600,2024-09-29,Update,Sandrock’s V1.4 Update Brings Fresh Romance on October 8!,https://steamstore-a.akamaihd.net/news/externalpost/steam_community_announcements/6339469370192529099
1084600,2024-10-31,Update,Love Chronicles DLC Available Now!,https://steamstore-a.akamaihd.net/news/externalpost/steam_community_announcements/6146943657173895427
1454400,2021-09-01,Release,Initial Release,https://store.steampowered.com/app/1454400
1454400,2021-12-17,Update,v. 2.043: Cookie Clicker Steam Workshop update,https://steamstore-a.akamaihd.net/news/externalpost/steam_community_announcements/5320438099041299897
1454400,2022-06-02,Update,v. 2.048: Cookie Clicker gets smart,https://steamstore-a.akamaihd.net/news/externalpost/steam_community_announcements/4469272893493086438
1454400,2023-05-08,Update,v. 2.052: Cookie Clicker gets you,https://steamstore-a.akamaihd.net/news/externalpost/steam_community_announcements/5138087875094657589
2619650,2025-04-30,Update,Dev Diary #8: We have a release date!,https://steamstore-a.akamaihd.net/news/externalpost/steam_community_announcements/1798454487571613
2619650,2025-05-21,Release,Initial Release,https://store.steampowered.com/app/2619650
1671210,2021-09-19,Update,"Deltarune Chapter 2 is free, but the next three chapters won't be",https://steamstore-a.akamaihd.net/news/externalpost/PC Gamer/5418383147748707653
1671210,2022-09-06,Update,Undertale successor Deltarune won't get a new chapter in 2022,https://steamstore-a.akamaihd.net/news/externalpost/PC Gamer/4606641560243051597
1671210,2023-10-31,Update,"Deltarune Chapter 3 is 'pretty much content complete' and will be releasing alongside Chapter 4, says creator Toby Fox",https://steamstore-a.akamaihd.net/news/externalpost/PC Gamer/5229301621594282497
1671210,2024-05-20,Update,"Undertale developer Toby Fox assures fans that Deltarune chapter 4 is underway, 'I don't want anyone to burn out waiting for this'",https://steamstore-a.akamaihd.net/news/externalpost/PC Gamer/5747233970432865854
1671210,2025-04-02,Update,"7 years after its debut, Deltarune chapters 3 and 4 are finally coming in June",https://steamstore-a.akamaihd.net/news/externalpost/PC Gamer/1795917897303494
1671210,2025-06-04,Release,Initial Release,https://store.steampowered.com/app/1671210
1787090,2021-11-25,Release,Initial Release,https://store.steampowered.com/app/1787090
2321470,2024-02-01,Update,Deep Rock Galactic: Survivor - Early Access Launch Feb. 14th,https://steamstore-a.akamaihd.net/news/externalpost/steam_community_announcements/5582843074940764325
2321470,2024-04-04,Update,Survivor Statistics! Early Access launch by the numbers,https://steamstore-a.akamaihd.net/news/externalpost/steam_community_announcements/5756237364307647194
2321470,2025-02-14,Update,Our anniversary ,https://steamstore-a.akamaihd.net/news/externalpost/steam_community_announcements/1791580425990723
2321470,2025-04-03,Update,Patch Notes 4.2 and Community Q&A,https://steamstore-a.akamaihd.net/news/externalpost/steam_community_announcements/1795917897322495
2321470,2025-07-04,Update,GEAR is coming in 1.0!,https://steamstore-a.akamaihd.net/news/externalpost/steam_community_announcements/1803527891763377
2321470,2025-09-04,Update,New Mission in 1.0!,https://steamstore-a.akamaihd.net/news/externalpost/steam_community_announcements/1809869180027645
2321470,2026-03-13,Update,"Deep Rock Galactic: Survivor is adding a bulldozing new class, while fellow spinoff Rogue Core gets an early access release date",https://steamstore-a.akamaihd.net/news/externalpost/rps/1826992588595310
2379780,2024-01-25,Update,🗓️BALATRO RELEASE DATE OUT!🗓️,https://steamstore-a.akamaihd.net/news/externalpost/steam_community_announcements/5519792046249040638
2379780,2024-02-20,Release,Initial Release,https://store.steampowered.com/app/2379780
404790,2016-02-23,Release,Initial Release,https://store.steampowered.com/app/404790
404790,2016-08-11,Update,Godot 2.1 stable is here!,https://steamstore-a.akamaihd.net/news/externalpost/steam_community_announcements/252584970554692185
404790,2018-02-09,Update,Godot 3.0 is now released on Steam!,https://steamstore-a.akamaihd.net/news/externalpost/steam_community_announcements/2363697377453211273
404790,2019-03-13,Update,Godot 3.1 is released! Coming to Steam in a few days,https://steamstore-a.akamaihd.net/news/externalpost/steam_community_announcements/2539373912624026094
404790,2020-01-30,Update,"Godot 3.2 is out, with quality as priority!",https://steamstore-a.akamaihd.net/news/externalpost/steam_community_announcements/2609208878380358236
404790,2021-04-21,Update,"Godot 3.3 has arrived, with a focus on optimization and reliability",https://steamstore-a.akamaihd.net/news/externalpost/steam_community_announcements/4074045244001739700
404790,2021-11-06,Update,Godot 3.4 is released with major features and UX polish,https://steamstore-a.akamaihd.net/news/externalpost/steam_community_announcements/4186652991117474705
404790,2022-08-05,Update,Godot 3.5: Can't stop won't stop,https://steamstore-a.akamaihd.net/news/externalpost/steam_community_announcements/4598757090454067283
404790,2023-03-02,Update,"Godot 4.0 is released, and will come to Steam in a few days!",https://steamstore-a.akamaihd.net/news/externalpost/steam_community_announcements/5070528176562657115
404790,2023-07-06,Update,"Godot 4.1 is here, smoother, more reliable, and with plenty of new features",https://steamstore-a.akamaihd.net/news/externalpost/steam_community_announcements/5124582150155967816
404790,2023-11-30,Update,Godot 4.2 arrives in style!,https://steamstore-a.akamaihd.net/news/externalpost/steam_community_announcements/5395937983660955692
404790,2024-08-15,Update,"Godot 4.3, a shared effort",https://steamstore-a.akamaihd.net/news/externalpost/steam_community_announcements/6909171012595426586
404790,2025-03-03,Update,"Godot 4.4, a unified experience",https://steamstore-a.akamaihd.net/news/externalpost/steam_community_announcements/1792751526151795
404790,2025-09-15,Update,"Godot 4.5, making dreams accessible",https://steamstore-a.akamaihd.net/news/externalpost/steam_community_announcements/1810503566558276
404790,2026-01-26,Update,Godot 4.6 – All about your flow,https://steamstore-a.akamaihd.net/news/externalpost/steam_community_announcements/1822556746167682
2707930,2024-03-25,Release,Initial Release,https://store.steampowered.com/app/2707930
2707930,2024-07-30,Update,Patch 0.182 - the Summer Serenade Update - is now available!,https://steamstore-a.akamaihd.net/news/externalpost/steam_community_announcements/5963413094367080491
2707930,2024-08-27,Update,Patch 0.183 - the Sunset Soiree - is now available!,https://steamstore-a.akamaihd.net/news/externalpost/steam_community_announcements/5875595438707020381
2707930,2024-09-24,Update,Patch 0.184 - the Autumn Awakening - is now available!,https://steamstore-a.akamaihd.net/news/externalpost/steam_community_announcements/6341720536521473968
2707930,2024-11-21,Update,Patch 0.186 - the Season of Splendor - is now available!,https://steamstore-a.akamaihd.net/news/externalpost/steam_community_announcements/1783872411989115
2707930,2024-12-17,Update,Patch 0.187 - the Holiday Homestead update - is now available!,https://steamstore-a.akamaihd.net/news/externalpost/steam_community_announcements/1785774543695379
2707930,2025-01-23,Update,Patch 0.188 - the New Beginnings update - is now available!,https://steamstore-a.akamaihd.net/news/externalpost/steam_community_announcements/1789580505317907
2707930,2025-02-18,Update,Patch 0.189 - the Kilima Couture update - is now available!,https://steamstore-a.akamaihd.net/news/externalpost/steam_community_announcements/1791580426133639
2707930,2025-03-25,Update,Patch 0.190 - the Tinker & Timber update - is now available!,https://steamstore-a.akamaihd.net/news/externalpost/steam_community_announcements/1794830911038380
2707930,2025-05-13,Update,The Elderwood Expansion is Now Available,https://steamstore-a.akamaihd.net/news/externalpost/steam_community_announcements/1799088287994927
2707930,2025-06-12,Update,Patch 0.192 - the Radiance Rising update - is now available!,https://steamstore-a.akamaihd.net/news/externalpost/steam_community_announcements/1802354289568318
2707930,2025-07-08,Update,Patch 0.193 - the Solstice Bloom update - is now available!,https://steamstore-a.akamaihd.net/news/externalpost/steam_community_announcements/1803527891902275
2707930,2025-08-18,Update,Patch 0.194 - the Botanical Bliss update - is now available!,https://steamstore-a.akamaihd.net/news/externalpost/steam_community_announcements/1808061939478617
2707930,2025-09-10,Update,Patch 0.195 - Fall Fantasy: Of Barns and Briars update - is now available!,https://steamstore-a.akamaihd.net/news/externalpost/steam_community_announcements/1810503566394992
2707930,2025-10-07,Update,Patch 0.196 - Fall Fantasy: The Spiritfest Spectacle update - is now available!,https://steamstore-a.akamaihd.net/news/externalpost/steam_community_announcements/1811772772644602
2707930,2025-11-04,Update,Patch 0.197 - Fall Fantasy: Home for the Harvest - is now available!,https://steamstore-a.akamaihd.net/news/externalpost/steam_community_announcements/1815034433041103
2707930,2025-12-09,Update,Patch 0.198 - Winter's Wonder: Home for Winterlights update - is now available!,https://steamstore-a.akamaihd.net/news/externalpost/steam_community_announcements/1818118366186286
2707930,2026-01-13,Update,Patch 0.199 - Winter's Wonder: Snowbound Sanctuary - is now available!,https://steamstore-a.akamaihd.net/news/externalpost/steam_community_announcements/1821288646588584
2707930,2026-02-03,Update,Patch 0.200 – Winter's Wonder: Riffrocin’ New Year - is now available!,https://steamstore-a.akamaihd.net/news/externalpost/steam_community_announcements/1823191198617485
2707930,2026-03-10,Update,“Mini” Dev Blog: The Next Expansion,https://steamstore-a.akamaihd.net/news/externalpost/steam_community_announcements/1826362059933467
1623730,2024-01-18,Release,Initial Release,https://store.steampowered.com/app/1623730
1623730,2025-01-14,Update,'He was trying his best'—Palworld had a lone server guy trying to keep the game afloat during its 2 million player launch,https://steamstore-a.akamaihd.net/news/externalpost/PC Gamer/1788311419175028
1623730,2025-03-12,Update,Palworld: Crossplay Update to be released in late March!,https://steamstore-a.akamaihd.net/news/externalpost/steam_community_announcements/1794014851389694
1623730,2025-05-12,Update,"Palworld v0.6: ""Tides of Terraria"" coming this summer! Worlds will collide!",https://steamstore-a.akamaihd.net/news/externalpost/steam_community_announcements/1799088287974274
1623730,2025-06-19,Update,"Palworld: Tides of Terraria will be released on Wednesday, June 25, 2025!",https://steamstore-a.akamaihd.net/news/externalpost/steam_community_announcements/1802893906745703
1623730,2025-09-15,Update,Palworld to exit early access and officially release (Ver 1.0) in 2026!,https://steamstore-a.akamaihd.net/news/externalpost/steam_community_announcements/1810503566562934
1623730,2025-12-16,Update,Palworld v0.7 - Home Sweet Home,https://steamstore-a.akamaihd.net/news/externalpost/steam_community_announcements/1819386365085520
1623730,2026-01-19,Update,【2nd Anniversary】 Special Video Unveiled Ahead of 2026 Official Release!!,https://steamstore-a.akamaihd.net/news/externalpost/steam_community_announcements/1821922921821052
252950,2015-07-06,Release,Initial Release,https://store.steampowered.com/app/252950
252950,2023-12-05,Update,Rocket League Season 13 Hits Rewind to the Turn of the Century!,https://steamstore-a.akamaihd.net/news/externalpost/steam_community_announcements/5395937983680024695
252950,2024-02-23,Update,Season 13 Rewards Feel the Beat,https://steamstore-a.akamaihd.net/news/externalpost/steam_community_announcements/5728086065186617071
252950,2024-03-23,Update,Support your Favorite Season Mode Teams in Rocket League City Slam!,https://steamstore-a.akamaihd.net/news/externalpost/steam_community_announcements/5686430301725692049
252950,2024-04-16,Update,Patch Notes v2.38,https://steamstore-a.akamaihd.net/news/externalpost/steam_community_announcements/5762994032385102282
252950,2024-05-31,Update,"Rocket League Season 15: Enter the Fun, Fret, and Fray of Salty Fest!",https://steamstore-a.akamaihd.net/news/externalpost/steam_community_announcements/5742731639334147156
252950,2024-06-25,Update,Patch Notes v2.41,https://steamstore-a.akamaihd.net/news/externalpost/steam_community_announcements/5842939267303735948
252950,2024-08-27,Update,Rocket League S15’s Season Rush Arrives + Season Rewards Unveiled!,https://steamstore-a.akamaihd.net/news/externalpost/steam_community_announcements/5875595438706836146
252950,2024-09-24,Update,Patch Notes v2.44,https://steamstore-a.akamaihd.net/news/externalpost/steam_community_announcements/6339469370176236509
252950,2024-10-22,Update,Patch Notes v2.45,https://steamstore-a.akamaihd.net/news/externalpost/steam_community_announcements/6212245217911770353
252950,2024-11-19,Update,Rocket League S16’s Season Rush Kicks Off!,https://steamstore-a.akamaihd.net/news/externalpost/steam_community_announcements/1783238125381294
252950,2025-03-05,Update,Button Mash through the Season 17 Rocket Pass in Rocket League’s Season Rush,https://steamstore-a.akamaihd.net/news/externalpost/steam_community_announcements/1793384379345775
252950,2025-06-11,Update,Time Travel through the Season 18 Rocket Pass in Rocket League’s Season Rush,https://steamstore-a.akamaihd.net/news/externalpost/steam_community_announcements/1802261838718984
252950,2025-09-13,Update,Head to the Boostfield Mall in Rocket League Season 20!,https://steamstore-a.akamaihd.net/news/externalpost/steam_community_announcements/1810503566486808
252950,2025-10-27,Update,Register for RLCS 2026 Today and Compete for a Share of the $6.1M Prize Pool!,https://steamstore-a.akamaihd.net/news/externalpost/steam_community_announcements/1814309641577662
252950,2025-12-03,Update,"Rocket League Drop Rush: Earn In-Game Items, Fuel the Next Season Hype!",https://steamstore-a.akamaihd.net/news/externalpost/steam_community_announcements/1818118366170770
252950,2026-03-06,Update,"Rocket League Season 22: Training, Rivalries & Rewards",https://steamstore-a.akamaihd.net/news/externalpost/steam_community_announcements/1826362059925057
2622380,2025-05-29,Release,Initial Release,https://store.steampowered.com/app/2622380
2622380,2025-06-19,Update,"Elden Ring: Nightreign’s Post-Launch Bosses Are Here, and They’re Brutal",https://steamstore-a.akamaihd.net/news/externalpost/CGMagazine/1802893906733092
2622380,2025-11-26,Update,Elden Ring Nightreign DLC's first new class looks great for book nerds and grubby old men lovers,https://steamstore-a.akamaihd.net/news/externalpost/rps/1817483467034667
1237970,2020-06-18,Release,Initial Release,https://store.steampowered.com/app/1237970
214950,2013-09-02,Release,Initial Release,https://store.steampowered.com/app/214950
214950,2017-11-30,Update,Total War: Rome 2 s Empire Divided DLC is out now,https://steamstore-a.akamaihd.net/news/externalpost/rps/2152021858897074521
214950,2018-07-19,Update,Total War: Rome 2 s Rise Of The Republic expansion takes us back to 399 BC,https://steamstore-a.akamaihd.net/news/externalpost/rps/2412125660635026403
214950,2018-08-09,Update,New DLC Available - Total War: ROME II - Rise of the Republic Campaign Pack,https://store.steampowered.com/news/42808/
214950,2019-02-26,Update,New Launcher Now Live,https://steamstore-a.akamaihd.net/news/externalpost/steam_community_announcements/2480825216206303507
214950,2020-09-29,Update,Total War: Rome 2 DLC guide,https://steamstore-a.akamaihd.net/news/externalpost/PCGamesN/3807188575844263899
214950,2021-03-01,Update,Popular Total War: Rome 2 mod Divide et Impera gets major update,https://steamstore-a.akamaihd.net/news/externalpost/PCGamesN/4060529371716845243
214950,2025-06-12,Update,Join us for the Total War 25th anniversary celebrations,https://steamstore-a.akamaihd.net/news/externalpost/steam_community_announcements/1802354289563805
214950,2025-12-01,Update,25th Anniversary Showcase Timings,https://steamstore-a.akamaihd.net/news/externalpost/steam_community_announcements/1817483467045776
39210,2014-02-18,Release,Initial Release,https://store.steampowered.com/app/39210
39210,2025-01-21,Update,Patch 7.16 Notes,https://steamstore-a.akamaihd.net/news/externalpost/steam_community_announcements/1789039014502159
39210,2025-02-26,Update,"Ahead of FF14 7.2, the Moogle Treasure Trove lets you grab some rare rewards",https://steamstore-a.akamaihd.net/news/externalpost/PCGamesN/1792751525980555
39210,2025-03-25,Update,Patch 7.2 is live!,https://steamstore-a.akamaihd.net/news/externalpost/steam_community_announcements/1794830911028841
39210,2025-04-22,Update,Patch 7.21 Notes,https://steamstore-a.akamaihd.net/news/externalpost/steam_community_announcements/1797185861796995
39210,2025-05-27,Update,Patch 7.25 Notes,https://steamstore-a.akamaihd.net/news/externalpost/steam_community_announcements/1800357164570840
39210,2025-07-02,Update,"FF14 Occult Crescent changes now coming before 7.3, thanks to emergency update",https://steamstore-a.akamaihd.net/news/externalpost/PCGamesN/1803527891712464
39210,2025-07-24,Update,Here's the FF14 7.3 release date and everything shown in Live Letter 88,https://steamstore-a.akamaihd.net/news/externalpost/PCGamesN/1806064758614771
39210,2025-08-27,Update,FF14 Fanfest dates for 2026 are confirmed as Square Enix prepares to unveil 8.0,https://steamstore-a.akamaihd.net/news/externalpost/PCGamesN/1809235871551200
39210,2025-09-26,Update,FF14 is going to have a tough time beating Monster Hunter Wilds' Omega update,https://steamstore-a.akamaihd.net/news/externalpost/PCGamesN/1811772772286021
39210,2025-10-31,Update,"Here's the FF14 7.4 release date and everything shown during Live Letter 89, and the MMO is answering my wildest hopes",https://steamstore-a.akamaihd.net/news/externalpost/PCGamesN/1815034432904141
39210,2025-12-05,Update,"Here's everything in FF14 7.4 shown during Live Letter 90, from surfer bros and glamour changes to Rage Against the Machine",https://steamstore-a.akamaihd.net/news/externalpost/PCGamesN/1818118366176653
39210,2026-01-02,Update,"FF14 director Yoshida adds fuel to my 8.0 theories as he promises that the MMO is ""ready to change"" in 2026",https://steamstore-a.akamaihd.net/news/externalpost/PCGamesN/1819386365118741
39210,2026-01-27,Update,Patch 7.41 Notes,https://steamstore-a.akamaihd.net/news/externalpost/steam_community_announcements/1822556746168880
39210,2026-03-03,Update,Patch 7.45 Notes,https://steamstore-a.akamaihd.net/news/externalpost/steam_community_announcements/1825727806719852
39210,2026-04-17,Update,"Here's everything in FF14 7.5 shown during Live Letter 92, including the return of Final Fantasy's most sinister villain",https://steamstore-a.akamaihd.net/news/externalpost/PCGamesN/1830163047260805
1066780,2019-11-06,Update,Transport Fever 2 receives official release date,https://steamstore-a.akamaihd.net/news/externalpost/steam_community_announcements/2448197582014850054
1066780,2019-12-11,Release,Initial Release,https://store.steampowered.com/app/1066780
1066780,2020-03-06,Update,Transport Fever 2 receives a next major update,https://steamstore-a.akamaihd.net/news/externalpost/steam_community_announcements/2579938650926657916
1066780,2020-06-16,Update,New game update receives release date,https://steamstore-a.akamaihd.net/news/externalpost/steam_community_announcements/3309530667994590955
1066780,2021-01-19,Update,Mac version receives official release date,https://steamstore-a.akamaihd.net/news/externalpost/steam_community_announcements/4483864038820563591
1066780,2021-06-15,Update,Summer update receives release date,https://steamstore-a.akamaihd.net/news/externalpost/steam_community_announcements/5019805792179385421
1066780,2021-07-08,Update,New major game update released,https://steamstore-a.akamaihd.net/news/externalpost/steam_community_announcements/4032392655113946301
1066780,2021-12-11,Update,Happy anniversary Transport Fever 2!,https://steamstore-a.akamaihd.net/news/externalpost/steam_community_announcements/4224936849658240330
1066780,2022-03-31,Update,Spring Update receives official release date,https://steamstore-a.akamaihd.net/news/externalpost/steam_community_announcements/4347669995460333039
1066780,2022-05-10,Update,Spring Update officially released,https://steamstore-a.akamaihd.net/news/externalpost/steam_community_announcements/4348799082207770929
1066780,2022-12-11,Update,Happy anniversary Transport Fever 2!,https://steamstore-a.akamaihd.net/news/externalpost/steam_community_announcements/4980448574119203561
1066780,2023-01-19,Update,Major game update and Deluxe Edition receive official release date,https://steamstore-a.akamaihd.net/news/externalpost/steam_community_announcements/5035621474410440542
1066780,2023-03-02,Update,Counting down to Launch Day,https://steamstore-a.akamaihd.net/news/externalpost/steam_community_announcements/5070528176562407668
1066780,2023-12-11,Update,Happy anniversary Transport Fever 2!,https://steamstore-a.akamaihd.net/news/externalpost/steam_community_announcements/5395938616809293613
1066780,2024-09-13,Update,Autumn Update receives official release date,https://steamstore-a.akamaihd.net/news/externalpost/steam_community_announcements/6250522009516912054
1066780,2024-12-11,Update,"Happy 5th Anniversary, Transport Fever 2!",https://steamstore-a.akamaihd.net/news/externalpost/steam_community_announcements/1785774543494415
2404880,2025-05-29,Release,Initial Release,https://store.steampowered.com/app/2404880
2404880,2026-03-19,Update,Xbox Series X | S Release,https://steamstore-a.akamaihd.net/news/externalpost/steam_community_announcements/1827626365754487
933110,2020-10-15,Release,Initial Release,https://store.steampowered.com/app/933110
933110,2022-03-15,Update,Age of Empires III: Definitive Edition — Update 13.690,https://steamstore-a.akamaihd.net/news/externalpost/steam_community_announcements/5631194088577008821
933110,2022-04-19,Update,Age of Empires III: Definitive Edition — Update 13.4412,https://steamstore-a.akamaihd.net/news/externalpost/steam_community_announcements/5493837466498107502
933110,2022-05-13,Update,Age Of Empires 3: DE's latest DLC adds a ‘casual-friendly’ game mode,"https://steamstore-a.akamaihd.net/news/externalpost/Rock, Paper, Shotgun/5849624375821947624"
933110,2022-06-07,Update,Age of Empires III: Definitive Edition — Update 13.10442,https://steamstore-a.akamaihd.net/news/externalpost/steam_community_announcements/4469272893511413613
933110,2022-08-16,Update,Age of Empires III: Definitive Edition - Update 13.18214,https://steamstore-a.akamaihd.net/news/externalpost/steam_community_announcements/4607764924168929461
933110,2022-10-17,Update,"Three Games, Three Events, and One Giant Anniversary Celebration!",https://steamstore-a.akamaihd.net/news/externalpost/steam_community_announcements/6402455182519850210
933110,2023-01-10,Update,Age of Empires III: Definitive Edition - Update 13.38085,https://steamstore-a.akamaihd.net/news/externalpost/steam_community_announcements/5035620387706780484
933110,2023-03-14,Update,Age of Empires III: Definitive Edition - Update 13.58326,https://steamstore-a.akamaihd.net/news/externalpost/steam_community_announcements/5070528810310992047
933110,2023-04-18,Update,Age of Empires III: Definitive Edition - Update 14.3853,https://steamstore-a.akamaihd.net/news/externalpost/steam_community_announcements/6539831519504542509
933110,2023-08-02,Update,Age of Empires III: Definitive Edition - Update 14.43676,https://steamstore-a.akamaihd.net/news/externalpost/steam_community_announcements/5124585319846529772
933110,2023-11-08,Update,Age of Empires III: Definitive Edition - Update 15.30007,https://steamstore-a.akamaihd.net/news/externalpost/steam_community_announcements/5302486387995210755
933110,2024-01-31,Update,Age of Empires III: Definitive Edition – Update 15.59076,https://steamstore-a.akamaihd.net/news/externalpost/steam_community_announcements/5582843074938667863
933110,2024-02-23,Update,Age of Empires 4 follows up series’ best-selling expansion yet with new season and free-for-all mode in spring,"https://steamstore-a.akamaihd.net/news/externalpost/Rock, Paper, Shotgun/5728086065186598292"
933110,2024-10-10,Update,Update: Age of Empires III: DE – DLC Delayed,https://steamstore-a.akamaihd.net/news/externalpost/steam_community_announcements/6931694080292483511
933110,2025-01-28,Update,Age of Empires III: Definitive Edition DLC News,https://steamstore-a.akamaihd.net/news/externalpost/steam_community_announcements/1789580505475316
2742830,2025-03-31,Update,Monster Train 2 is Steam Deck Verified ahead of release,https://steamstore-a.akamaihd.net/news/externalpost/GamingOnLinux/1795283637949597
2742830,2025-05-16,Update,Next Stop: Launch,https://steamstore-a.akamaihd.net/news/externalpost/steam_community_announcements/1799817379505622
2742830,2025-09-10,Update,Lost Arsenal Free Content Update Out Now!,https://steamstore-a.akamaihd.net/news/externalpost/steam_community_announcements/1810503566387881
2742830,2025-10-21,Update,Echoes from the Void Release Date and First Look,https://steamstore-a.akamaihd.net/news/externalpost/steam_community_announcements/1813674389110395
2742830,2026-01-28,Update,Destiny of the Railforged Launches on February 2nd!,https://steamstore-a.akamaihd.net/news/externalpost/steam_community_announcements/1823191198600270
505460,2018-04-04,Update,"Update 0.11 is Live! Trench Warfare Skirmish Map, Supply Drops, and More!",https://steamstore-a.akamaihd.net/news/externalpost/steam_community_announcements/2394101748795879820
505460,2018-04-25,Update,Update 0.12 is live! Armoured Car Urban Combat Vehicle,https://steamstore-a.akamaihd.net/news/externalpost/steam_community_announcements/2394103650885485235
505460,2018-05-18,Update,"Update 0.13 is Live! AT Rifle, North-South Conquest, and Game Balance",https://steamstore-a.akamaihd.net/news/externalpost/steam_community_announcements/2391853754539672469
505460,2018-06-14,Update,Update 0.14 is live! HUGE Amphibious Warfare Revamp,https://steamstore-a.akamaihd.net/news/externalpost/steam_community_announcements/2842216343260888737
505460,2018-07-23,Update,"Update 0.15 is live! Quality of Life, Emotes, and Footsteps",https://steamstore-a.akamaihd.net/news/externalpost/steam_community_announcements/2412125660649955466
505460,2018-08-27,Update,"Update 0.16 is live! Resource Mines, Operations Voice Chat, Combat Revamp",https://steamstore-a.akamaihd.net/news/externalpost/steam_community_announcements/2444779293802241205
505460,2018-09-26,Update,Major Update 0.17 : Industry of War is LIVE!,https://steamstore-a.akamaihd.net/news/externalpost/steam_community_announcements/2450412598619755893
505460,2018-10-24,Update,Update 0.18 : Dead Harvest (Zombie Mode),https://steamstore-a.akamaihd.net/news/externalpost/steam_community_announcements/2403127338426364377
505460,2018-11-15,Update,Update 0.19 : Refined Fuel & Advanced Mining,https://steamstore-a.akamaihd.net/news/externalpost/steam_community_announcements/3316234163914570219
505460,2022-03-03,Update,"Update 48 - New Uniforms, Grenade Launchers, and Quality of Life",https://steamstore-a.akamaihd.net/news/externalpost/steam_community_announcements/4247462367431236028
505460,2022-09-08,Update,Foxhole 1.0 Inferno Arrives Sep 28th,https://steamstore-a.akamaihd.net/news/externalpost/steam_community_announcements/4606641560249539979
505460,2024-04-05,Update,"Update 56 Released - Frigates, Submarines, & Facilities Overhaul",https://steamstore-a.akamaihd.net/news/externalpost/steam_community_announcements/5756237364312246314
505460,2024-07-16,Update,"Update 57 Released - Weather Revamp, New Logistics Ship, Quality of Life",https://steamstore-a.akamaihd.net/news/externalpost/steam_community_announcements/6000566704285240903
505460,2024-08-29,Update,Summer Update 2024 Released (Update 58),https://steamstore-a.akamaihd.net/news/externalpost/steam_community_announcements/6240387642455011346
505460,2025-03-27,Update,Update 60 Released - New Wars Have Begun,https://steamstore-a.akamaihd.net/news/externalpost/steam_community_announcements/1795283637823158
505460,2025-06-18,Update,"Update 61 Released - Builder Features, Bunker Breaching, Underground Fortress",https://steamstore-a.akamaihd.net/news/externalpost/steam_community_announcements/1802893906702100
505460,2025-08-28,Update,"Update 62 Released - Vehicle Logs, Quality of Life and UI Improvements",https://steamstore-a.akamaihd.net/news/externalpost/steam_community_announcements/1809235871591442
2113850,2024-04-08,Release,Initial Release,https://store.steampowered.com/app/2113850
2113850,2024-05-30,Update,Major Update 1.2.0: New Spirits and more!,https://steamstore-a.akamaihd.net/news/externalpost/steam_community_announcements/5742731639329999969
2113850,2024-06-27,Update,Update 1.3 and Supporter Pack!,https://steamstore-a.akamaihd.net/news/externalpost/steam_community_announcements/5842939267309570430
2113850,2024-08-05,Update,Major Update Coming August 26th!,https://steamstore-a.akamaihd.net/news/externalpost/steam_community_announcements/5963413728349841158
2113850,2024-08-26,Update,Update 1.4 Now Available!,https://steamstore-a.akamaihd.net/news/externalpost/steam_community_announcements/5875595438702744536
2113850,2025-01-28,Update,1.7 Update + Lunar New Year content is now LIVE!🏮🔴,https://steamstore-a.akamaihd.net/news/externalpost/steam_community_announcements/1789580505469435
2113850,2025-02-19,Update,"Cozy Kitchen Expansion coming March 26th, 2025!",https://steamstore-a.akamaihd.net/news/externalpost/steam_community_announcements/1792116353161652
2113850,2025-03-13,Update,Steam Spring Sale + Cozy Kitchen Expansion News! 🌸,https://steamstore-a.akamaihd.net/news/externalpost/steam_community_announcements/1794102528082059
2113850,2025-04-08,Update,🎉 Spirit City: Lofi Sessions - 1 Year Anniversary! 🎉,https://steamstore-a.akamaihd.net/news/externalpost/steam_community_announcements/1795917897484020
2113850,2025-07-10,Update,Summer Update - 1.11,https://steamstore-a.akamaihd.net/news/externalpost/steam_community_announcements/1803527891962214
2113850,2026-02-19,Update,A new Spirit from the Enchanted Garden DLC Appears!,https://steamstore-a.akamaihd.net/news/externalpost/steam_community_announcements/1825093633185526
2113850,2026-03-23,Update,Enchanted Garden DLC Is Out Now!,https://steamstore-a.akamaihd.net/news/externalpost/steam_community_announcements/1827626365763457
1145350,2024-04-26,Update,Hades 2 launch imminent following end of technical test,https://steamstore-a.akamaihd.net/news/externalpost/PCGamesN/5759616966669534932
1145350,2025-02-19,Update,"Hades 2 gets a giant new update, but the roguelike still can't share 1.0 plans",https://steamstore-a.akamaihd.net/news/externalpost/PCGamesN/1792116353169713
1145350,2025-07-24,Update,"Hades 2 gets another ""final update"" as Supergiant prepares for 1.0, which still doesn't have a date",https://steamstore-a.akamaihd.net/news/externalpost/VG247/1806064758623126
1145350,2025-09-12,Update,"The Hades 2 1.0 launch is locked in, and it's just a couple of weeks away",https://steamstore-a.akamaihd.net/news/externalpost/PCGamesN/1810503566454365
435150,2017-09-14,Release,Initial Release,https://store.steampowered.com/app/435150
435150,2019-11-08,Update,Divinity: Original Sin 2's free Order & Magic DLC makes it easier to keep a kitty as a pet,https://steamstore-a.akamaihd.net/news/externalpost/rps/2448197582023366095
435150,2021-05-19,Update,Divinity: Original Sin 2's iPad launch means roping in even more co-op pals,"https://steamstore-a.akamaihd.net/news/externalpost/Rock, Paper, Shotgun/4069544181425457723"
1599340,2022-02-11,Release,Initial Release,https://store.steampowered.com/app/1599340
1599340,2025-02-05,Update,Lost Ark Three Year Anniversary Gift,https://steamstore-a.akamaihd.net/news/externalpost/steam_community_announcements/1790848102591054
1599340,2025-03-25,Update,March 2025 Release Notes,https://steamstore-a.akamaihd.net/news/externalpost/steam_community_announcements/1794830911037441
1599340,2025-06-03,Update,Abyssal Assault: Kazeros Raid Act 3 Release Notes,https://steamstore-a.akamaihd.net/news/externalpost/steam_community_announcements/1800991756477905
1599340,2025-06-24,Update,June Update Release Notes,https://steamstore-a.akamaihd.net/news/externalpost/steam_community_announcements/1802893906898695
1599340,2025-07-22,Update,Welcome to Paradise Release Notes,https://steamstore-a.akamaihd.net/news/externalpost/steam_community_announcements/1805431065502028
1599340,2025-08-19,Update,Rise of the Valkyrie Release Notes,https://steamstore-a.akamaihd.net/news/externalpost/steam_community_announcements/1808061939506520
1599340,2025-09-16,Update,Rimeria Besieged Release Notes,https://steamstore-a.akamaihd.net/news/externalpost/steam_community_announcements/1810503566584891
1599340,2025-10-17,Update,Team Update - Kazeros Release Plans,https://steamstore-a.akamaihd.net/news/externalpost/steam_community_announcements/1813674388975593
1599340,2025-11-18,Update,Day of Prophecy Release Notes,https://steamstore-a.akamaihd.net/news/externalpost/steam_community_announcements/1816307528974338
1599340,2025-12-16,Update,Winter's Wrath Release Notes,https://steamstore-a.akamaihd.net/news/externalpost/steam_community_announcements/1818752592136567
1599340,2026-01-13,Update,Thaemine Extreme Release Notes,https://steamstore-a.akamaihd.net/news/externalpost/steam_community_announcements/1821288646588530
1599340,2026-02-03,Update,Guardians' Rage Release Notes,https://steamstore-a.akamaihd.net/news/externalpost/steam_community_announcements/1823191198617242
1599340,2026-03-10,Update,Ends of the Abyss Release Notes,https://steamstore-a.akamaihd.net/news/externalpost/steam_community_announcements/1826362059933357
1599340,2026-04-14,Update,The Shadows Rise Release Notes,https://steamstore-a.akamaihd.net/news/externalpost/steam_community_announcements/1829528821318276
251570,2024-05-28,Update,Version 1.0 Dev Stream,https://steamstore-a.akamaihd.net/news/externalpost/steam_community_announcements/5741605105626732221
251570,2024-06-20,Update,V1.0 Release Notes,https://steamstore-a.akamaihd.net/news/externalpost/steam_community_announcements/5759622039977429986
251570,2024-07-23,Update,V1.0 b330 EXP,https://steamstore-a.akamaihd.net/news/externalpost/steam_community_announcements/5963413094342827826
251570,2024-09-24,Update,V1.1 b14 EXP,https://steamstore-a.akamaihd.net/news/externalpost/steam_community_announcements/6341720536522148692
251570,2024-12-04,Update,V1.2 EXP,https://steamstore-a.akamaihd.net/news/externalpost/steam_community_announcements/1784506359224068
251570,2025-01-31,Update,V1.3 B6 Experimental,https://steamstore-a.akamaihd.net/news/externalpost/steam_community_announcements/1790214123130032
251570,2025-03-05,Update,V2.0 Storms Brewing Status Update,https://steamstore-a.akamaihd.net/news/externalpost/steam_community_announcements/1793384379354880
251570,2025-04-04,Update,V1.4 b8 EXP,https://steamstore-a.akamaihd.net/news/externalpost/steam_community_announcements/1795917897371837
251570,2025-05-29,Update,V2.0 Storm's Brewing Release Schedule,https://steamstore-a.akamaihd.net/news/externalpost/steam_community_announcements/1800991756316423
251570,2025-06-20,Update,V2.0 b289 EXP update,https://steamstore-a.akamaihd.net/news/externalpost/steam_community_announcements/1802893906777458
251570,2025-07-11,Update,V2.1 b7 EXP Update,https://steamstore-a.akamaihd.net/news/externalpost/steam_community_announcements/1805065414251618
251570,2025-08-01,Update,V2.2 b3 EXP,https://steamstore-a.akamaihd.net/news/externalpost/steam_community_announcements/1806698490728465
251570,2025-08-30,Update,V2.3 b8 EXP,https://steamstore-a.akamaihd.net/news/externalpost/steam_community_announcements/1809235871656477
251570,2025-09-28,Update,V2.4 EXP,https://steamstore-a.akamaihd.net/news/externalpost/steam_community_announcements/1811772772347088
251570,2025-12-08,Update,2.5 Survival Revival Update,https://steamstore-a.akamaihd.net/news/externalpost/steam_community_announcements/1818118366184252
251570,2026-02-25,Update,V2.6 EXP,https://steamstore-a.akamaihd.net/news/externalpost/steam_community_announcements/1825727806706209
251570,2026-03-20,Update,V2.6 b14 EXP Update,https://steamstore-a.akamaihd.net/news/externalpost/steam_community_announcements/1827626365759285
1361210,2022-11-30,Release,Initial Release,https://store.steampowered.com/app/1361210
1361210,2025-03-25,Update,"Warhammer 40,000: Darktide – Nightmares & Visions DLC (PC) Review",https://steamstore-a.akamaihd.net/news/externalpost/CGMagazine/1794830911041742
1361210,2025-10-27,Update,"The most brutal Warhammer 40k FPS just hit its lowest price yet, with a major update luring me in",https://steamstore-a.akamaihd.net/news/externalpost/PCGamesN/1814309641582000
1812620,2022-04-27,Update,DSX Steam Key (Pre-Release),https://steamstore-a.akamaihd.net/news/externalpost/steam_community_announcements/4348798430270198458
1812620,2022-06-23,Update,Less then 24 hours until launch! Required Steps to do after installing DSX.,https://steamstore-a.akamaihd.net/news/externalpost/steam_community_announcements/4474904295730004929
444090,2018-05-08,Release,Initial Release,https://store.steampowered.com/app/444090
444090,2022-01-31,Update,Season 5: Schism Update is now LIVE!,https://steamstore-a.akamaihd.net/news/externalpost/steam_community_announcements/4237326104334574923
444090,2023-02-23,Update,Season 6: Emergence Update,https://steamstore-a.akamaihd.net/news/externalpost/steam_community_announcements/5059268543357190265
444090,2023-06-21,Update,New in Paladins - Anniversary Update,https://steamstore-a.akamaihd.net/news/externalpost/steam_community_announcements/5124581515251228711
444090,2024-06-18,Update,Anniversary Event,https://steamstore-a.akamaihd.net/news/externalpost/steam_community_announcements/6890025005367463148
444090,2024-07-13,Update,Free multiplayer game Paladins launches a new PvE horde mode,https://steamstore-a.akamaihd.net/news/externalpost/PCGamesN/6000566704276224650
3910,2006-10-25,Release,Initial Release,https://store.steampowered.com/app/3910
3910,2019-04-08,Update,Firaxis dev releases mod that makes Civ 6 look like Civ 5,https://steamstore-a.akamaihd.net/news/externalpost/eurogamer/2508976515657962544
1158160,2023-07-06,Update,Small Update v0.5-10,https://steamstore-a.akamaihd.net/news/externalpost/steam_community_announcements/5124582150158290980
1158160,2023-08-04,Update,Ocean Guardian Charity DLC Pack going to be gone soon!,https://steamstore-a.akamaihd.net/news/externalpost/steam_community_announcements/5124585319852354699
1158160,2023-09-12,Update,Ocean Explorer Charity DLC Pack is OUT NOW FOR LIMITED TIME!,https://steamstore-a.akamaihd.net/news/externalpost/steam_community_announcements/5159491482926312576
1158160,2023-10-03,Update,Ocean Explorer Charity DLC Pack is leaving soon!,https://steamstore-a.akamaihd.net/news/externalpost/steam_community_announcements/5220292521175345662
1158160,2023-11-14,Release,Initial Release,https://store.steampowered.com/app/1158160
1158160,2024-07-22,Update,Coral Island 1.1 Available Now!,https://steamstore-a.akamaihd.net/news/externalpost/steam_community_announcements/5969041959981044658
1158160,2025-08-12,Update,1.2 Update Release Date!,https://steamstore-a.akamaihd.net/news/externalpost/steam_community_announcements/1807332909722348
1158160,2025-12-03,Update,"Coral Island v1.2b ""Haunted House & Minigames"" Out Now!",https://steamstore-a.akamaihd.net/news/externalpost/steam_community_announcements/1818118366171651
1119730,2021-01-14,Update,Ranch Sim Launches 4 March in Early Access!,https://steamstore-a.akamaihd.net/news/externalpost/steam_community_announcements/4483864038802935362
1119730,2021-02-18,Update,Two Weeks to go Until Launch! | New Screenshots,https://steamstore-a.akamaihd.net/news/externalpost/steam_community_announcements/4059402835310311618
1119730,2022-02-10,Update,Hunting Rifle + Quests Update Will Launch on 24 March!,https://steamstore-a.akamaihd.net/news/externalpost/steam_community_announcements/6154735015614508668
1119730,2023-10-12,Update,Unstable update - 0.971,https://steamstore-a.akamaihd.net/news/externalpost/steam_community_announcements/6438516944120867557
1119730,2023-11-03,Release,Initial Release,https://store.steampowered.com/app/1119730
1119730,2026-01-16,Update,77% Off This Weekend: Southwest Ranch & Farm DLC,https://steamstore-a.akamaihd.net/news/externalpost/steam_community_announcements/1821922921816736
582160,2017-10-26,Release,Initial Release,https://store.steampowered.com/app/582160
582160,2018-01-16,Update,Assassin s Creed Origins adds new quest leading into next week s paid DLC,https://steamstore-a.akamaihd.net/news/externalpost/rps/2747626897949437546
582160,2018-02-20,Update,"Assassin s Creed Origins launches tourist Discovery Mode today, also as a standalone",https://steamstore-a.akamaihd.net/news/externalpost/rps/3263292409710679978
582160,2018-04-19,Update,Assassin s Creed Origins launches cheaty tweaky Control Panel today,https://steamstore-a.akamaihd.net/news/externalpost/rps/2758894130312426099
582160,2020-05-15,Update,Epic Games Store launches a month-long Mega Sale,https://steamstore-a.akamaihd.net/news/externalpost/eurogamer/4742798899912413496
582160,2025-01-14,Update,Assassin's Creed Origins - Title Update 1.62 (Windows 11 update 24H2),https://steamstore-a.akamaihd.net/news/externalpost/steam_community_announcements/1788311419178864
544810,2020-04-15,Release,Initial Release,https://store.steampowered.com/app/544810
544810,2025-02-13,Update,First 2025 Expansion Tournament ahead!,https://steamstore-a.akamaihd.net/news/externalpost/steam_community_announcements/1791580425968836
544810,2025-03-07,Update,United Front: Mini-Set Spoiler Season Kick-Off!,https://steamstore-a.akamaihd.net/news/externalpost/steam_community_announcements/1793384379401755
544810,2025-04-15,Update,KARDS 5 Year Anniversary,https://steamstore-a.akamaihd.net/news/externalpost/steam_community_announcements/1796631172404074
544810,2025-05-22,Update,NAVAL WARFARE: NEW KARDS EXPANSION ARRIVES 18 JUNE,https://steamstore-a.akamaihd.net/news/externalpost/steam_community_announcements/1800357164405892
544810,2025-06-18,Update,Naval Warfare: The Summer 2025 Expansion Has Launched!,https://steamstore-a.akamaihd.net/news/externalpost/steam_community_announcements/1802893906704020
544810,2025-08-22,Update,"New KARDS Release ""Air Supremacy"" Takes Off This September",https://steamstore-a.akamaihd.net/news/externalpost/steam_community_announcements/1808601382474837
544810,2025-11-13,Update,KARDS Winter Expansion “Homefront” Spoiler Season Kicks Off,https://steamstore-a.akamaihd.net/news/externalpost/steam_community_announcements/1816307528917011
544810,2026-02-25,Update,KARDS Homefront - Early War - Mini-Set Launches March 10,https://steamstore-a.akamaihd.net/news/externalpost/steam_community_announcements/1825727806704415
544810,2026-04-15,Update,KARDS 6th Anniversary,https://steamstore-a.akamaihd.net/news/externalpost/steam_community_announcements/1830163047254569
1608450,2022-05-19,Update,Launch is one week away!,https://steamstore-a.akamaihd.net/news/externalpost/steam_community_announcements/4292505348825619642
1608450,2022-06-13,Update,"V1.2 - New items, momentums, Polish language and balance",https://steamstore-a.akamaihd.net/news/externalpost/steam_community_announcements/4480532686362285262
1608450,2022-07-08,Update,"Patch Note 1.4 Update - New powers, new skill tree, rework on objects.",https://steamstore-a.akamaihd.net/news/externalpost/steam_community_announcements/4539082035563022082
1608450,2025-05-28,Update,V 1.5 - big news for the future of HellSlave II,https://steamstore-a.akamaihd.net/news/externalpost/steam_community_announcements/1800991756281280
108600,2013-11-08,Release,Initial Release,https://store.steampowered.com/app/108600
108600,2024-12-18,Update,"Project Zomboid's new Build 42 update, 3 years in the making, is the biggest game release of 2024 for me—here's why",https://steamstore-a.akamaihd.net/news/externalpost/PC Gamer/1786409468857093
108600,2025-01-21,Update,42.1 UNSTABLE Released,https://steamstore-a.akamaihd.net/news/externalpost/steam_community_announcements/1789039014507745
108600,2025-06-30,Update,42.10 UNSTABLE Released,https://steamstore-a.akamaihd.net/news/externalpost/steam_community_announcements/1803527891638864
108600,2025-12-11,Update,Unstable 42 MP Released,https://steamstore-a.akamaihd.net/news/externalpost/steam_community_announcements/1818752592123010
581320,2018-12-12,Release,Initial Release,https://store.steampowered.com/app/581320
581320,2023-01-18,Update,Insurgency's 9 Year Anniversary Stream,https://steamstore-a.akamaihd.net/news/externalpost/steam_community_announcements/5035621474407976373
581320,2023-03-30,Update,UPDATE 1.14 OPERATION: ACCOLADE - RELEASE NOTES,https://steamstore-a.akamaihd.net/news/externalpost/steam_community_announcements/6839319551982360731
581320,2023-10-24,Update,Update 1.15 Operation: Onslaught - Release Notes,https://steamstore-a.akamaihd.net/news/externalpost/steam_community_announcements/5218041989061675601
581320,2024-06-11,Update,Update 1.16 Operation: Crisis - Release Notes,https://steamstore-a.akamaihd.net/news/externalpost/steam_community_announcements/5746109972567656491
581320,2024-11-27,Update,Update 1.17 - Operation: Resurgence Website is Live!,https://steamstore-a.akamaihd.net/news/externalpost/steam_community_announcements/1784506358983376
581320,2025-04-14,Update,Update 1.18 - Operation: Overrun Website is Live!,https://steamstore-a.akamaihd.net/news/externalpost/steam_community_announcements/1796631172381589
581320,2025-10-21,Update,Update 1.19 Operation: Shell Shock– Release Notes,https://steamstore-a.akamaihd.net/news/externalpost/steam_community_announcements/1813674389106119
581320,2026-02-24,Update,Update 1.20 Operation: Clear Sight – Release Notes,https://steamstore-a.akamaihd.net/news/externalpost/steam_community_announcements/1825093633198018
356190,2017-10-09,Release,Initial Release,https://store.steampowered.com/app/356190
356190,2018-02-06,Update,Middle-earth: Shadow of War gets new story expansion and big free features update,https://steamstore-a.akamaihd.net/news/externalpost/eurogamer/2363696743818243554
356190,2018-03-29,Update,The Desolation of Mordor DLC Releases May 8,https://steamstore-a.akamaihd.net/news/externalpost/steam_community_announcements/2383968106571118929
356190,2018-05-08,Update,Middle-earth: Shadow of War gets Desolation of Mordor story DLC,https://steamstore-a.akamaihd.net/news/externalpost/pcgamer/2394104285113777736
356190,2026-02-13,Update,My favorite action game of the last decade and its excellent DLC is now 91% off in this sale,https://steamstore-a.akamaihd.net/news/externalpost/PCGamesN/1824644522838517
648800,2019-04-25,Update,Update 9.04 - Out now!,https://steamstore-a.akamaihd.net/news/externalpost/steam_community_announcements/2432417221735769611
648800,2019-11-26,Update,"Raft - ""The First Chapter""",https://steamstore-a.akamaihd.net/news/externalpost/steam_community_announcements/2551782186251771967
648800,2020-10-01,Update,"Raft - ""The Second Chapter""",https://steamstore-a.akamaihd.net/news/externalpost/steam_community_announcements/3807188575849026229
648800,2022-06-20,Release,Initial Release,https://store.steampowered.com/app/648800
648800,2022-12-22,Update,1.09 - Update to network code,https://steamstore-a.akamaihd.net/news/externalpost/steam_community_announcements/5000716037442320483
648800,2026-03-10,Update,Raft 1.1: Cross-play sails to the default branch!,https://steamstore-a.akamaihd.net/news/externalpost/steam_community_announcements/1826362059932435
466170,2016-05-27,Release,Initial Release,https://store.steampowered.com/app/466170
466170,2024-10-04,Update,10 years Anniversary Event,https://steamstore-a.akamaihd.net/news/externalpost/steam_community_announcements/6350729003498560465
281990,2016-05-09,Release,Initial Release,https://store.steampowered.com/app/281990
281990,2025-09-02,Update,Stellaris' Shadows of the Shroud DLC takes cues from Baldur's Gate 3's big bad,https://steamstore-a.akamaihd.net/news/externalpost/PCGamesN/1809235871757498
281990,2025-09-23,Update,"Put on your tinfoil hats, as Stellaris' psionic new DLC is available now",https://steamstore-a.akamaihd.net/news/externalpost/PCGamesN/1811138915555087
281990,2025-11-20,Update,Dev Diary #405 - 4.2 “Corvus” & Infernals Species Pack Preliminary Release Notes,https://steamstore-a.akamaihd.net/news/externalpost/steam_community_announcements/1816849002010470
281990,2026-02-05,Update,Stellaris Dev Diary #410 - 4.3 Performance Comparisons,https://steamstore-a.akamaihd.net/news/externalpost/steam_community_announcements/1823825466496336
281990,2026-02-26,Update,Stellaris Dev Diary #411 - Our Next 4.3 Experiment,https://steamstore-a.akamaihd.net/news/externalpost/steam_community_announcements/1825727806707319
281990,2026-03-26,Update,"Stellaris Dev Diary #413 - 4.3 ‘Cetus’ Has Released, What’s Next?",https://steamstore-a.akamaihd.net/news/externalpost/steam_community_announcements/1827626365770287
379720,2016-05-12,Release,Initial Release,https://store.steampowered.com/app/379720
379720,2023-11-03,Update,John Romero and John Carmack are still buds and they're going to prove it by teaming up for a livestream celebrating Doom's 30th anniversary,https://steamstore-a.akamaihd.net/news/externalpost/PC Gamer/5288974951211115034
379720,2023-12-10,Update,"For Doom's 30th anniversary, the Johns Romero and Carmack reunited to celebrate the FPS that changed everything: 'I want to thank everybody in the Doom community for keeping this game alive'",https://steamstore-a.akamaihd.net/news/externalpost/PC Gamer/5395938616806882893
379720,2024-01-11,Update,Ducky releases just 666 units of hellishly good new Doom keyboard,https://steamstore-a.akamaihd.net/news/externalpost/PCGamesN/6300039510119545722
379720,2024-08-12,Update,Doom 2's first true expansion since the '90s showcases just how much modding has improved in 30 years,https://steamstore-a.akamaihd.net/news/externalpost/PC Gamer/5963414363406348588
379720,2024-09-25,Update,"After Bethesda kicked it off Doom's mod browser for 'real world politics', Thatcher's Techbase creators engage in masterful malicious compliance with a censored re-release",https://steamstore-a.akamaihd.net/news/externalpost/PC Gamer/6339469370178126299
379720,2025-04-18,Update,DOOM (2016) gets a surprise release on GOG with a big discount,https://steamstore-a.akamaihd.net/news/externalpost/GamingOnLinux/1797185861672705
2385530,2025-02-27,Release,Initial Release,https://store.steampowered.com/app/2385530
2385530,2025-08-06,Update,PGA TOUR 2K25 SEASON 3 IS HERE,https://steamstore-a.akamaihd.net/news/externalpost/steam_community_announcements/1807332909539025
2385530,2025-10-29,Update,PGA TOUR 2K25 SEASON 4 IS HERE,https://steamstore-a.akamaihd.net/news/externalpost/steam_community_announcements/1814942955105521
2385530,2026-01-21,Update,PGA TOUR 2K25 SEASON 5,https://steamstore-a.akamaihd.net/news/externalpost/steam_community_announcements/1822556746157234
2385530,2026-04-15,Update,PGA TOUR 2K25 SEASON 6 IS HERE,https://steamstore-a.akamaihd.net/news/externalpost/steam_community_announcements/1830163047255355
2336220,2024-02-20,Release,Initial Release,https://store.steampowered.com/app/2336220
2336220,2024-05-17,Update,"Chapter 5 internal testing is now open! 200,000 copies sold！",https://steamstore-a.akamaihd.net/news/externalpost/steam_community_announcements/5747233970421024393
2336220,2024-06-25,Update,Chapter Five content update,https://steamstore-a.akamaihd.net/news/externalpost/steam_community_announcements/5759622039993636865
2336220,2024-09-14,Update,【挑战模式】已更新至测试分支--“test_0.6.x”,https://steamstore-a.akamaihd.net/news/externalpost/steam_community_announcements/6250522009519885134
2336220,2024-12-05,Update,Chapter 6 open testing is now live!,https://steamstore-a.akamaihd.net/news/externalpost/steam_community_announcements/1785321795626783
2336220,2024-12-27,Update,"The open test for Chapter 6, Stage 3 is now available!",https://steamstore-a.akamaihd.net/news/externalpost/steam_community_announcements/1786573930872351
2336220,2025-01-17,Update,"The open test for Chapter 6, Level 4 is now available!",https://steamstore-a.akamaihd.net/news/externalpost/steam_community_announcements/1789039014358724
2336220,2025-04-26,Update,0.7test Content Update,https://steamstore-a.akamaihd.net/news/externalpost/steam_community_announcements/1797820624544962
2336220,2025-09-21,Update,Version 0.8 Official Update,https://steamstore-a.akamaihd.net/news/externalpost/steam_community_announcements/1811138915493729
2336220,2026-03-13,Update,The 0.9test internal build is now open!,https://steamstore-a.akamaihd.net/news/externalpost/steam_community_announcements/1826992588594757
322330,2016-04-21,Release,Initial Release,https://store.steampowered.com/app/322330
322330,2023-04-29,Update,"Don't Starve devours own Steam record, ten years after launch",https://steamstore-a.akamaihd.net/news/externalpost/PCGamesN/5133583642660187579
322330,2023-10-13,Update,Host of Horrors Content Update Arrives Next Week!,https://steamstore-a.akamaihd.net/news/externalpost/steam_community_announcements/6438516944125564549
2709570,2024-08-09,Release,Initial Release,https://store.steampowered.com/app/2709570
1938090,2022-10-27,Release,Initial Release,https://store.steampowered.com/app/1938090
1938090,2024-10-18,Update,RICOCHET Anti-Cheat™ Progress Report: Black Ops 6 launch,https://steamstore-a.akamaihd.net/news/externalpost/steam_community_announcements/6212244583179924908
1938090,2024-11-13,Update,RICOCHET Anti-Cheat™ Progress Report: Season 01 and Ranked Play,https://steamstore-a.akamaihd.net/news/externalpost/steam_community_announcements/1783238125191174
1938090,2025-01-22,Update,"Black Ops 6 Season 02: What you need to know, part 1",https://steamstore-a.akamaihd.net/news/externalpost/steam_community_announcements/1789580505281934
1938090,2025-02-18,Update,Black Ops 6 Season 02 Reloaded: All you need to know,https://steamstore-a.akamaihd.net/news/externalpost/steam_community_announcements/1791580426134116
1938090,2025-03-26,Update,Return to Verdansk: Massive intel drop ahead of Warzone Season 03 (part 1 of 3),https://steamstore-a.akamaihd.net/news/externalpost/steam_community_announcements/1795283637792589
1938090,2025-04-29,Update,Black Ops 6 Season 03 Reloaded: All the details,https://steamstore-a.akamaihd.net/news/externalpost/steam_community_announcements/1797820624628366
1938090,2025-05-20,Update,Stitch Returns in Season 04,https://steamstore-a.akamaihd.net/news/externalpost/steam_community_announcements/1799817379635039
1938090,2025-06-26,Update,Black Ops 6 Season 04 Reloaded: Full Intel,https://steamstore-a.akamaihd.net/news/externalpost/steam_community_announcements/1803527891514747
1938090,2025-07-29,Update,Call of Duty: Season 05: Heroes Hold the Line,https://steamstore-a.akamaihd.net/news/externalpost/steam_community_announcements/1806064758778330
1938090,2025-09-04,Update,Call of Duty: Black Ops 6 and Call of Duty: Warzone Season 05 Reloaded,https://steamstore-a.akamaihd.net/news/externalpost/steam_community_announcements/1809869180040374
1938090,2025-10-09,Update,The Haunting of Call of Duty: Season 06 - Now Live,https://steamstore-a.akamaihd.net/news/externalpost/steam_community_announcements/1813041031212308
1938090,2025-11-07,Update,Ready for Launch: Call of Duty: Black Ops 7 PC Info,https://steamstore-a.akamaihd.net/news/externalpost/steam_community_announcements/1815580768302723
1938090,2025-12-03,Update,Call of Duty: Black Ops 7 and Warzone Season 1 - All You Need to Know - Part 2,https://steamstore-a.akamaihd.net/news/externalpost/steam_community_announcements/1818118366171005
1938090,2026-01-29,Update,Black Ops 7 and Call of Duty: Warzone Season 02 - Part 1,https://steamstore-a.akamaihd.net/news/externalpost/steam_community_announcements/1823191198603393
1938090,2026-03-05,Update,Call of Duty: Black Ops 7 and Call of Duty: Warzone Season 02 Reloaded,https://steamstore-a.akamaihd.net/news/externalpost/steam_community_announcements/1826362059922866
1938090,2026-04-02,Update,Call of Duty: Black Ops 7 and Warzone - Season 3 - Live Now,https://steamstore-a.akamaihd.net/news/externalpost/steam_community_announcements/1828894815558305
1343400,2020-10-14,Release,Initial Release,https://store.steampowered.com/app/1343400
1343400,2023-09-07,Update,Runescape hit with review bombs on Steam following Hero Pass release,https://steamstore-a.akamaihd.net/news/externalpost/PCGamesN/5159491482908693488
1343400,2023-11-27,Update,Christmas Season Update - This Week In RuneScape,https://steamstore-a.akamaihd.net/news/externalpost/steam_community_announcements/5382426458991342813
1343400,2024-04-22,Update,Requiem For a Dragon Launch - This Week In RuneScape,https://steamstore-a.akamaihd.net/news/externalpost/steam_community_announcements/5762994032405488800
1343400,2024-10-31,Update,Group Ironman Launch - This Week In RuneScape,https://steamstore-a.akamaihd.net/news/externalpost/steam_community_announcements/6146943657173916136
1343400,2025-09-08,Update,RuneScape's First ever Leagues: CATALYST Launches September 15,https://steamstore-a.akamaihd.net/news/externalpost/steam_community_announcements/1809869180169360
1343400,2026-01-19,Update,"RuneScape details its plans to scrap its 'Treasure Hunter' microtransactions, rework combat, and dole out other 'integrity-focused releases' for its 25th anniversary",https://steamstore-a.akamaihd.net/news/externalpost/PC Gamer/1821922921822120
1343400,2026-03-13,Update,RuneScape’s Biggest Area Expansion Yet,https://steamstore-a.akamaihd.net/news/externalpost/steam_community_announcements/1826992588596116
1904540,2022-11-08,Release,Initial Release,https://store.steampowered.com/app/1904540
1904540,2022-12-01,Update,FM23 Major Update 23.2 Out Now,https://steamstore-a.akamaihd.net/news/externalpost/steam_community_announcements/4979322040017503327
1904540,2023-09-12,Update,FM24 Release Date Confirmed as November 6th,https://steamstore-a.akamaihd.net/news/externalpost/steam_community_announcements/5159491482927605863
2186680,2023-12-07,Release,Initial Release,https://store.steampowered.com/app/2186680
2186680,2024-09-24,Update,Warhammer 40k Rogue Trader DLC launches with new grimdark adventure,https://steamstore-a.akamaihd.net/news/externalpost/PCGamesN/6339469370176071090
2186680,2024-10-29,Update,Warhammer 40k Rogue Trader DLC dev asks fans to have their say,https://steamstore-a.akamaihd.net/news/externalpost/PCGamesN/6212245217911994161
2186680,2025-01-24,Update,"""DLC of your dreams"" community survey - give us your feedback!",https://steamstore-a.akamaihd.net/news/externalpost/steam_community_announcements/1789580505345289
2186680,2025-02-25,Update,Exclusive Unreleased Soundtrack,https://steamstore-a.akamaihd.net/news/externalpost/steam_community_announcements/1792116353357981
2186680,2025-04-25,Update,Lex Imperialis Expansion - Meet the Familiars!,https://steamstore-a.akamaihd.net/news/externalpost/steam_community_announcements/1797820624495950
2186680,2025-05-23,Update,Heavy Metal Rogue Trader Song is released by Jonathan Young & RichaadEB!,https://steamstore-a.akamaihd.net/news/externalpost/steam_community_announcements/1800357164449398
2186680,2025-10-28,Update,Update 1.5 - A Deep Dive Article,https://steamstore-a.akamaihd.net/news/externalpost/steam_community_announcements/1814309641610587
2186680,2025-12-05,Update,Community Survey: Major Update 1.5 and Lex Imperialis DLC,https://steamstore-a.akamaihd.net/news/externalpost/steam_community_announcements/1818118366176966
2186680,2025-12-26,Update,A New Survey! Help us Improve the Future DLCs,https://steamstore-a.akamaihd.net/news/externalpost/steam_community_announcements/1819386365109255
2186680,2026-02-27,Update,"Музей Тразина Неисчислимого: Представлен тизер DLC The Infinite Museion для Warhammer 40,000: Rogue Trader",https://steamstore-a.akamaihd.net/news/externalpost/Gamemag.ru/1825727806711362
1085660,2019-10-01,Release,Initial Release,https://store.steampowered.com/app/1085660
1085660,2025-07-18,Update,"With Steam launch concurrents at an all-time low for Destiny 2's latest expansion, I think Bungie is finally paying the price for years of mistakes—the biggest being the time it removed paid content",https://steamstore-a.akamaihd.net/news/externalpost/PC Gamer/1805431065374407
1085660,2025-09-09,Update,"Watch: Destiny 2's next Star Wars-themed expansion has a Sarlacc pit, twirling light sabers, AT-ST walkers and—oh boy—Han Solo's blaster",https://steamstore-a.akamaihd.net/news/externalpost/PC Gamer/1809869180208198
1085660,2025-10-07,Update,"As Destiny 2 hits its lowest ever daily peak for Steam concurrent players, Bungie U-turns on controversial plan to reset player power next season",https://steamstore-a.akamaihd.net/news/externalpost/PC Gamer/1811772772642619
1085660,2025-11-17,Update,Bungie and sci-fi author settle lawsuit over alleged plagiarism of his old Wordpress stories for Destiny 2's launch campaign,https://steamstore-a.akamaihd.net/news/externalpost/PC Gamer/1816307528970614
2050650,2023-03-23,Release,Initial Release,https://store.steampowered.com/app/2050650
2050650,2023-09-14,Update,"The RE4 DLC ""Separate Ways"" launches 9/21! A free update is also coming!",https://steamstore-a.akamaihd.net/news/externalpost/steam_community_announcements/5480373588784685560
2050650,2025-06-06,Update,"The highly anticipated Resident Evil Requiem releases on February 27, 2026!",https://steamstore-a.akamaihd.net/news/externalpost/steam_community_announcements/1801617199444654
2050650,2025-10-29,Update,"Launching on Feb 27, 2026! Pre-order now! Also info on pre-order bonus!",https://steamstore-a.akamaihd.net/news/externalpost/steam_community_announcements/1815034432855902
1240440,2021-11-15,Release,Initial Release,https://store.steampowered.com/app/1240440
438100,2017-02-01,Release,Initial Release,https://store.steampowered.com/app/438100
1934680,2024-09-04,Release,Initial Release,https://store.steampowered.com/app/1934680
1934680,2024-09-26,Update,"Age of Mythology's least-loved expansion looks like it's had an overhaul in its remastered version, and we'll be able to play as China 'soon'",https://steamstore-a.akamaihd.net/news/externalpost/PC Gamer/6339469370181827612
1934680,2024-11-07,Update,Age of Mythology: Retold Update 17.43876,https://steamstore-a.akamaihd.net/news/externalpost/steam_community_announcements/6148070194801603056
1934680,2024-12-11,Update,Age of Mythology: Retold Update 17.54147,https://steamstore-a.akamaihd.net/news/externalpost/steam_community_announcements/1785774543499403
1934680,2025-01-23,Update,Age of Mythology: Retold Update 17.64528,https://steamstore-a.akamaihd.net/news/externalpost/steam_community_announcements/1789580505313325
1934680,2025-02-27,Update,Age of Mythology: Retold Update 18.7603,https://steamstore-a.akamaihd.net/news/externalpost/steam_community_announcements/1792751526015628
1934680,2025-03-20,Update,Age of Mythology: Retold Update 18.12962,https://steamstore-a.akamaihd.net/news/externalpost/steam_community_announcements/1794102528307743
1934680,2025-04-24,Update,Age of Mythology: Retold Update 18.21333,https://steamstore-a.akamaihd.net/news/externalpost/steam_community_announcements/1797820624466688
1934680,2025-05-20,Update,Age of Mythology: Retold Update 18.27100,https://steamstore-a.akamaihd.net/news/externalpost/steam_community_announcements/1799817379635015
1934680,2025-06-17,Update,Age of Mythology: Retold Update 18.33318,https://steamstore-a.akamaihd.net/news/externalpost/steam_community_announcements/1802354289730198
1934680,2025-07-31,Update,Age of Mythology: Retold Update 18.40371,https://steamstore-a.akamaihd.net/news/externalpost/steam_community_announcements/1806698490688298
1934680,2025-09-26,Update,Find Out When Heavenly Spear Launches in Your Time Zone!,https://steamstore-a.akamaihd.net/news/externalpost/steam_community_announcements/1811772772289640
1934680,2025-10-23,Update,Age of Mythology: Retold Update 18.52475,https://steamstore-a.akamaihd.net/news/externalpost/steam_community_announcements/1814309641446981
1934680,2025-11-20,Update,Age of Mythology: Retold Update 18.56738,https://steamstore-a.akamaihd.net/news/externalpost/steam_community_announcements/1816849002011884
1934680,2025-12-18,Update,Pre-order the Expansion Pass for Age of Mythology: Retold Now!,https://steamstore-a.akamaihd.net/news/externalpost/steam_community_announcements/1819386365091710
1934680,2026-01-27,Update,Demeter Unlocks with the Expansion Pass on February 10th!,https://steamstore-a.akamaihd.net/news/externalpost/steam_community_announcements/1822556746169738
1934680,2026-03-05,Update,Age of Mythology: Retold Update 19.3090,https://steamstore-a.akamaihd.net/news/externalpost/steam_community_announcements/1826362059922168
701160,2018-12-11,Release,Initial Release,https://store.steampowered.com/app/701160
701160,2024-10-01,Update,Call of Olympus - Release Stream,https://steamstore-a.akamaihd.net/news/externalpost/steam_community_announcements/6339469370200505216
701160,2025-05-14,Update,"Developer Update: Free Content Update, Celebrate 10 Years, ""New Greed or Mount?""",https://steamstore-a.akamaihd.net/news/externalpost/steam_community_announcements/1799722702495535
701160,2025-09-18,Update,🎉 Celebrate with the 10th Rulerversary Major Update - Coming October 6th! 🎉,https://steamstore-a.akamaihd.net/news/externalpost/steam_community_announcements/1811138915401716
1267910,2021-11-18,Release,Initial Release,https://store.steampowered.com/app/1267910
1267910,2021-12-13,Update,All Aboard! Destination: v1.1,https://steamstore-a.akamaihd.net/news/externalpost/steam_community_announcements/4224936849666971829
1267910,2022-03-22,Update,Melvor Idle Expansion 1 Live Stream and AMA on 7 April (7:30pm EST),https://steamstore-a.akamaihd.net/news/externalpost/steam_community_announcements/4258723269502655262
1267910,2022-07-11,Update,Expansion Details: 120 Non-Combat,https://steamstore-a.akamaihd.net/news/externalpost/steam_community_announcements/4539082035574079071
1267910,2022-08-17,Update,Expansion Details - 120 Combat,https://steamstore-a.akamaihd.net/news/externalpost/steam_community_announcements/4584121659777446727
1267910,2022-09-29,Update,Expansion Details: Everything We Missed,https://steamstore-a.akamaihd.net/news/externalpost/steam_community_announcements/4588629064110451795
1267910,2023-04-11,Update,Major Update - Township Rework - v1.1.2,https://steamstore-a.akamaihd.net/news/externalpost/steam_community_announcements/5132456474582050779
1267910,2023-09-04,Update,Game Update [v1.2] & Melvor Idle's 4th Birthday!,https://steamstore-a.akamaihd.net/news/externalpost/steam_community_announcements/5141476355671021414
1267910,2024-05-15,Update,Melvor Idle: Into the Abyss releases 13 June 2024! Details inside.,https://steamstore-a.akamaihd.net/news/externalpost/steam_community_announcements/5747233970416948143
1267910,2024-06-10,Update,Major Update - v1.3,https://steamstore-a.akamaihd.net/news/externalpost/steam_community_announcements/5746109972565507295
1267910,2024-07-02,Update,Game Update - 3 July 2024 - v1.3 ?11550,https://steamstore-a.akamaihd.net/news/externalpost/steam_community_announcements/5842939267329602613
3167550,2025-01-17,Update,📢 Tiny Pasture set to release on February 18!,https://steamstore-a.akamaihd.net/news/externalpost/steam_community_announcements/1789039014362438
3167550,2025-02-12,Update,📢One Week Countdown to Launch! Get Ready to Meet Your Adorable Animals on Feb18,https://steamstore-a.akamaihd.net/news/externalpost/steam_community_announcements/1791482680851839
3167550,2025-04-03,Update,Free DLC – Grab It Now and Take Baabaa & Moomoo Home!,https://steamstore-a.akamaihd.net/news/externalpost/steam_community_announcements/1795917897331148
3167550,2025-06-18,Update,🐟 Over 30 New Fish! Azure Waters DLC Launches Today!,https://steamstore-a.akamaihd.net/news/externalpost/steam_community_announcements/1802893906702143
287700,2015-09-01,Release,Initial Release,https://store.steampowered.com/app/287700
287700,2015-10-23,Update,"Metal Gear Solid V s Costume DLC Is Out, Bugged, Tacky",https://steamstore-a.akamaihd.net/news/externalpost/rps/371904442453972229
287700,2015-11-13,Update,Metal Gear Online Global Championship launches next month,https://steamstore-a.akamaihd.net/news/externalpost/pcgamer/378661646687586715
287700,2016-01-19,Update,Metal Gear Online Officially Launches for PC,https://steamstore-a.akamaihd.net/news/externalpost/steam_community_announcements/341512658325819733
1659040,2022-01-20,Release,Initial Release,https://store.steampowered.com/app/1659040
1659040,2024-01-03,Update,This fantastic Hitman 3 fan-briefing needs to be a real DLC mission,https://steamstore-a.akamaihd.net/news/externalpost/PCGamesN/5410576585177184837
1659040,2025-03-27,Update,Hitman World of Assassination Launches on PS VR2 with Exclusive VR Features,https://steamstore-a.akamaihd.net/news/externalpost/CGMagazine/1795283637823627
1659040,2025-09-11,Update,"Hitman: Contracts will be part of ""BAFTA Games in Concert""!",https://steamstore-a.akamaihd.net/news/externalpost/steam_community_announcements/1810503566416807
1659040,2025-10-17,Update,Hitman World of Assassination Gets a Special 25th Anniversary Edition,https://steamstore-a.akamaihd.net/news/externalpost/CGMagazine/1813674388973129
1659040,2026-03-09,Update,Patient Zero Requiem is the highest rated Elusive Target DLC on Steam,https://steamstore-a.akamaihd.net/news/externalpost/steam_community_announcements/1826362059930167
1659040,2026-04-07,Update,HITMAN: The Board Game is launching April 30th!,https://steamstore-a.akamaihd.net/news/externalpost/steam_community_announcements/1828894815567133
2157560,2023-12-10,Update,4 days to go until GBVSR releases! ⏰,https://steamstore-a.akamaihd.net/news/externalpost/steam_community_announcements/5395938616804435465
2157560,2024-06-17,Update,Beatrix Adjustments Coming to Version 1.42,https://steamstore-a.akamaihd.net/news/externalpost/steam_community_announcements/6890025005362857626
2157560,2024-08-15,Update,Battle Seasons and Grand Master Rank Coming to Version 1.50,https://steamstore-a.akamaihd.net/news/externalpost/steam_community_announcements/6909171012595157388
2157560,2024-09-30,Update,Battle Season 2 begins today!,https://steamstore-a.akamaihd.net/news/externalpost/steam_community_announcements/6339469370196855355
2157560,2024-10-24,Update,Vikala Joins GBVSR Roster in Version 1.60 Update,https://steamstore-a.akamaihd.net/news/externalpost/steam_community_announcements/6212245217911839223
2157560,2024-11-30,Update,Battle Season 3 begins today!,https://steamstore-a.akamaihd.net/news/externalpost/steam_community_announcements/1784506359081544
2157560,2025-01-31,Update,Battle Season 4 begins today!,https://steamstore-a.akamaihd.net/news/externalpost/steam_community_announcements/1790214123117933
2157560,2025-03-03,Update,Version 2.00 is Live!,https://steamstore-a.akamaihd.net/news/externalpost/steam_community_announcements/1792751526157992
2157560,2025-03-31,Update,Battle Season 5 begins today!,https://steamstore-a.akamaihd.net/news/externalpost/steam_community_announcements/1795283637951623
2157560,2025-05-27,Update,Battle Season 6 begins today!,https://steamstore-a.akamaihd.net/news/externalpost/steam_community_announcements/1800991756265758
2157560,2025-07-31,Update,Battle Season 7 begins today!,https://steamstore-a.akamaihd.net/news/externalpost/steam_community_announcements/1806698490685185
2157560,2025-10-14,Update,Version 2.30 Out Now!,https://steamstore-a.akamaihd.net/news/externalpost/steam_community_announcements/1813674388892214
2157560,2025-11-30,Update,Battle Season 9 begins today!,https://steamstore-a.akamaihd.net/news/externalpost/steam_community_announcements/1817483467044212
2157560,2026-01-30,Update,Battle Season 10 begins today!,https://steamstore-a.akamaihd.net/news/externalpost/steam_community_announcements/1823191198606929
2157560,2026-03-16,Update,Version 2.51 Now Live,https://steamstore-a.akamaihd.net/news/externalpost/steam_community_announcements/1826992588602727
1263850,2020-11-10,Update,How Football Manager is tackling the strangest of seasons,https://steamstore-a.akamaihd.net/news/externalpost/eurogamer/3887130640410508775
1263850,2020-12-17,Update,Football Manager 21.2 Major Update Out Now!,https://steamstore-a.akamaihd.net/news/externalpost/steam_community_announcements/4090922416496550024
1366800,2020-08-17,Release,Initial Release,https://store.steampowered.com/app/1366800
916440,2019-01-24,Update,Anno 1800 releases April 16th,https://steamstore-a.akamaihd.net/news/externalpost/steam_community_announcements/2425653583382769444
916440,2019-04-16,Release,Initial Release,https://store.steampowered.com/app/916440
916440,2019-07-19,Update,City builder Anno 1800's sizeable Sunken Treasure DLC expansion out this month,https://steamstore-a.akamaihd.net/news/externalpost/eurogamer/2413284533097260158
916440,2019-09-10,Update,You can build your own botanical garden in Anno 1800's latest DLC expansion,https://steamstore-a.akamaihd.net/news/externalpost/eurogamer/2413289226974322378
916440,2019-12-11,Update,"Anno 1800 - Dritter DLC ""Die Passage"" führt euch in die frostige Arktis",https://steamstore-a.akamaihd.net/news/externalpost/pressakey.com/3667572003468853155
916440,2020-03-09,Update,"Anno 1800 - Zweiter ""Season Pass"" mit frischen Inhalten vorgestellt",https://steamstore-a.akamaihd.net/news/externalpost/pressakey.com/3667572003468852633
916440,2020-06-04,Update,"Anno 1800 - Neuer DLC ""Reiche Ernte"" stellt die Landwirtschaft in den Fokus",https://steamstore-a.akamaihd.net/news/externalpost/pressakey.com/3667572003468851739
916440,2020-11-19,Update,Anno 1800 devs tease an unexpected third expansion pass,https://steamstore-a.akamaihd.net/news/externalpost/PCGamesN/3856732611031388330
916440,2021-02-10,Update,"Anno 1800 - Dritter ""Season Pass"" liefert neue Inhalte für die ""Alte Welt""",https://steamstore-a.akamaihd.net/news/externalpost/pressakey.com/4053772703629189002
916440,2021-05-26,Update,"Anno 1800 - Neuer DLC ""Reisezeit"" eröffnet die Tourismus-Saison",https://steamstore-a.akamaihd.net/news/externalpost/pressakey.com/4069544815356839586
916440,2021-12-06,Update,Anno 1800 gets a fourth season pass after drawing two million city builder fans,https://steamstore-a.akamaihd.net/news/externalpost/Strategy Gamer/4224936215399175700
916440,2022-03-29,Update,Anno 1800's 4th season pass adds 3 DLC packs this year,https://steamstore-a.akamaihd.net/news/externalpost/PCGamesN/4258723269527580416
916440,2023-01-19,Update,Game Update 16.1 - Release Notes,https://steamstore-a.akamaihd.net/news/externalpost/steam_community_announcements/5035621474410761420
916440,2023-03-31,Update,Game Update 17 - Release Notes,https://steamstore-a.akamaihd.net/news/externalpost/steam_community_announcements/6839319551985350621
916440,2023-05-12,Update,DevBlog: The “Fiesta” Pack Cosmetic DLC,https://steamstore-a.akamaihd.net/news/externalpost/steam_community_announcements/6557848386945255559
916440,2023-08-14,Update,Game Update 18 - Release Notes,https://steamstore-a.akamaihd.net/news/externalpost/steam_community_announcements/5839532486225291579
916440,2023-11-02,Update,The Eldritch Pack Cosmetic DLC,https://steamstore-a.akamaihd.net/news/externalpost/steam_community_announcements/5288974951206078904
916440,2024-05-07,Update,Anno 1800 (PC): Game Update 18.2,https://steamstore-a.akamaihd.net/news/externalpost/steam_community_announcements/5766372999962285457
916440,2024-09-12,Update,DevBlog: The “Pirate Cove” Pack CDLC,https://steamstore-a.akamaihd.net/news/externalpost/steam_community_announcements/6250522009513582139
916440,2024-11-29,Update,DevBlog: The “End of an Era” Pack CDLC,https://steamstore-a.akamaihd.net/news/externalpost/steam_community_announcements/1784506359052108
1817070,2022-08-09,Update,Spider-Man Remastered PC launch times are here,https://steamstore-a.akamaihd.net/news/externalpost/PC Gamer/4607764924145151443
1817070,2024-06-27,Update,AMD FSR 3.1 is now available in Marvel's Spider-Man Remastered,https://steamstore-a.akamaihd.net/news/externalpost/steam_community_announcements/5842939267309823501
573090,2020-09-17,Release,Initial Release,https://store.steampowered.com/app/573090
573090,2024-01-31,Update,v1.10.0 - The Rod Fishing Major Update!,https://steamstore-a.akamaihd.net/news/externalpost/steam_community_announcements/5582843074937695451
573090,2024-05-01,Update,One Week to Commercial Fishing Major Update!,https://steamstore-a.akamaihd.net/news/externalpost/steam_community_announcements/5766372999940387655
573090,2024-08-14,Update,v1.12.0 - The Lobster Pot Major Update!,https://steamstore-a.akamaihd.net/news/externalpost/steam_community_announcements/5875594803674731595
573090,2024-11-13,Update,Modding Major Update + Dev Q&A!,https://steamstore-a.akamaihd.net/news/externalpost/steam_community_announcements/1783238125192072
573090,2025-03-12,Update,v1.14.0 - The Sailing Major Update - OUT NOW!,https://steamstore-a.akamaihd.net/news/externalpost/steam_community_announcements/1794014851395592
489830,2016-10-27,Release,Initial Release,https://store.steampowered.com/app/489830
489830,2021-11-12,Update,"Skyrim Anniversary Edition's new quests are good, but the best parts are hidden in journals",https://steamstore-a.akamaihd.net/news/externalpost/PC Gamer/4971405952705956141
489830,2022-07-04,Update,Co-op mod Skyrim Together Reborn gets a release date,https://steamstore-a.akamaihd.net/news/externalpost/PC Gamer/4474904295768993111
489830,2022-11-13,Update,Saints & Seducers Extended Cut makes Skyrim Anniversary Edition worthwhile at last,https://steamstore-a.akamaihd.net/news/externalpost/PC Gamer/6368680725433955425
489830,2022-12-04,Update,"DLC-sized Skyrim mod adds fully voiced 'Bioware-style' companions, over 9,000 lines of dialogue",https://steamstore-a.akamaihd.net/news/externalpost/PC Gamer/4979322040029578490
489830,2024-12-08,Update,Skyrim Special Edition's Community Shaders mod just hit 1.0 and became an essential graphical upgrade,https://steamstore-a.akamaihd.net/news/externalpost/PC Gamer/1785321795721484
489830,2025-01-01,Update,Skyblivion only has one region of the map left to finish: 'We are nearly ready to release an entirely remastered Elder Scrolls game',https://steamstore-a.akamaihd.net/news/externalpost/PC Gamer/1786573931053125
489830,2025-10-31,Update,Find your next Skyrim adventure in these mini DLC-sized Creations!,https://steamstore-a.akamaihd.net/news/externalpost/steam_community_announcements/1815034432906499
489830,2026-03-24,Update,Popular Skyrim mod returns after 9 years with a major update and a full source code release to keep it relevant 'for many years to come',https://steamstore-a.akamaihd.net/news/externalpost/PC Gamer/1827626365766722
346900,2015-03-30,Release,Initial Release,https://store.steampowered.com/app/346900
346900,2015-05-07,Update,Space Expansion: OS X Issue Update,https://steamstore-a.akamaihd.net/news/externalpost/steam_community_announcements/518256108449411653
346900,2015-07-23,Update,Today's Launch! PLEASE READ!,https://steamstore-a.akamaihd.net/news/externalpost/steam_community_announcements/423687491904568254
346900,2015-11-18,Update,2.2 Dev Notes,https://steamstore-a.akamaihd.net/news/externalpost/steam_community_announcements/378661646706407983
346900,2015-12-09,Update,2.3 Update: Holiday Event - ‘A Capitalist Carol’,https://steamstore-a.akamaihd.net/news/externalpost/steam_community_announcements/377538283354912530
346900,2016-01-05,Update,New Years Event - ‘New You Resolutions’ (V 2.4),https://steamstore-a.akamaihd.net/news/externalpost/steam_community_announcements/341510664159688568
346900,2016-02-11,Update,"3.0 Launch and ""For the Love of Money"" Live Event",https://steamstore-a.akamaihd.net/news/externalpost/steam_community_announcements/295353300235995574
346900,2016-04-05,Update,UPDATE! 3.2 UPDATE: Super Hero Event - 'The Root of All Evil',https://steamstore-a.akamaihd.net/news/externalpost/steam_community_announcements/4249665521681394440
346900,2016-04-26,Update,"3.3 Update & Live Event ""Live Rich and Profit""",https://steamstore-a.akamaihd.net/news/externalpost/steam_community_announcements/4249665521681394354
346900,2016-05-17,Update,"3.4 Update & ""Insert Coins to Continue"" Event",https://steamstore-a.akamaihd.net/news/externalpost/steam_community_announcements/4249665521681394265
346900,2016-07-19,Update,Music Event - “Cashella” (V4.0),https://steamstore-a.akamaihd.net/news/externalpost/steam_community_announcements/4249665521681394084
346900,2016-08-31,Update,"4.2 UPDATE: ""The Excellent AdVenture""",https://steamstore-a.akamaihd.net/news/externalpost/steam_community_announcements/4249665521681393997
346900,2016-10-11,Update,4.3 Update!,https://steamstore-a.akamaihd.net/news/externalpost/steam_community_announcements/4249665521681393794
346900,2016-11-21,Update,4.4 UPDATE!,https://steamstore-a.akamaihd.net/news/externalpost/steam_community_announcements/4249665521681393603
346900,2018-05-15,Update,The 6.2 Update has Arrived..In Style!,https://steamstore-a.akamaihd.net/news/externalpost/steam_community_announcements/3822871998328749553
346900,2018-08-21,Update,6.3 Update is Live!,https://steamstore-a.akamaihd.net/news/externalpost/steam_community_announcements/2444779293781218075
48700,2010-03-31,Release,Initial Release,https://store.steampowered.com/app/48700
48700,2015-08-26,Update,Viking Conquest Reforged Edition version 2.005 released,https://steamstore-a.akamaihd.net/news/externalpost/steam_community_announcements/409053962648158837
48700,2016-12-20,Update,Viking Conquest Reforged Edition 2.028,https://steamstore-a.akamaihd.net/news/externalpost/steam_community_announcements/3819571572127529086
48700,2017-03-14,Update,Mount & Blade: Warband 1.172,https://steamstore-a.akamaihd.net/news/externalpost/steam_community_announcements/75838332274726726
48700,2017-07-04,Update,Viking Conquest 2.032,https://steamstore-a.akamaihd.net/news/externalpost/steam_community_announcements/2564086801879637540
48700,2017-09-12,Update,Viking Conquest 2.036,https://steamstore-a.akamaihd.net/news/externalpost/steam_community_announcements/2127244540337483565
48700,2018-01-17,Update,Napoleonic Wars 1.2,https://steamstore-a.akamaihd.net/news/externalpost/steam_community_announcements/2356940080938906656
48700,2018-10-04,Update,Warband 1.174 / Viking Conquest 2.044 / Napoleonic Wars 1.21,https://steamstore-a.akamaihd.net/news/externalpost/steam_community_announcements/2447035533294941289
48700,2019-03-29,Update,Viking Conquest 2.049,https://steamstore-a.akamaihd.net/news/externalpost/steam_community_announcements/2465065785301830900
48700,2019-04-19,Update,Viking Conquest 2.050,https://steamstore-a.akamaihd.net/news/externalpost/steam_community_announcements/2434668385550549158
48700,2019-10-09,Update,Viking Conquest 2.054,https://steamstore-a.akamaihd.net/news/externalpost/steam_community_announcements/2426802943979455649
48700,2021-05-19,Update,Viking Conquest 2.059,https://steamstore-a.akamaihd.net/news/externalpost/steam_community_announcements/4069544181424755441
48700,2021-11-16,Update,Viking Conquest 2.060,https://steamstore-a.akamaihd.net/news/externalpost/steam_community_announcements/4971406207537386798
48700,2023-03-08,Update,Viking Conquest 2.063,https://steamstore-a.akamaihd.net/news/externalpost/steam_community_announcements/5070528810288916032
48700,2023-04-25,Update,Viking Conquest 2.064,https://steamstore-a.akamaihd.net/news/externalpost/steam_community_announcements/5133583099813156319
48700,2024-03-12,Update,Viking Conquest 2.068,https://steamstore-a.akamaihd.net/news/externalpost/steam_community_announcements/5679673637670472893
48700,2024-09-02,Update,Viking Conquest 2.069,https://steamstore-a.akamaihd.net/news/externalpost/steam_community_announcements/6240387642468764647
568220,2018-03-25,Update,Notice about Official Release Schedule,https://steamstore-a.akamaihd.net/news/externalpost/steam_community_announcements/2365952982538753417
568220,2018-04-25,Update,LINE Sticker Release,https://steamstore-a.akamaihd.net/news/externalpost/steam_community_announcements/2394103650883486797
3116890,2025-03-14,Release,Initial Release,https://store.steampowered.com/app/3116890
3116890,2025-04-24,Update,Immortal Seasons 1 cards are here today - with Spotlight Packs!,https://steamstore-a.akamaihd.net/news/externalpost/steam_community_announcements/1797820624469831
3116890,2025-11-13,Update,It's Awards Season in Perfect Team!,https://steamstore-a.akamaihd.net/news/externalpost/steam_community_announcements/1816307528924307
552500,2018-03-08,Release,Initial Release,https://store.steampowered.com/app/552500
552500,2024-03-04,Update,Vermintide 2’s 6th Anniversary event starts on March 7th!,https://steamstore-a.akamaihd.net/news/externalpost/steam_community_announcements/5688680204385222370
552500,2024-10-26,Update,Vermintide 2 is getting a progression rework in time for the official release of Versus mode,https://steamstore-a.akamaihd.net/news/externalpost/PC Gamer/6212245217911902977
552500,2025-02-21,Update,Onslaught Series: Community run Charity Tournament event for Anniversary!,https://steamstore-a.akamaihd.net/news/externalpost/steam_community_announcements/1792116353232153
552500,2026-03-03,Update,Vermintide 2’s 8th Anniversary is live now! Double XP + A Quiet Drink!,https://steamstore-a.akamaihd.net/news/externalpost/steam_community_announcements/1825727806719926
508440,2019-07-18,Update,Update 0.4: Battle and campaign creator!,https://steamstore-a.akamaihd.net/news/externalpost/steam_community_announcements/2413284533092510208
508440,2020-04-01,Update,WE'RE RELEASING A PAID BUGGED DLC (It's free - Happy April Fools),https://steamstore-a.akamaihd.net/news/externalpost/steam_community_announcements/2978509755340795696
508440,2020-07-08,Update,Totally Accurate Battle Simulator planning a full release this year,https://steamstore-a.akamaihd.net/news/externalpost/rps/3444640809420042854
508440,2021-04-01,Release,Initial Release,https://store.steampowered.com/app/508440
508440,2022-10-20,Update,Big Map Creator update and TABS Switch release coming on November 3rd!,https://steamstore-a.akamaihd.net/news/externalpost/steam_community_announcements/4714731755412193874
4000,2006-11-29,Release,Initial Release,https://store.steampowered.com/app/4000
275850,2016-08-12,Release,Initial Release,https://store.steampowered.com/app/275850
275850,2023-12-15,Update,"Sean Murray is risking another No Man's Sky launch disaster, but he knows exactly what he's doing and it's kinda genius marketing",https://steamstore-a.akamaihd.net/news/externalpost/PC Gamer/5409450219978181773
275850,2024-02-15,Update,No Man's Sky Omega update takes aim at new and lapsed players with free weekend and pirate dreadnought,"https://steamstore-a.akamaihd.net/news/externalpost/Rock, Paper, Shotgun/8033928544492971958"
275850,2024-03-27,Update,No Man's Sky 4.6 'Orbital' adds starship customization and a space station overhaul,https://steamstore-a.akamaihd.net/news/externalpost/GamingOnLinux/5749481331433482887
275850,2024-07-17,Update,Introducing Worlds Part I - the 5.0 update,https://steamstore-a.akamaihd.net/news/externalpost/steam_community_announcements/5969041959961170666
275850,2024-11-27,Update,"'Holy s**t you guys—it happened': 8 years after a terrible launch, No Man's Sky has reached a Very Positive rating on Steam",https://steamstore-a.akamaihd.net/news/externalpost/PC Gamer/1784506358993360
275850,2025-08-10,Update,Celebrating our 9th Anniversary with Gek and Traveller Plushies!,https://steamstore-a.akamaihd.net/news/externalpost/steam_community_announcements/1807332909663594
805550,2019-05-29,Release,Initial Release,https://store.steampowered.com/app/805550
805550,2020-05-14,Update,Assetto Corsa Competizione v1.4 update OUT NOW!,https://steamstore-a.akamaihd.net/news/externalpost/steam_community_announcements/4742798819310301700
805550,2020-07-15,Update,Assetto Corsa Competizione v1.5 and GT4 Season DLC are out now on Steam!,https://steamstore-a.akamaihd.net/news/externalpost/steam_community_announcements/3659688711190190875
805550,2020-11-18,Update,Assetto Corsa Competizione 2020 GT WORLD CHALLENGE PACK DLC is OUT NOW!,https://steamstore-a.akamaihd.net/news/externalpost/steam_community_announcements/3856732611028310366
805550,2021-11-24,Update,Assetto Corsa Competizione v1.8 major update and BMW M4 GT3 2022 are OUT NOW!,https://steamstore-a.akamaihd.net/news/externalpost/steam_community_announcements/4224935490632154416
805550,2022-03-23,Update,CHALLENGERS PACK DLC,https://steamstore-a.akamaihd.net/news/externalpost/steam_community_announcements/4258723269504792307
805550,2022-07-04,Update,American Track Pack DLC Walkthrough,https://steamstore-a.akamaihd.net/news/externalpost/steam_community_announcements/4474904295770415093
805550,2023-04-19,Update,2023 GT World Challenge DLC Pack OUT NOW,https://steamstore-a.akamaihd.net/news/externalpost/steam_community_announcements/6539831519507517120
805550,2024-04-01,Update,v1.10 Update OUT NOW,https://steamstore-a.akamaihd.net/news/externalpost/steam_community_announcements/5749481331451730578
805550,2024-08-12,Update,Up to 70% off Assetto Corsa Competizione and DLC,https://steamstore-a.akamaihd.net/news/externalpost/steam_community_announcements/5963414363405633583
1190970,2023-11-20,Update,"House Flipper 2 Pre-release Stream: artstyle, assembly mechanics, and more!",https://steamstore-a.akamaihd.net/news/externalpost/steam_community_announcements/6560117310279696539
1190970,2023-12-11,Update,"House Flipper 2 launches this week, and that's not all!",https://steamstore-a.akamaihd.net/news/externalpost/steam_community_announcements/5395938616809884978
1190970,2024-05-22,Update,🗓️ All that happened since the release of House Flipper 2!,https://steamstore-a.akamaihd.net/news/externalpost/steam_community_announcements/5741605105604339084
1190970,2024-08-01,Update,"😎 ""Summer in Old Pinnacove"" - Major Update #4! 🍹",https://steamstore-a.akamaihd.net/news/externalpost/steam_community_announcements/5963413728335265956
1190970,2024-10-28,Update,"🎃 ""Bewitching Renovations"" - Major Update #5 OUT NOW 🦇",https://steamstore-a.akamaihd.net/news/externalpost/steam_community_announcements/6212245217911957599
1190970,2024-12-01,Update,📢 The final major DLC for the original House Flipper launched this week!,https://steamstore-a.akamaihd.net/news/externalpost/steam_community_announcements/1784506359116934
1190970,2025-03-13,Update,🌼 The Garden Update! - Free Major Update #7,https://steamstore-a.akamaihd.net/news/externalpost/steam_community_announcements/1794102528074800
1190970,2025-05-12,Update,🤯 Free Weekend + Free new DLC = May 15!,https://steamstore-a.akamaihd.net/news/externalpost/steam_community_announcements/1799088287966760
1190970,2025-09-28,Update,🐶 House Flipper 2 - Pets DLC is on the way! 🐱,https://steamstore-a.akamaihd.net/news/externalpost/steam_community_announcements/1811772772351233
1190970,2025-10-19,Update,📋 Scooby-Doo DLC launch - All you need to know! 🔍,https://steamstore-a.akamaihd.net/news/externalpost/steam_community_announcements/1813674389043688
1190970,2025-12-23,Update,"🥰 2025 Highlights, Anniversary Survey, and Merry Christmas! 🎄",https://steamstore-a.akamaihd.net/news/externalpost/steam_community_announcements/1819386365104975
1824220,2022-06-10,Update,Steam Launch and Tenosian Invasion Stream,https://steamstore-a.akamaihd.net/news/externalpost/steam_community_announcements/4480532686351656922
1824220,2022-09-21,Update,New Chivalry 2 Music & 2.6 Matchmaking Changes,https://steamstore-a.akamaihd.net/news/externalpost/steam_community_announcements/4589754330728652310
1824220,2024-02-22,Update,Chivalry 2 Community Blog + Update 2.10 Teasers,https://steamstore-a.akamaihd.net/news/externalpost/steam_community_announcements/5728086065183113637
2537590,2024-11-19,Release,Initial Release,https://store.steampowered.com/app/2537590
2537590,2025-04-22,Update,Microsoft Flight Simulator Releases City Update 10: United States I,https://steamstore-a.akamaihd.net/news/externalpost/steam_community_announcements/1797185861802258
2537590,2025-06-27,Update,Microsoft Flight Simulator Releases Famous Flyer 12: The Piper PA-28-236 Dakota,https://steamstore-a.akamaihd.net/news/externalpost/steam_community_announcements/1803527891543743
2537590,2025-09-25,Update,Microsoft Flight Simulator Releases World Update 20: Japan,https://steamstore-a.akamaihd.net/news/externalpost/steam_community_announcements/1811772772240522
2537590,2025-12-09,Update,Fly the Microsoft Flight Simulator 2024: Stranger Things Expansion Today!,https://steamstore-a.akamaihd.net/news/externalpost/steam_community_announcements/1818118366186165
238960,2013-10-23,Release,Initial Release,https://store.steampowered.com/app/238960
238960,2025-09-10,Update,Path of Exile 3.27 Expansion Timeline,https://steamstore-a.akamaihd.net/news/externalpost/steam_community_announcements/1810503566395913
238960,2025-10-24,Update,Path of Exile 3.27 adopts Elden Ring's most grotesque mechanic for the free ARPG's first-ever sequel league,https://steamstore-a.akamaihd.net/news/externalpost/PCGamesN/1814309641471021
238960,2026-01-12,Update,Path of Exile 3.28 Expansion Timeline,https://steamstore-a.akamaihd.net/news/externalpost/steam_community_announcements/1821288646586768
238960,2026-02-09,Update,An Update on 3.28 Expansion Timeline,https://steamstore-a.akamaihd.net/news/externalpost/steam_community_announcements/1823825466506780
238960,2026-03-04,Update,Mirage Launch Twitch Drops,https://steamstore-a.akamaihd.net/news/externalpost/steam_community_announcements/1826362059919610
386180,2017-07-26,Release,Initial Release,https://store.steampowered.com/app/386180
784150,2023-12-15,Update,9/10 Soviet city-building strategy game targets Steam launch in 2024,https://steamstore-a.akamaihd.net/news/externalpost/PCGamesN/5409450219977041819
784150,2024-01-26,Update,Major update! Version 0.9.0.11 out now!,https://steamstore-a.akamaihd.net/news/externalpost/steam_community_announcements/5519792046252075607
784150,2024-05-24,Update,Workers & Resources: Soviet Republic 1.0 Release Date,https://steamstore-a.akamaihd.net/news/externalpost/steam_community_announcements/5741605105611176734
784150,2024-06-19,Update,Workers & Resources: Soviet Republic 1.0 Timezone Release Map,https://steamstore-a.akamaihd.net/news/externalpost/steam_community_announcements/5759622039973119279
784150,2024-07-13,Update,Random Map Generation in Biomes DLC & Thank You,https://steamstore-a.akamaihd.net/news/externalpost/steam_community_announcements/6000566704273592499
784150,2024-12-02,Update,Soviet city builder Workers and Resources adds North Korea and more in map DLC,https://steamstore-a.akamaihd.net/news/externalpost/PCGamesN/1784506359146456
784150,2025-04-24,Update,Soviet city builder Workers and Resources steps back in time with next DLC,https://steamstore-a.akamaihd.net/news/externalpost/PCGamesN/1797820624465605
784150,2025-05-22,Update,Workers & Resources: Soviet Republic – Early Start DLC Now Available!,https://steamstore-a.akamaihd.net/news/externalpost/steam_community_announcements/1800357164412856
784150,2025-12-15,Update,Horse Update Now Available for the Early Start DLC,https://steamstore-a.akamaihd.net/news/externalpost/steam_community_announcements/1818752592132988
1874880,2023-11-16,Release,Initial Release,https://store.steampowered.com/app/1874880
1874880,2024-01-11,Update,1.0 Boot Camp,https://steamstore-a.akamaihd.net/news/externalpost/steam_community_announcements/6300039510120515589
1874880,2024-03-13,Update,Update 1.1,https://steamstore-a.akamaihd.net/news/externalpost/steam_community_announcements/5686429670867751627
1874880,2024-06-26,Update,Update 1.2,https://steamstore-a.akamaihd.net/news/externalpost/steam_community_announcements/5842939267305586498
1874880,2024-09-12,Update,Bohemia Interactive 25th Anniversary Sale,https://steamstore-a.akamaihd.net/news/externalpost/steam_community_announcements/6250522009513738331
1874880,2025-03-27,Update,Update 1.3,https://steamstore-a.akamaihd.net/news/externalpost/steam_community_announcements/1795283637818855
1874880,2025-05-22,Update,Update 1.4,https://steamstore-a.akamaihd.net/news/externalpost/steam_community_announcements/1800357164401167
1874880,2025-10-30,Update,Update 1.6,https://steamstore-a.akamaihd.net/news/externalpost/steam_community_announcements/1815034432868707
255710,2015-03-10,Release,Initial Release,https://store.steampowered.com/app/255710
255710,2022-08-22,Update,Cities: Skylines' next DLC will let you create car-free pedestrian zones,"https://steamstore-a.akamaihd.net/news/externalpost/Rock, Paper, Shotgun/4584122114607834259"
255710,2022-09-15,Update,Cities: Skylines - Plazas & Promenades expansion is out now,https://steamstore-a.akamaihd.net/news/externalpost/GamingOnLinux/6258337460543553444
255710,2022-11-08,Update,Cities: Skylines expansion series will add 10 DLCs of local colour,https://steamstore-a.akamaihd.net/news/externalpost/PCGamesN/4732747437220631654
255710,2022-12-13,Update,Cities Skylines DLC Financial Districts teaches you to make bank,https://steamstore-a.akamaihd.net/news/externalpost/PCGamesN/4980448574126568555
255710,2023-04-27,Update,The final Cities Skylines DLC takes you on holiday before its sequel,https://steamstore-a.akamaihd.net/news/externalpost/PCGamesN/5133583642651097305
255710,2023-05-23,Update,Cities: Skylines gets a final expansion with Hotels & Retreats out now,https://steamstore-a.akamaihd.net/news/externalpost/GamingOnLinux/5140340943323478453
255710,2023-09-25,Update,Grab Cities Skylines and every major DLC for just $20,https://steamstore-a.akamaihd.net/news/externalpost/PCGamesN/5219165352638406859
255710,2024-10-08,Update,"Paradox ""saw flaws"" in Cities Skylines 2 before launch, chief executive says",https://steamstore-a.akamaihd.net/news/externalpost/PCGamesN/6350729003512722504
255710,2025-03-10,Update,New Cities Skylines DLC subscription leads huge ten-year anniversary plans,https://steamstore-a.akamaihd.net/news/externalpost/PCGamesN/1793384379500020
255710,2025-09-24,Update,Cities Skylines' latest DLC brings one of Tokyo's most popular districts to life,https://steamstore-a.akamaihd.net/news/externalpost/PCGamesN/1811772772212326
255710,2026-03-07,Update,"You can play Cities: Skylines for free this weekend, ahead of the launch of its first expansion in 2 years",https://steamstore-a.akamaihd.net/news/externalpost/PC Gamer/1826362059926831
212680,2012-09-14,Release,Initial Release,https://store.steampowered.com/app/212680
212680,2012-12-21,Update,FTL: Faster Than Light Update Released,http://store.steampowered.com/news/9665/
212680,2013-05-30,Update,FTL Update Released,http://store.steampowered.com/news/10741/
212680,2013-11-12,Update,"Bye, Life: FTL Getting Free, Avellone-Penned Expansion",https://steamstore-a.akamaihd.net/news/externalpost/rps/1027113495261818700
212680,2024-01-31,Update,"12 years later, classic roguelike FTL has a huge unofficial expansion",https://steamstore-a.akamaihd.net/news/externalpost/PCGamesN/5582843074937003849
516750,2025-01-08,Release,Initial Release,https://store.steampowered.com/app/516750
377160,2015-11-09,Release,Initial Release,https://store.steampowered.com/app/377160
377160,2024-07-15,Update,"Fallout: London won't be playable via Epic Games store copies of Fallout 4 at launch, GOG confirms",https://steamstore-a.akamaihd.net/news/externalpost/VG247/6000566704279779281
377160,2024-08-07,Update,"Attention New Vegas heads, Fallout: London cut a whole Yes Man-style Wild Card main quest arc before release, but it’ll be arriving in a future update",https://steamstore-a.akamaihd.net/news/externalpost/VG247/5963414363386312753
377160,2024-10-22,Update,"Desperate for Fallout season 2? You might be in luck, as one actor shares that filming is starting a lot sooner than you'd expect",https://steamstore-a.akamaihd.net/news/externalpost/VG247/6212244583193950461
377160,2024-12-04,Update,"You can ogle at Walton Goggins getting ""back in the saddle"" for Fallout season 2 while you think about picking up a pair of Walton Goggins Goggle Glasses",https://steamstore-a.akamaihd.net/news/externalpost/VG247/1784506359209098
377160,2025-01-13,Update,"Fallout 2 remake mod Fallout 4: Project Arroyo releases its version of the classic Pip-Boy 2000, as a wonderfully boxy taste of what to expect",https://steamstore-a.akamaihd.net/news/externalpost/VG247/1788311419143958
377160,2025-02-07,Update,"""Big things are coming!"" Fallout: London's first DLC sounds like it's not too many Tube stops away, as Team FOLON teases ""maybe some more surprises too""",https://steamstore-a.akamaihd.net/news/externalpost/VG247/1790848102649065
377160,2025-10-23,Update,Fallout 4 is getting the Skyrim treatment with a 10th anniversary edition that includes all the expansions and a mountain of Creation content,https://steamstore-a.akamaihd.net/news/externalpost/PC Gamer/1814309641448394
377160,2025-11-21,Update,"Fallout 4's anniversary update ""didn’t quite land with the impact many hoped for"", so Nexus Mods have assembled their own",https://steamstore-a.akamaihd.net/news/externalpost/rps/1816849002014020
377160,2026-03-25,Update,"Only a ""skeletal crew"" are left working on Fallout: London, and the massive mod's next DLC will miss a planned April release window","https://steamstore-a.akamaihd.net/news/externalpost/Rock, Paper, Shotgun/1827626365767934"
246620,2016-02-18,Release,Initial Release,https://store.steampowered.com/app/246620
246620,2020-12-18,Update,Plague Inc: The Cure DLC coming in early 2021 and free until COVID-19 is under control,https://steamstore-a.akamaihd.net/news/externalpost/GamingOnLinux/4090922416500152643
246620,2021-01-31,Update,"Plague Inc: Evolved's DLC, The Cure, is free ""until COVID-19 is under control""",https://steamstore-a.akamaihd.net/news/externalpost/eurogamer/4050393736349735012
246620,2026-03-30,Update,Plague Inc: Evolved is getting a big new Aliens & Anti-Vaxxers DLC and free update,https://steamstore-a.akamaihd.net/news/externalpost/GamingOnLinux/1828441623109661
219990,2016-02-25,Release,Initial Release,https://store.steampowered.com/app/219990
219990,2019-03-09,Update,Grim Dawn's Forgotten Gods expansion now has a release date,https://steamstore-a.akamaihd.net/news/externalpost/pcgamer/2530366080603650146
219990,2019-11-22,Update,Grim Dawn's Largest Content Update Ever Is Now Live!,https://steamstore-a.akamaihd.net/news/externalpost/steam_community_announcements/2468465044720727550
219990,2023-08-31,Update,"Grim Dawn, a classic ARPG, is getting its first expansion pack since 2019",https://steamstore-a.akamaihd.net/news/externalpost/PC Gamer/5141476355657755582
219990,2025-06-22,Update,"Grim Dawn's next expansion will be honkin' huge, with 54 new bosses and more than 380 new unique items, it takes up 'approximately 3.55sq. km'",https://steamstore-a.akamaihd.net/news/externalpost/PC Gamer/1802893906846499
219990,2026-02-26,Update,"Grim Dawn marks its 10th anniversary with a triumphal update on its final expansion: 'Grim Dawn will not be going out with a bang, it will be a tremendous roar'",https://steamstore-a.akamaihd.net/news/externalpost/PC Gamer/1825727806708519
1304930,2023-03-12,Update,"Multiplayer horror The Outlast Trials gets release date on Steam, Epic",https://steamstore-a.akamaihd.net/news/externalpost/PCGamesN/5070528810303770442
1304930,2024-02-21,Update,The Outlast Trials Launch March 5th | Developer Update,https://steamstore-a.akamaihd.net/news/externalpost/steam_community_announcements/5728086065179635443
1304930,2024-04-12,Update,91% rated co-op horror game to launch grotesque limited time event,https://steamstore-a.akamaihd.net/news/externalpost/PCGamesN/6474562312185623669
1304930,2024-07-16,Update,"New Update | Season 1, New Prime Asset, New Map and much more!",https://steamstore-a.akamaihd.net/news/externalpost/steam_community_announcements/6000566704284052203
1304930,2024-12-06,Update,Project Breach | The Outlast Trials Season 2 Coming Dec. 10th,https://steamstore-a.akamaihd.net/news/externalpost/steam_community_announcements/1785321795655068
1304930,2025-03-07,Update,Year One Anniversary & Dev Update,https://steamstore-a.akamaihd.net/news/externalpost/steam_community_announcements/1793384379417311
1304930,2025-04-11,Update,"Escape, Under Surveillance Part 2, and Year 1 Anniversary Tasks | Until April 22",https://steamstore-a.akamaihd.net/news/externalpost/steam_community_announcements/1796631172290746
1304930,2025-10-21,Update,"Major Update | New Invasion Experimental Therapy, Geister is Back & More",https://steamstore-a.akamaihd.net/news/externalpost/steam_community_announcements/1813674389102027
3228590,2025-04-29,Update,Deadzone Rogue has Launched into Early Access!,https://steamstore-a.akamaihd.net/news/externalpost/steam_community_announcements/1798454487551297
3228590,2025-05-22,Update,Major Update Coming for Zombies v. Vampires Fest Next Week!,https://steamstore-a.akamaihd.net/news/externalpost/steam_community_announcements/1800357164423308
3228590,2025-08-07,Update,Zone 3 Dropping August 10. Launching into 1.0 on August 11!,https://steamstore-a.akamaihd.net/news/externalpost/steam_community_announcements/1807332909584870
3228590,2025-08-28,Update,Console 1.0 Launch on September 3 for PlayStation and Xbox!,https://steamstore-a.akamaihd.net/news/externalpost/steam_community_announcements/1809235871603721
3228590,2025-10-17,Update,Zone 4 - Apophis DLC,https://steamstore-a.akamaihd.net/news/externalpost/steam_community_announcements/1813674388983641
3228590,2025-12-11,Update,Free Major Content Expansion (Apophis) is Coming December 17!,https://steamstore-a.akamaihd.net/news/externalpost/steam_community_announcements/1818752592124997
2221490,2023-01-12,Release,Initial Release,https://store.steampowered.com/app/2221490
2221490,2023-02-28,Update,The Division 2 - Season 11: Reign of Fire,https://steamstore-a.akamaihd.net/news/externalpost/steam_community_announcements/5059268543374778556
2221490,2023-04-19,Update,Title Update 17.2,https://steamstore-a.akamaihd.net/news/externalpost/steam_community_announcements/6539831519506569653
2221490,2023-08-22,Update,Title Update 18.4,https://steamstore-a.akamaihd.net/news/externalpost/steam_community_announcements/5127964289190751174
2221490,2023-10-03,Update,Year 5 Season 2: Puppeteers,https://steamstore-a.akamaihd.net/news/externalpost/steam_community_announcements/5220291886504935829
2221490,2023-11-07,Update,Title Update 19.2,https://steamstore-a.akamaihd.net/news/externalpost/steam_community_announcements/5288974951224569364
2221490,2023-12-06,Update,Title Update 19.3,https://steamstore-a.akamaihd.net/news/externalpost/steam_community_announcements/5395938616791213784
2221490,2024-01-09,Update,Title Update 19.4,https://steamstore-a.akamaihd.net/news/externalpost/steam_community_announcements/5410576585199282831
2221490,2024-02-07,Update,Year 5 Season 3: Vanguard,https://steamstore-a.akamaihd.net/news/externalpost/steam_community_announcements/5589599109261703365
2221490,2024-03-19,Update,Title Update 20.2,https://steamstore-a.akamaihd.net/news/externalpost/steam_community_announcements/7309977427452821941
2221490,2024-04-09,Update,Title Update 20.3,https://steamstore-a.akamaihd.net/news/externalpost/steam_community_announcements/5756237364326018931
2221490,2024-05-15,Update,Title Update 20.4,https://steamstore-a.akamaihd.net/news/externalpost/steam_community_announcements/5747233970415058052
2221490,2024-06-11,Update,Year 6 Season 1: First Rogue,https://steamstore-a.akamaihd.net/news/externalpost/steam_community_announcements/5746109972567615743
2221490,2024-07-25,Update,Title Update 21.2,https://steamstore-a.akamaihd.net/news/externalpost/steam_community_announcements/5963413094347822528
2221490,2024-09-03,Update,Title Update 21.4,https://steamstore-a.akamaihd.net/news/externalpost/steam_community_announcements/6240387642472259972
2221490,2024-10-01,Update,Title Update 21.5,https://steamstore-a.akamaihd.net/news/externalpost/steam_community_announcements/6339469370200045416
2221490,2024-10-29,Update,Year 6 Season 2: Shades of Red,https://steamstore-a.akamaihd.net/news/externalpost/steam_community_announcements/6212245217911986353
2221490,2024-12-03,Update,Title Update 22.2,https://steamstore-a.akamaihd.net/news/externalpost/steam_community_announcements/1784506359176182
2221490,2025-02-04,Update,Title Update 22.3,https://steamstore-a.akamaihd.net/news/externalpost/steam_community_announcements/1790214123243774
2221490,2025-02-25,Update,Year 6 Season 3: Burden of Truth,https://steamstore-a.akamaihd.net/news/externalpost/steam_community_announcements/1792116353364944
2221490,2025-03-18,Update,Title Update Y6S3.1,https://steamstore-a.akamaihd.net/news/externalpost/steam_community_announcements/1794102528235109
2221490,2025-04-08,Update,Title Update Y6S3.2,https://steamstore-a.akamaihd.net/news/externalpost/steam_community_announcements/1795917897484456
2221490,2025-05-06,Update,Title Update Y6S3.3,https://steamstore-a.akamaihd.net/news/externalpost/steam_community_announcements/1798454487766943
2221490,2025-06-17,Update,Title Update Y7S1.1,https://steamstore-a.akamaihd.net/news/externalpost/steam_community_announcements/1802354289728735
2221490,2025-07-15,Update,Title Update Y7S1.2,https://steamstore-a.akamaihd.net/news/externalpost/steam_community_announcements/1805065414365363
2221490,2025-08-12,Update,Title Update Y7S1.3,https://steamstore-a.akamaihd.net/news/externalpost/steam_community_announcements/1807332909733041
2221490,2025-09-23,Update,Title Update Y7S2.1,https://steamstore-a.akamaihd.net/news/externalpost/steam_community_announcements/1811138915555069
2221490,2025-10-21,Update,Title Update Y7S2.2,https://steamstore-a.akamaihd.net/news/externalpost/steam_community_announcements/1813674389100469
2221490,2025-11-11,Update,Title Update Y7S2.3,https://steamstore-a.akamaihd.net/news/externalpost/steam_community_announcements/1815580768426010
2221490,2025-12-04,Update,Mutiny Launch Livestream,https://steamstore-a.akamaihd.net/news/externalpost/steam_community_announcements/1818118366173427
2221490,2026-01-29,Update,Title Update Y7S3.2,https://steamstore-a.akamaihd.net/news/externalpost/steam_community_announcements/1823191198602397
2221490,2026-02-26,Update,Tune in to The Division’s 10th Anniversary Celebration March 3,https://steamstore-a.akamaihd.net/news/externalpost/steam_community_announcements/1825727806708281
2221490,2026-03-30,Update,Rise Up Season Launch Stream,https://steamstore-a.akamaihd.net/news/externalpost/steam_community_announcements/1828441623110281
12210,2011-11-18,Update,Rockstar focusing on smaller DLC in the future,https://steamstore-a.akamaihd.net/news/externalpost/shacknews/1218451139457327946
12210,2012-04-05,Update,Launch Your Friends Off Helicopters in Grand Theft Auto IV,https://steamstore-a.akamaihd.net/news/externalpost/kotaku/1515700145174712803
12210,2012-05-31,Update,Launching Off Of Exploding Cars And Other GTA: IV Shenanigans,https://steamstore-a.akamaihd.net/news/externalpost/kotaku/1388479713333813299
12210,2020-03-24,Release,Initial Release,https://store.steampowered.com/app/12210
1100600,2019-10-14,Update,Football Manager 2020 gets November release date on PC and mobile devices,https://steamstore-a.akamaihd.net/news/externalpost/eurogamer/3051677487690603367
1100600,2019-11-15,Update,I played Football Manager 2012 for 37 seasons. How am I supposed to move on now?,https://steamstore-a.akamaihd.net/news/externalpost/rps/3657414904091581362
1100600,2020-03-05,Update,Football Manager 2020 February Transfer Update 20.4 Out Now!,https://steamstore-a.akamaihd.net/news/externalpost/steam_community_announcements/2579938650924158055
1196590,2021-05-06,Release,Initial Release,https://store.steampowered.com/app/1196590
1196590,2022-10-10,Update,Resident Evil Village DLC to feature 20 unlockables in The Mercenaries,https://steamstore-a.akamaihd.net/news/externalpost/PCGamesN/4613399405957737350
1196590,2023-09-14,Update,"The RE4 DLC ""Separate Ways"" launches 9/21! A free update is also coming!",https://steamstore-a.akamaihd.net/news/externalpost/steam_community_announcements/5480373588784685542
1196590,2025-06-06,Update,"The highly anticipated Resident Evil Requiem releases on February 27, 2026!",https://steamstore-a.akamaihd.net/news/externalpost/steam_community_announcements/1801617199444653
1196590,2025-10-29,Update,"Launching on Feb 27, 2026! Pre-order now! Also info on pre-order bonus!",https://steamstore-a.akamaihd.net/news/externalpost/steam_community_announcements/1815034432855906
699130,2021-08-03,Update,Co-op zombie shooter World War Z's Aftermath expansion arrives in September,https://steamstore-a.akamaihd.net/news/externalpost/eurogamer/4038025597330944839
699130,2021-09-21,Release,Initial Release,https://store.steampowered.com/app/699130
699130,2024-09-20,Update,Extinction Update Launch Day 💥💀,https://steamstore-a.akamaihd.net/news/externalpost/steam_community_announcements/6341720536507246436
699130,2025-04-16,Update,🎂 WWZ 6 Years Anniversary Double XP Event! 🎂,https://steamstore-a.akamaihd.net/news/externalpost/steam_community_announcements/1797185861605897
699130,2025-09-18,Update,🎁🧟 Aftermath Anniversary Double XP Event! 🧟🎁,https://steamstore-a.akamaihd.net/news/externalpost/steam_community_announcements/1811138915391864
699130,2025-12-15,Update,World War Z - New DLC Teaser,https://steamstore-a.akamaihd.net/news/externalpost/steam_community_announcements/1818752592132901
699130,2026-01-21,Update,"The Walking Dead DLC - Coming January 29, 2026!",https://steamstore-a.akamaihd.net/news/externalpost/steam_community_announcements/1822556746157505
699130,2026-04-16,Update,🎂 WWZ 7th Anniversary Bonus Event! 🎂,https://steamstore-a.akamaihd.net/news/externalpost/steam_community_announcements/1830163047257393
1206560,2021-06-17,Update,God sim sandbox 'WorldBox' has a huge release out with lots of fun new toys,https://steamstore-a.akamaihd.net/news/externalpost/GamingOnLinux/4056035920055432960
1206560,2021-10-28,Update,Cause chaos in the pixel-art god sim WorldBox when it releases December 2 on Steam,https://steamstore-a.akamaihd.net/news/externalpost/GamingOnLinux/4186652357024436514
1206560,2021-12-02,Release,Initial Release,https://store.steampowered.com/app/1206560
1206560,2022-03-06,Update,Short Notice about next content update,https://steamstore-a.akamaihd.net/news/externalpost/steam_community_announcements/4247462367441786774
1206560,2022-05-13,Update,Status of a major update - 0.14,https://steamstore-a.akamaihd.net/news/externalpost/steam_community_announcements/5849624375821808102
1206560,2023-03-12,Update,0.21.0 - MegaBox - Major Update!,https://steamstore-a.akamaihd.net/news/externalpost/steam_community_announcements/5070528810303194318
767560,2018-04-04,Release,Initial Release,https://store.steampowered.com/app/767560
767560,2018-04-28,Update,Update 3.8 is here!,https://steamstore-a.akamaihd.net/news/externalpost/steam_community_announcements/2394103650894844813
767560,2018-05-25,Update,"Update 3.9, welcome!",https://steamstore-a.akamaihd.net/news/externalpost/steam_community_announcements/2394106369048655470
767560,2018-06-26,Update,Update 4.0 — fight new way!,https://steamstore-a.akamaihd.net/news/externalpost/steam_community_announcements/2499943313648655998
767560,2018-07-23,Update,Update 4.1. Lock-down!,https://steamstore-a.akamaihd.net/news/externalpost/steam_community_announcements/2412125660649158787
767560,2018-08-30,Update,Update 4.2. Meet Workshop 2.0!,https://steamstore-a.akamaihd.net/news/externalpost/steam_community_announcements/2447032361187943285
767560,2018-09-27,Update,Update 4.3. Big rebalance enters the game!,https://steamstore-a.akamaihd.net/news/externalpost/steam_community_announcements/2450412598623050609
767560,2018-11-28,Update,Update 4.5. Pantheon is here!,https://steamstore-a.akamaihd.net/news/externalpost/steam_community_announcements/2415515408465779747
767560,2018-12-19,Update,Update 4.6. Meet modules!,https://steamstore-a.akamaihd.net/news/externalpost/steam_community_announcements/2417769111279623858
767560,2019-01-31,Update,"Update 4.7. Faster upgrades, Dragons & Lunar New Year!",https://steamstore-a.akamaihd.net/news/externalpost/steam_community_announcements/2462808987391559345
767560,2019-03-14,Update,Update 4.8. Reduced upgrade timers & Black Market rebalance!,https://steamstore-a.akamaihd.net/news/externalpost/steam_community_announcements/3140604542241164446
767560,2019-04-26,Update,Update 5.0. Anniversary Event!,https://steamstore-a.akamaihd.net/news/externalpost/steam_community_announcements/2432417221739444249
767560,2019-05-30,Update,Update 5.1. Meet pilots!,https://steamstore-a.akamaihd.net/news/externalpost/steam_community_announcements/2400895196204309698
767560,2019-07-15,Update,Update 5.2. Among the Stars and honor system rework!,https://steamstore-a.akamaihd.net/news/externalpost/steam_community_announcements/2436927798962358556
767560,2019-08-20,Update,Update 5.3. Operations!,https://steamstore-a.akamaihd.net/news/externalpost/steam_community_announcements/3556075649737347759
767560,2019-09-20,Update,Update 5.4. Welcome Leech!,https://steamstore-a.akamaihd.net/news/externalpost/steam_community_announcements/2406534841131502073
767560,2019-10-25,Update,Update 5.5. Trick or treat!,https://steamstore-a.akamaihd.net/news/externalpost/steam_community_announcements/2504491307406986459
767560,2019-12-06,Update,Update 5.6. Titans and Christmas event!,https://steamstore-a.akamaihd.net/news/externalpost/steam_community_announcements/2587811707169142651
767560,2020-01-23,Update,Update 5.7. Lunar New Year and Phase Shift nerf!,https://steamstore-a.akamaihd.net/news/externalpost/steam_community_announcements/2597949245047256274
767560,2020-05-06,Update,WAR ROBOTS 6.0,https://steamstore-a.akamaihd.net/news/externalpost/steam_community_announcements/3110243214551530451
767560,2020-09-18,Update,WAR ROBOTS 6.3,https://steamstore-a.akamaihd.net/news/externalpost/steam_community_announcements/3819572206271221748
767560,2020-11-10,Update,WAR ROBOTS 6.6,https://steamstore-a.akamaihd.net/news/externalpost/steam_community_announcements/3887130640411026772
767560,2020-12-23,Update,WAR ROBOTS 6.7,https://steamstore-a.akamaihd.net/news/externalpost/steam_community_announcements/3917534300069379559
767560,2021-02-18,Update,WAR ROBOTS 6.8,https://steamstore-a.akamaihd.net/news/externalpost/steam_community_announcements/4059402835310519511
767560,2021-05-20,Update,WAR ROBOTS 7.0,https://steamstore-a.akamaihd.net/news/externalpost/steam_community_announcements/4069544181427809858
767560,2021-06-16,Update,WAR ROBOTS 7.1,https://steamstore-a.akamaihd.net/news/externalpost/steam_community_announcements/4056035920051051340
767560,2021-07-16,Update,WAR ROBOTS 7.2 UPDATE NOTES,https://steamstore-a.akamaihd.net/news/externalpost/steam_community_announcements/4204657340168831300
767560,2021-09-01,Update,WAR ROBOTS 7.3 UPDATE NOTES,https://steamstore-a.akamaihd.net/news/externalpost/steam_community_announcements/4020014099084742197
767560,2021-09-28,Update,WAR ROBOTS 7.4 UPDATE NOTES,https://steamstore-a.akamaihd.net/news/externalpost/steam_community_announcements/3936699406887518343
767560,2021-11-01,Update,WAR ROBOTS 7.5 UPDATE NOTES,https://steamstore-a.akamaihd.net/news/externalpost/steam_community_announcements/4186652357038494952
767560,2022-01-31,Update,WAR ROBOTS 7.8 UPDATE NOTES,https://steamstore-a.akamaihd.net/news/externalpost/steam_community_announcements/4237326104334327181
767560,2022-04-20,Update,WAR ROBOTS 7.9 UPDATE NOTES,https://steamstore-a.akamaihd.net/news/externalpost/steam_community_announcements/4348797798071626845
767560,2022-05-27,Update,WAR ROBOTS 8.1,https://steamstore-a.akamaihd.net/news/externalpost/steam_community_announcements/4437747060829610017
767560,2022-07-04,Update,WAR ROBOTS 8.2: SPACETECH HEIST,https://steamstore-a.akamaihd.net/news/externalpost/steam_community_announcements/4474904295769378287
767560,2022-08-15,Update,WAR ROBOTS 8.3 UPDATE NOTES,https://steamstore-a.akamaihd.net/news/externalpost/steam_community_announcements/4607764924164752607
767560,2022-09-12,Update,WAR ROBOTS 8.4 UPDATE NOTES,https://steamstore-a.akamaihd.net/news/externalpost/steam_community_announcements/4606641560262546944
767560,2022-10-25,Update,WAR ROBOTS 8.5 UPDATE NOTES,https://steamstore-a.akamaihd.net/news/externalpost/steam_community_announcements/4714731755430776508
767560,2023-09-20,Update,WAR ROBOTS 9.4 UPDATE NOTES,https://steamstore-a.akamaihd.net/news/externalpost/steam_community_announcements/5219165352620235605
767560,2023-11-01,Update,WAR ROBOTS 9.5 UPDATE NOTES,https://steamstore-a.akamaihd.net/news/externalpost/steam_community_announcements/5288974951202291239
767560,2023-12-19,Update,WAR ROBOTS 9.6 UPDATE NOTES,https://steamstore-a.akamaihd.net/news/externalpost/steam_community_announcements/5409450219990710052
767560,2024-01-30,Update,WAR ROBOTS 9.7 UPDATE NOTES,https://steamstore-a.akamaihd.net/news/externalpost/steam_community_announcements/5519792046265818883
767560,2024-10-28,Update,WAR ROBOTS 10.5 UPDATE NOTES,https://steamstore-a.akamaihd.net/news/externalpost/steam_community_announcements/6212245217911954446
767560,2024-12-10,Update,WAR ROBOTS 10.6 UPDATE NOTES,https://steamstore-a.akamaihd.net/news/externalpost/steam_community_announcements/1785321795761463
767560,2025-01-20,Update,WAR ROBOTS 10.7 UPDATE NOTES,https://steamstore-a.akamaihd.net/news/externalpost/steam_community_announcements/1789039014473586
767560,2025-03-03,Update,WAR ROBOTS 10.8 UPDATE NOTES,https://steamstore-a.akamaihd.net/news/externalpost/steam_community_announcements/1792751526141614
767560,2025-04-07,Update,WAR ROBOTS 11.0 UPDATE NOTES,https://steamstore-a.akamaihd.net/news/externalpost/steam_community_announcements/1795917897455217
767560,2025-05-19,Update,WAR ROBOTS 11.1 UPDATE NOTES,https://steamstore-a.akamaihd.net/news/externalpost/steam_community_announcements/1799817379603201
767560,2025-06-30,Update,WAR ROBOTS 11.2 UPDATE NOTES,https://steamstore-a.akamaihd.net/news/externalpost/steam_community_announcements/1803527891641727
767560,2025-08-04,Update,WAR ROBOTS 11.3 UPDATE NOTES,https://steamstore-a.akamaihd.net/news/externalpost/steam_community_announcements/1806698490818959
767560,2025-09-16,Update,WAR ROBOTS 11.4 UPDATE NOTES,https://steamstore-a.akamaihd.net/news/externalpost/steam_community_announcements/1810503566577781
767560,2025-10-28,Update,WAR ROBOTS 11.5 UPDATE NOTES,https://steamstore-a.akamaihd.net/news/externalpost/steam_community_announcements/1814309641607241
767560,2025-12-09,Update,WAR ROBOTS 11.6 UPDATE NOTES,https://steamstore-a.akamaihd.net/news/externalpost/steam_community_announcements/1818118366186334
767560,2026-01-29,Update,WAR ROBOTS 11.7 UPDATE NOTES,https://steamstore-a.akamaihd.net/news/externalpost/steam_community_announcements/1823191198602575
767560,2026-03-03,Update,WAR ROBOTS 11.8 UPDATE NOTES,https://steamstore-a.akamaihd.net/news/externalpost/steam_community_announcements/1825727806720585
767560,2026-04-13,Update,WAR ROBOTS 12.0 UPDATE NOTES,https://steamstore-a.akamaihd.net/news/externalpost/steam_community_announcements/1829528821315751
49520,2012-09-17,Release,Initial Release,https://store.steampowered.com/app/49520
49520,2016-09-15,Update,"ASPYR 20th Anniversary Weekend, up to 75% Off",http://store.steampowered.com/news/24225/
49520,2019-04-01,Update,Borderlands 3 may launch September 13th according to deleted tweet,https://steamstore-a.akamaihd.net/news/externalpost/rps/2465065785313677535
49520,2019-06-06,Update,Borderlands 2 DLC that sets stage for Borderlands 3 leaks yet again,https://steamstore-a.akamaihd.net/news/externalpost/eurogamer/2411028931139422253
49520,2022-06-21,Update,Tiny Tina's Wonderlands hits Steam on June 23 with Special Launch Price!,https://steamstore-a.akamaihd.net/news/externalpost/steam_community_announcements/6214419350723224819
49520,2023-07-20,Update,"Borderlands movie now has a release date, and it's not too far off",https://steamstore-a.akamaihd.net/news/externalpost/PCGamesN/5124584051971189732
49520,2023-09-18,Update,Happy 11th Anniversary!,https://steamstore-a.akamaihd.net/news/externalpost/steam_community_announcements/5480373588797598049
49520,2025-09-08,Update,Borderlands 4 Global Launch times,https://steamstore-a.akamaihd.net/news/externalpost/steam_community_announcements/1809869180177108
292030,2015-05-18,Release,Initial Release,https://store.steampowered.com/app/292030
292030,2024-09-16,Update,"New Witcher 3 mod brings full-blown seasons to The Continent, with hopes of making them switch dynamically in the future",https://steamstore-a.akamaihd.net/news/externalpost/VG247/6250522009527534083
292030,2024-10-21,Update,"If you're considering buying a Steam Deck, Valve reiterates it's not jumping on the yearly release train just to put out something ""only incrementally better""",https://steamstore-a.akamaihd.net/news/externalpost/VG247/6212244583190280118
292030,2025-01-23,Update,"I regret to inform you that The Witcher 3 is a decade old this year, but you can forget about unceasing mortality for a few hours at the anniversary concerts",https://steamstore-a.akamaihd.net/news/externalpost/PC Gamer/1789580505312873
292030,2025-03-04,Update,The Witcher in Concert - anniversary concerts,https://steamstore-a.akamaihd.net/news/externalpost/steam_community_announcements/1792751526174839
292030,2025-03-25,Update,"With The Witcher 4 now properly on the way, Cyberpunk 2077 just powered CD Projekt to the best financial results it's ever recorded for a year without any big releases",https://steamstore-a.akamaihd.net/news/externalpost/VG247/1794830911040804
292030,2025-05-19,Update,"Fancy a Witcher 3 10th anniversary playthrough with extra ""classic RPG feel""? Well, this new mod gives it a totally revamped Witcher 1-style skill system",https://steamstore-a.akamaihd.net/news/externalpost/VG247/1799817379601298
292030,2025-06-09,Update,"The Witcher 3 once had a suicide mission ending 'inspired by Mass Effect 2,' a quest where Geralt joined the Wild Hunt, and a version of its vampire-focused Blood and Wine DLC without vampires",https://steamstore-a.akamaihd.net/news/externalpost/PC Gamer/1801617199520206
292030,2025-10-29,Update,This gorgeous Witcher 3 gaming gear is the perfect way to celebrate its 10th anniversary,https://steamstore-a.akamaihd.net/news/externalpost/PCGamesN/1814942955101183
292030,2025-12-11,Update,"Leaks claim that new Witcher 3 DLC may appear at The Game Awards, ten years after the RPG's launch",https://steamstore-a.akamaihd.net/news/externalpost/PCGamesN/1818752592123416
292030,2026-01-08,Update,Witcher 3 DLC rumors pick up strength as IGN Poland says it knew about all of this years ago,https://steamstore-a.akamaihd.net/news/externalpost/PC Gamer/1821288646579638
292030,2026-02-07,Update,Witcher 3 mod restores a darker ending for the Hearts of Stone expansion that was cut during development,https://steamstore-a.akamaihd.net/news/externalpost/PC Gamer/1823825466502686
292030,2026-03-13,Update,"There's no secret Cyberpunk 2077 DLC coming, CD Projekt say, immediately setting themselves up for more nagging about secret Witcher 3 DLC","https://steamstore-a.akamaihd.net/news/externalpost/Rock, Paper, Shotgun/1826992588596433"
292030,2026-04-07,Update,The Witcher 3 multiplayer mod's latest major update adds the only mount you'll ever need - your fellow players,"https://steamstore-a.akamaihd.net/news/externalpost/Rock, Paper, Shotgun/1828894815566950"
2445690,2024-07-24,Release,Initial Release,https://store.steampowered.com/app/2445690
2445690,2025-01-18,Update,Overlooked roguelike Lost Castle 2 just launched its biggest free update yet,https://steamstore-a.akamaihd.net/news/externalpost/PCGamesN/1789039014399866
2445690,2026-04-09,Update,Lost Castle 2 1.0 Comes Out on June 11!,https://steamstore-a.akamaihd.net/news/externalpost/steam_community_announcements/1829528821307683
1404210,2020-12-01,Release,Initial Release,https://store.steampowered.com/app/1404210
1551360,2021-11-08,Release,Initial Release,https://store.steampowered.com/app/1551360
1551360,2025-12-19,Update,The Holiday Season is no Stranger to Backstage Battles!,https://steamstore-a.akamaihd.net/news/externalpost/steam_community_announcements/1819386365096263
1551360,2026-01-22,Update,Forza Horizon 6 Releases May 19 on Xbox Series X|S and PC,https://steamstore-a.akamaihd.net/news/externalpost/steam_community_announcements/1822556746160370
1551360,2026-02-17,Update,"FH5 Release Notes: February 17th, 2026",https://steamstore-a.akamaihd.net/news/externalpost/steam_community_announcements/1824644522848052
359550,2015-12-01,Release,Initial Release,https://store.steampowered.com/app/359550
359550,2025-12-14,Update,Ubisoft Launches Wildcards Siege Mode to Celebrate 10th Anniversery,https://steamstore-a.akamaihd.net/news/externalpost/CGMagazine/1818752592133184
359550,2026-04-13,Update,Y11S1.2 Designer's Notes,https://steamstore-a.akamaihd.net/news/externalpost/steam_community_announcements/1829528821315637
2503770,2025-05-14,Release,Initial Release,https://store.steampowered.com/app/2503770
2503770,2025-08-08,Update,Patch Notes V0.7.68 | Officialdom Gameplay Expansion,https://steamstore-a.akamaihd.net/news/externalpost/steam_community_announcements/1807332909597781
2503770,2026-01-19,Update,"Version Update V0.8.4 | Event Expansion, National Chronicle System & More",https://steamstore-a.akamaihd.net/news/externalpost/steam_community_announcements/1821922921820527
1771300,2025-02-04,Release,Initial Release,https://store.steampowered.com/app/1771300
1771300,2025-03-19,Update,"Of course Monster Hunter Wilds was February's best-selling game, and it's already the year's biggest release in the US",https://steamstore-a.akamaihd.net/news/externalpost/VG247/1794102528272341
1771300,2025-04-16,Update,Gallant Huntsman’s Kit & Shields of Seasons Passing – available now for purchase,https://steamstore-a.akamaihd.net/news/externalpost/steam_community_announcements/1797185861608839
1771300,2025-05-15,Update,"Brushes with Death, Horse Racing-Update 1.3 is OUT NOW 🎨",https://steamstore-a.akamaihd.net/news/externalpost/steam_community_announcements/1799817379471219
1771300,2025-08-26,Update,KCD II Dev Stream: First look at Legacy of The Forge DLC,https://steamstore-a.akamaihd.net/news/externalpost/steam_community_announcements/1808601382611030
1771300,2026-02-04,Update,Happy 1st Anniversary! + CONTEST,https://steamstore-a.akamaihd.net/news/externalpost/steam_community_announcements/1823825466494416
1227890,2020-06-14,Release,Initial Release,https://store.steampowered.com/app/1227890
1227890,2021-06-14,Update,Evening Starter Slated to Release on June 19!,https://steamstore-a.akamaihd.net/news/externalpost/steam_community_announcements/5019805792177874886
1227890,2021-07-13,Update,Magical Valkyrie Lyristia Slated to Release on July 17!,https://steamstore-a.akamaihd.net/news/externalpost/steam_community_announcements/4036898156490896144
1227890,2021-08-24,Update,7 Girls War Slated to Release on August 28!,https://steamstore-a.akamaihd.net/news/externalpost/steam_community_announcements/4022264629331397211
1227890,2021-09-19,Update,Dungeon Town Slated to Release on September 25!,https://steamstore-a.akamaihd.net/news/externalpost/steam_community_announcements/5418383147745279578
1227890,2021-10-13,Update,Country Girl Keiko Free Content Update Slated for October 16th!,https://steamstore-a.akamaihd.net/news/externalpost/steam_community_announcements/4698935641753653562
1227890,2024-11-27,Update,Kagura Survivors x Summer Memories DLC!,https://steamstore-a.akamaihd.net/news/externalpost/steam_community_announcements/1784506358978801
2384580,2024-06-07,Update,Dynasty Warriors Origins release date,https://steamstore-a.akamaihd.net/news/externalpost/PCGamesN/5746109972552105865
2384580,2024-12-06,Update,Dynasty Warriors Origins crosses huge milestone ahead of January 2025 launch,https://steamstore-a.akamaihd.net/news/externalpost/PCGamesN/1785321795644719
2384580,2025-01-08,Update,Promising ARPG Dynasty Warrior Origins gets a hefty discount before launch,https://steamstore-a.akamaihd.net/news/externalpost/PCGamesN/1788311418986567
2384580,2025-03-12,Update,Rise of the Ronin is off to a rough start on PC as it becomes Team Ninja's worst-performing major Steam launch in years,https://steamstore-a.akamaihd.net/news/externalpost/VG247/1794014851389737
2384580,2025-08-03,Update,DYNASTY WARRIORS 25th Anniversary Project,https://steamstore-a.akamaihd.net/news/externalpost/steam_community_announcements/1806698490797596
2384580,2025-09-15,Update,"DYNASTY WARRIORS: ORIGINS to Release a Large-Scale DLC on Jan. 22, 2026!",https://steamstore-a.akamaihd.net/news/externalpost/steam_community_announcements/1810503566564690
2208920,2021-06-12,Update,Assassin's Creed Valhalla Siege of Paris release date and gameplay,https://steamstore-a.akamaihd.net/news/externalpost/PCGamesN/5019805792170131201
2208920,2022-12-06,Release,Initial Release,https://store.steampowered.com/app/2208920
363970,2015-05-13,Release,Initial Release,https://store.steampowered.com/app/363970
363970,2015-06-25,Update,Patch 0.19 Released!,https://steamstore-a.akamaihd.net/news/externalpost/steam_community_announcements/424810855068387027
363970,2015-08-21,Update,Patch 0.20 Released!,https://steamstore-a.akamaihd.net/news/externalpost/steam_community_announcements/410179229575313210
363970,2015-09-19,Update,Patch 0.21 Released!,https://steamstore-a.akamaihd.net/news/externalpost/steam_community_announcements/405678163087035814
363970,2016-01-29,Update,Patch 0.25b,https://steamstore-a.akamaihd.net/news/externalpost/steam_community_announcements/341514010383291482
363970,2016-02-24,Update,Patch 0.26!,https://steamstore-a.akamaihd.net/news/externalpost/steam_community_announcements/295354567832144317
363970,2016-03-30,Update,Patch 0.26b,https://steamstore-a.akamaihd.net/news/externalpost/steam_community_announcements/260454846474768003
363970,2016-06-10,Update,Patch 1.0!,https://steamstore-a.akamaihd.net/news/externalpost/steam_community_announcements/4249665521682849968
363970,2016-09-01,Update,Patch 1.0e2!,https://steamstore-a.akamaihd.net/news/externalpost/steam_community_announcements/4249665521682849870
363970,2016-10-06,Update,Patch 1.0e3!,https://steamstore-a.akamaihd.net/news/externalpost/steam_community_announcements/4249665521682849753
363970,2016-11-16,Update,Patch 1.0e6!,https://steamstore-a.akamaihd.net/news/externalpost/steam_community_announcements/4249665521682849433
363970,2017-03-01,Update,Patch 1.0e9!,https://steamstore-a.akamaihd.net/news/externalpost/steam_community_announcements/4249665521682849205
363970,2017-12-01,Update,Patch 1.0e10!,https://steamstore-a.akamaihd.net/news/externalpost/steam_community_announcements/2152021858901764591
363970,2018-03-08,Update,Patch 1.0e11!,https://steamstore-a.akamaihd.net/news/externalpost/steam_community_announcements/2363699913372997006
363970,2020-05-20,Update,Clicker Heroes 1.0e12 - Clans 2.0,https://steamstore-a.akamaihd.net/news/externalpost/steam_community_announcements/3112496281289182970
1328670,2021-02-03,Update,BioWare forced to leave out Mass Effect 1 DLC from Legendary Edition because of corrupted data,https://steamstore-a.akamaihd.net/news/externalpost/eurogamer/4051520269922469049
1328670,2021-05-14,Release,Initial Release,https://store.steampowered.com/app/1328670
1328670,2021-11-09,Update,Mass Effect mod returns lost DLC to Legendary Edition,https://steamstore-a.akamaihd.net/news/externalpost/eurogamer/4186653398787925907
2623190,2025-04-22,Release,Initial Release,https://store.steampowered.com/app/2623190
2623190,2025-05-14,Update,Oblivion Remastered mod makes its best part last forever: A Dark Brotherhood freelancer mode with infinite contracts and a gacha-style reward system,https://steamstore-a.akamaihd.net/news/externalpost/PC Gamer/1799722702494631
2623190,2025-06-04,Update,The Elder Scrolls IV: Oblivion Remastered - Update 1.1,https://steamstore-a.akamaihd.net/news/externalpost/steam_community_announcements/1801617199368160
2623190,2025-07-09,Update,"Oblivion Remastered performance improvements emerge through the gates with update 1.2, plus difficulty tweaks","https://steamstore-a.akamaihd.net/news/externalpost/Rock, Paper, Shotgun/1803527891932570"
1149460,2021-12-03,Release,Initial Release,https://store.steampowered.com/app/1149460
1149460,2024-12-19,Update,Icarus Week 159 Update | Launch Operations on the go with the C0NT4CT Radio,https://steamstore-a.akamaihd.net/news/externalpost/steam_community_announcements/1786573930632066
1149460,2025-02-23,Update,Survival game Icarus reimagines boss encounters alongside new Great Hunts DLC,https://steamstore-a.akamaihd.net/news/externalpost/PCGamesN/1792116353290916
1149460,2025-03-27,Update,Icarus Week 173 Update | New 9mm Submachine Gun and 5.56mm Assault Rifle,https://steamstore-a.akamaihd.net/news/externalpost/steam_community_announcements/1795283637833484
1149460,2025-07-18,Update,"Open-world survival game Icarus gets a fresh tier of apex weapons, and a new DLC",https://steamstore-a.akamaihd.net/news/externalpost/PCGamesN/1805431065383126
1149460,2025-10-23,Update,Icarus Week 203 Update | Workshop 5.56mm CHAC Ammo,https://steamstore-a.akamaihd.net/news/externalpost/steam_community_announcements/1814309641459622
1149460,2025-11-27,Update,Icarus Week 208 Update | Dangerous Horizons Expansion News & Wall Storage,https://steamstore-a.akamaihd.net/news/externalpost/steam_community_announcements/1817483467038207
1149460,2026-03-05,Update,Icarus Dangerous Horizons Expansion & Free Kepler Update,https://steamstore-a.akamaihd.net/news/externalpost/steam_community_announcements/1826362059922590
1506830,2021-10-01,Release,Initial Release,https://store.steampowered.com/app/1506830
1506830,2022-01-13,Update,EA Play* FIFA 22 FUT Season 3 XP Boost,https://steamstore-a.akamaihd.net/news/externalpost/steam_community_announcements/4224939931827652593
1506830,2022-02-07,Update,EA Play* FIFA 22 FUT Season 4 XP Boost,https://steamstore-a.akamaihd.net/news/externalpost/steam_community_announcements/4235074931862058165
1506830,2022-03-18,Update,Fantasy FUT brings the late-season drama to FIFA 22,https://steamstore-a.akamaihd.net/news/externalpost/steam_community_announcements/4259848535831745014
1506830,2022-04-26,Update,FIFA season starts early as May's PS Plus line-up is leaked,https://steamstore-a.akamaihd.net/news/externalpost/VG247/4348797798093232124
1506830,2022-05-24,Update,EA Play* FIFA 22 FUT Season 6 XP Boost,https://steamstore-a.akamaihd.net/news/externalpost/steam_community_announcements/4292505348843756067
1506830,2022-09-06,Update,EA Play* FIFA 22 FUT Season 9 XP Boost,https://steamstore-a.akamaihd.net/news/externalpost/steam_community_announcements/4621277624709014234
2358720,2024-08-14,Update,When is Black Myth Wukong coming out? PC release times,https://steamstore-a.akamaihd.net/news/externalpost/PCGamesN/5875594803675036362
2358720,2024-09-05,Update,"A Black Myth Wukong expansion is already being developed, report says",https://steamstore-a.akamaihd.net/news/externalpost/PCGamesN/6242640076596823814
2358720,2025-06-27,Update,Black Myth Wukong gets its first-ever Steam sale ten months after launch,https://steamstore-a.akamaihd.net/news/externalpost/PCGamesN/1803527891552205
880940,2018-08-11,Update,Pummel Party Release Date,https://steamstore-a.akamaihd.net/news/externalpost/steam_community_announcements/2454911758747881838
880940,2018-09-20,Release,Initial Release,https://store.steampowered.com/app/880940
880940,2018-10-29,Update,Halloween Content Update!,https://steamstore-a.akamaihd.net/news/externalpost/steam_community_announcements/2403127338445479656
880940,2023-08-28,Update,Update 1.13,https://steamstore-a.akamaihd.net/news/externalpost/steam_community_announcements/5141475722342117312
880940,2024-05-19,Update,Update 1.14 - Teams/Cosmetics,https://steamstore-a.akamaihd.net/news/externalpost/steam_community_announcements/5747233970429577057
2909400,2025-01-16,Update,FINAL FANTASY VII REBIRTH gets Steam Deck Verified ahead of release,https://steamstore-a.akamaihd.net/news/externalpost/GamingOnLinux/1789039014335045
2909400,2025-02-14,Update,Version 1.002 Release Notice,https://steamstore-a.akamaihd.net/news/externalpost/steam_community_announcements/1791580425993119
2909400,2025-11-04,Update,Version 1.004 Release Notice,https://steamstore-a.akamaihd.net/news/externalpost/steam_community_announcements/1815034433038722
730,2012-08-21,Release,Initial Release,https://store.steampowered.com/app/730
730,2025-01-24,Update,Seasons Change,https://steamstore-a.akamaihd.net/news/externalpost/steam_community_announcements/1789580505354868
730,2025-03-12,Update,Ambitious Counter-Strike mod suspends launch after alleged Valve response,https://steamstore-a.akamaihd.net/news/externalpost/PCGamesN/1794014851386309
730,2025-07-15,Update,Season Two: Episode One,https://steamstore-a.akamaihd.net/news/externalpost/steam_community_announcements/1805431065285704
730,2025-10-13,Update,Counter-Strike 2 Pre-Release Update,https://steamstore-a.akamaihd.net/news/externalpost/steam_community_announcements/1813041031352604
730,2026-01-21,Update,The Fourth Season,https://steamstore-a.akamaihd.net/news/externalpost/steam_community_announcements/1822556746157781
730,2026-03-19,Update,"Counter-Strike 2 gets a major update with reload changes, custom game modes",https://steamstore-a.akamaihd.net/news/externalpost/GamingOnLinux/1827626365752526
739630,2020-09-18,Release,Initial Release,https://store.steampowered.com/app/739630
739630,2024-06-25,Update,Eventide | Major Update v0.10.0.0,https://steamstore-a.akamaihd.net/news/externalpost/steam_community_announcements/5759622039993818606
739630,2024-10-28,Update,Crimson Eye | Major Update v0.11.0.0,https://steamstore-a.akamaihd.net/news/externalpost/steam_community_announcements/6212245217911949951
739630,2025-06-23,Update,"Phasmophobia devs 'don't want to walk into the live service area' with seasonal events, but still have plans to keep the community engaged",https://steamstore-a.akamaihd.net/news/externalpost/PC Gamer/1802893906860881
739630,2025-08-18,Update,Phasmophobia dev says there are 'plans for 1.0' and doesn't rule out a sequel: 'It would be a fun challenge to see if we could do another one',https://steamstore-a.akamaihd.net/news/externalpost/PC Gamer/1808061939474980
739630,2025-10-14,Update,"After 5 years Phasmophobia is closing in on its 1.0 release with immersive updates and more plans to come: 'If players are still there, we'll still be there'",https://steamstore-a.akamaihd.net/news/externalpost/PC Gamer/1813041031375375
739630,2025-11-11,Update,"Phasmophobia's latest update introduces a spooky diner, bringing the game one step closer to its 1.0 launch",https://steamstore-a.akamaihd.net/news/externalpost/PC Gamer/1815580768428345
739630,2026-02-24,Update,"6 Tanglewood Drive Rework Launches March 3rd, 2026",https://steamstore-a.akamaihd.net/news/externalpost/steam_community_announcements/1825093633197829
2488620,2024-05-31,Release,Initial Release,https://store.steampowered.com/app/2488620
2488620,2024-07-18,Update,CREATE HISTORY WITH F1® 24 SEASON TWO,https://steamstore-a.akamaihd.net/news/externalpost/steam_community_announcements/5969041959965081708
2488620,2024-09-11,Update,Last Chance to play the Season 2 - Red Bull Event Series,https://steamstore-a.akamaihd.net/news/externalpost/steam_community_announcements/6250522009509989026
2488620,2024-10-25,Update,McLaren Senna 30th Anniversary Events Series,https://steamstore-a.akamaihd.net/news/externalpost/steam_community_announcements/6212245217911858326
2488620,2024-12-16,Update,"Your 2024 season, wrapped",https://steamstore-a.akamaihd.net/news/externalpost/steam_community_announcements/1785774543658157
2488620,2025-01-06,Update,Embrace the winter break in F1® 24’s Season 5,https://steamstore-a.akamaihd.net/news/externalpost/steam_community_announcements/1787858252848010
960090,2018-12-17,Release,Initial Release,https://store.steampowered.com/app/960090
960090,2019-10-23,Update,Bloons TD 6 - Halloween update! Version 13.0,https://steamstore-a.akamaihd.net/news/externalpost/steam_community_announcements/2504491307401138105
960090,2020-07-08,Update,Bloons TD 6 - Update Notes! Version 19.0,https://steamstore-a.akamaihd.net/news/externalpost/steam_community_announcements/3444640809420687122
960090,2020-09-01,Update,Bloons TD 6 - Update Notes! Version 20.0,https://steamstore-a.akamaihd.net/news/externalpost/steam_community_announcements/3819570936609324126
960090,2020-10-14,Update,Bloons TD 6 - Update Notes! Version 21.0,https://steamstore-a.akamaihd.net/news/externalpost/steam_community_announcements/3854477638701992720
960090,2020-12-02,Update,Bloons TD 6 - Update Notes! Version 22.0 - Long live the Dartling Gunner!,https://steamstore-a.akamaihd.net/news/externalpost/steam_community_announcements/3856733878293229718
960090,2021-02-01,Update,Bloons TD 6 - Update Notes! Version 23.0,https://steamstore-a.akamaihd.net/news/externalpost/steam_community_announcements/4050393736354785236
960090,2021-03-10,Update,Bloons TD 6 - Update Notes! Version 24.0,https://steamstore-a.akamaihd.net/news/externalpost/steam_community_announcements/4058278841274951482
960090,2021-04-15,Update,Bloons TD 6 - Update Notes! Version 25.0,https://steamstore-a.akamaihd.net/news/externalpost/steam_community_announcements/4570566564993090260
960090,2021-06-03,Update,Bloons TD 6 - Update Notes! Version 26.0,https://steamstore-a.akamaihd.net/news/externalpost/steam_community_announcements/4093189347044204303
960090,2021-07-25,Update,Bloons TD 6 - Update Notes! Version 27.0,https://steamstore-a.akamaihd.net/news/externalpost/steam_community_announcements/4038024692298648995
960090,2021-10-13,Update,Bloons TD 6 - Update Notes! Version 28.0,https://steamstore-a.akamaihd.net/news/externalpost/steam_community_announcements/4101082696719316471
960090,2021-12-07,Update,Bloons TD 6 - Update Notes! Version 29.0,https://steamstore-a.akamaihd.net/news/externalpost/steam_community_announcements/4224936215404225738
960090,2022-02-07,Update,Bloons TD 6 - Update Notes! Version 30.0,https://steamstore-a.akamaihd.net/news/externalpost/steam_community_announcements/4235074931863838190
960090,2022-04-12,Update,Bloons TD 6 - Update Notes! Version 31.0,https://steamstore-a.akamaihd.net/news/externalpost/steam_community_announcements/4353300763398452247
960090,2022-08-03,Update,Bloons TD 6 - Update Notes! Version 32.0,https://steamstore-a.akamaihd.net/news/externalpost/steam_community_announcements/4598757090448664121
960090,2022-10-11,Update,Bloons TD 6 - Update Notes! Version 33.0,https://steamstore-a.akamaihd.net/news/externalpost/steam_community_announcements/4867853509329291426
960090,2022-12-07,Update,Bloons TD 6 - Update Notes! Version 34.0,https://steamstore-a.akamaihd.net/news/externalpost/steam_community_announcements/4980448574106314698
960090,2023-02-22,Update,Bloons TD 6 - Update Notes! Version 35.0,https://steamstore-a.akamaihd.net/news/externalpost/steam_community_announcements/5059268543354676433
960090,2023-04-03,Update,Bloons TD 6 - Update Notes! Version 36.0,https://steamstore-a.akamaihd.net/news/externalpost/steam_community_announcements/6839319551998213817
960090,2023-06-06,Update,Bloons TD 6 - Update Notes! Version 37.0,https://steamstore-a.akamaihd.net/news/externalpost/steam_community_announcements/5129083846333380257
960090,2023-07-25,Update,Bloons TD 6 - Update Notes! Version 38.0,https://steamstore-a.akamaihd.net/news/externalpost/steam_community_announcements/5124584686240871093
960090,2023-10-09,Update,Bloons TD 6 - Update Notes! Version 39.0,https://steamstore-a.akamaihd.net/news/externalpost/steam_community_announcements/5220292521196901006
960090,2023-12-05,Update,Bloons TD 6 - Update Notes! Version 40.0,https://steamstore-a.akamaihd.net/news/externalpost/steam_community_announcements/5395938616788854429
960090,2024-02-28,Update,Bloons TD 6 - Update Notes! Version 41.0,https://steamstore-a.akamaihd.net/news/externalpost/steam_community_announcements/5688680204368361455
960090,2024-04-07,Update,Bloons TD 6 - Update Notes! Version 42.0,https://steamstore-a.akamaihd.net/news/externalpost/steam_community_announcements/5756237364321190748
960090,2024-05-28,Update,Bloons TD 6 - Update Notes! Version 43.0,https://steamstore-a.akamaihd.net/news/externalpost/steam_community_announcements/5742731639324656894
960090,2024-07-08,Update,Plushie TimeWarp! + Dart Monkey and Jumbo MOAB 2.0,https://steamstore-a.akamaihd.net/news/externalpost/steam_community_announcements/5842939267350931089
960090,2024-07-31,Update,Bloons TD 6 - Version 44.0 Update Notes!,https://steamstore-a.akamaihd.net/news/externalpost/steam_community_announcements/5963413728333142084
960090,2024-10-08,Update,Bloons TD 6 - Version 45.0 Update Notes!,https://steamstore-a.akamaihd.net/news/externalpost/steam_community_announcements/6360862737590547577
960090,2024-12-10,Update,Bloons TD 6 v46.0 - Update Notes!,https://steamstore-a.akamaihd.net/news/externalpost/steam_community_announcements/1785321795777708
960090,2025-02-04,Update,Bloons TD 6 v47.0 - Update Notes!,https://steamstore-a.akamaihd.net/news/externalpost/steam_community_announcements/1790214123258174
960090,2025-08-26,Update,Bloons TD 6 50.0 Live Now!,https://steamstore-a.akamaihd.net/news/externalpost/steam_community_announcements/1809235871540290
960090,2025-10-14,Update,Bloons TD 6 51.0!,https://steamstore-a.akamaihd.net/news/externalpost/steam_community_announcements/1813674388887193
960090,2025-12-04,Update,Bloons TD 6 - Update 52.0,https://steamstore-a.akamaihd.net/news/externalpost/steam_community_announcements/1818118366174315
960090,2026-01-23,Update,Frontier Legends DLC Now 50% Off - Limited Time Only!,https://steamstore-a.akamaihd.net/news/externalpost/steam_community_announcements/1822556746161400
960090,2026-04-09,Update,Bloons TD 6 - Update 54.0,https://steamstore-a.akamaihd.net/news/externalpost/steam_community_announcements/1829528821308320
1669000,2023-05-02,Release,Initial Release,https://store.steampowered.com/app/1669000
1669000,2024-08-06,Update,Age of Wonders 4 - Mystic 1.3 Update,https://steamstore-a.akamaihd.net/news/externalpost/steam_community_announcements/5963413728353338528
1669000,2024-10-01,Update,Age of Wonders 4 - Expansion Pass 2 is Now Available!,https://steamstore-a.akamaihd.net/news/externalpost/steam_community_announcements/6339469370200689726
1669000,2024-10-24,Update,Dev Diary #37.5: Signature Skills and the Art of Heroes,https://steamstore-a.akamaihd.net/news/externalpost/steam_community_announcements/6212245217911823520
1669000,2024-11-18,Update,Age of Wonders 4 - Tiger 1.2 Update,https://steamstore-a.akamaihd.net/news/externalpost/steam_community_announcements/1783238125342701
1669000,2024-12-10,Update,Age of Wonders 4 - Tiger 1.3 Update,https://steamstore-a.akamaihd.net/news/externalpost/steam_community_announcements/1785321795768050
1669000,2025-04-01,Update,Paradox 4X game Age of Wonders 4 has a huge new DLC and free update,https://steamstore-a.akamaihd.net/news/externalpost/PCGamesN/1795283637985976
1669000,2025-05-02,Update,Age of Wonders 4 anniversary - join the celebration!,https://steamstore-a.akamaihd.net/news/externalpost/steam_community_announcements/1798454487632307
1669000,2025-06-16,Update,9/10 Paradox strategy game Age of Wonders 4 is about to get better with new DLC,https://steamstore-a.akamaihd.net/news/externalpost/PCGamesN/1802354289695635
1669000,2025-07-24,Update,Listen to the Official Soundtrack of Expansion Pass 2 on YouTube!,https://steamstore-a.akamaihd.net/news/externalpost/steam_community_announcements/1806064758611405
1669000,2025-08-26,Update,Griffon 1.2 Update - 26/08/2025,https://steamstore-a.akamaihd.net/news/externalpost/steam_community_announcements/1808601382608162
1669000,2025-09-30,Update,Expansion Pass 3 Out Now — Thrones of Blood coming November 11th!,https://steamstore-a.akamaihd.net/news/externalpost/steam_community_announcements/1811772772414617
1669000,2025-11-04,Update,"Join the final pre-release Stream on Thursday, November 6!",https://steamstore-a.akamaihd.net/news/externalpost/steam_community_announcements/1815034433038197
1669000,2025-11-25,Update,Gargoyle 1.2 Update - 25/11/2025,https://steamstore-a.akamaihd.net/news/externalpost/steam_community_announcements/1816849002023792
1669000,2026-03-10,Update,Join the Post-Release Rise from Ruin Dev Stream March 12th at 14:00 CET!,https://steamstore-a.akamaihd.net/news/externalpost/steam_community_announcements/1826362059932896
4700,2006-11-15,Release,Initial Release,https://store.steampowered.com/app/4700
4700,2011-07-01,Update,"Total War devs explain lack of mod tools for Empire and Napoleon, release data tables for modders",https://steamstore-a.akamaihd.net/news/externalpost/pcgamer/1135121880842499779
4700,2018-11-20,Update,"Total War: Napoleon, Empire, and Medieval II now include DLC for free",https://steamstore-a.akamaihd.net/news/externalpost/rps/3316234163932493352
4700,2019-01-20,Update,Medieval 2 s Elder Scrolls mod gets ever deeper in 2.0 update,https://steamstore-a.akamaihd.net/news/externalpost/pcgamer/2426778849027160148
4700,2019-11-17,Update,The Elder Scrolls: Total War mod releases its big 2.0 update,https://steamstore-a.akamaihd.net/news/externalpost/pcgamer/3657414904100125653
4700,2025-06-12,Update,Join us for the Total War 25th anniversary celebrations,https://steamstore-a.akamaihd.net/news/externalpost/steam_community_announcements/1802354289563800
4700,2025-09-02,Update,Total War 25th Anniversary: Medieval Retrospective,https://steamstore-a.akamaihd.net/news/externalpost/steam_community_announcements/1809235871750369
4700,2025-12-01,Update,25th Anniversary Showcase Timings,https://steamstore-a.akamaihd.net/news/externalpost/steam_community_announcements/1817483467045793
1284190,2024-04-10,Release,Initial Release,https://store.steampowered.com/app/1284190
1284190,2024-08-19,Update,Development Branch update - v1.209,https://steamstore-a.akamaihd.net/news/externalpost/steam_community_announcements/6909171012609562033
1284190,2024-10-03,Update,Development Branch update - v1.307,https://steamstore-a.akamaihd.net/news/externalpost/steam_community_announcements/6350729003493742239
1284190,2024-10-28,Update,Development Branch update - v1.317,https://steamstore-a.akamaihd.net/news/externalpost/steam_community_announcements/6212245217911948870
1284190,2024-11-26,Update,Development Branch update - v1.401,https://steamstore-a.akamaihd.net/news/externalpost/steam_community_announcements/1783872412145781
1284190,2025-01-13,Update,Development Branch update - v1.407,https://steamstore-a.akamaihd.net/news/externalpost/steam_community_announcements/1788311419146309
1284190,2025-02-04,Update,Development Branch update - v1.408,https://steamstore-a.akamaihd.net/news/externalpost/steam_community_announcements/1790214123237183
1284190,2025-04-15,Update,Development Branch update - v1.507,https://steamstore-a.akamaihd.net/news/externalpost/steam_community_announcements/1796631172407058
1284190,2025-05-06,Update,Development Branch update - v1.512,https://steamstore-a.akamaihd.net/news/externalpost/steam_community_announcements/1798454487764996
1284190,2025-05-27,Update,Development Branch update - v1.521,https://steamstore-a.akamaihd.net/news/externalpost/steam_community_announcements/1800357164571336
1284190,2025-09-09,Update,Next DLC development log - Toxicity,https://steamstore-a.akamaihd.net/news/externalpost/steam_community_announcements/1809869180199812
1284190,2025-10-16,Update,Development Branch update - v1.600,https://steamstore-a.akamaihd.net/news/externalpost/steam_community_announcements/1813674388931024
1284190,2025-11-06,Update,Development Branch update - v1.603,https://steamstore-a.akamaihd.net/news/externalpost/steam_community_announcements/1815580768262379
1284190,2025-12-03,Update,Development Branch update - v1.612,https://steamstore-a.akamaihd.net/news/externalpost/steam_community_announcements/1818118366170467
1284190,2026-01-14,Update,Development Branch update - v1.616,https://steamstore-a.akamaihd.net/news/externalpost/steam_community_announcements/1821922921810579
1284190,2026-03-12,Update,"""2.0 Update"" incoming & more in 2026!",https://steamstore-a.akamaihd.net/news/externalpost/steam_community_announcements/1826992588592554
1284190,2026-04-02,Update,Development Branch update - v2.004,https://steamstore-a.akamaihd.net/news/externalpost/steam_community_announcements/1828894815556994
200210,2012-02-20,Release,Initial Release,https://store.steampowered.com/app/200210
200210,2023-05-12,Update,Public Testing: New Season,https://steamstore-a.akamaihd.net/news/externalpost/steam_community_announcements/6557848386945379396
200210,2023-07-11,Update,Update: 3.4.1.0 - Season 7,https://steamstore-a.akamaihd.net/news/externalpost/steam_community_announcements/5124582150174110433
200210,2023-09-26,Update,Update 4.0.2.0 - Season 8 & Tavern,https://steamstore-a.akamaihd.net/news/externalpost/steam_community_announcements/5219165352641530716
200210,2023-11-07,Update,Update: 4.0.4.0 – Season 9,https://steamstore-a.akamaihd.net/news/externalpost/steam_community_announcements/5288974951224480680
200210,2024-01-09,Update,Update 4.1.2.0: Season 11,https://steamstore-a.akamaihd.net/news/externalpost/steam_community_announcements/5410576585198909587
200210,2024-02-06,Update,Update: 4.1.4.0 - Season 12,https://steamstore-a.akamaihd.net/news/externalpost/steam_community_announcements/5582843074958942205
200210,2024-03-12,Update,Update: 4.2.0.0 – Season 13,https://steamstore-a.akamaihd.net/news/externalpost/steam_community_announcements/5679673637670092784
200210,2024-04-11,Update,Update: 4.2.1.0 - Season 14,https://steamstore-a.akamaihd.net/news/externalpost/steam_community_announcements/5762993398272630998
200210,2024-05-07,Update,Update: 4.2.2.0 - Season 14 Part 2,https://steamstore-a.akamaihd.net/news/externalpost/steam_community_announcements/5766372999961349150
200210,2024-06-04,Update,Update: 4.2.3.0.0 - Season 15,https://steamstore-a.akamaihd.net/news/externalpost/steam_community_announcements/5742731639347892982
200210,2024-09-20,Update,Public Testing: Season 17,https://steamstore-a.akamaihd.net/news/externalpost/steam_community_announcements/6341720536506354613
200210,2024-11-26,Update,Update: 5.4.0.0 – Season 18,https://steamstore-a.akamaihd.net/news/externalpost/steam_community_announcements/1783872412146766
200210,2025-01-15,Update,Update: 5.6.0.0.0 - Ninja Rework + Season 19,https://steamstore-a.akamaihd.net/news/externalpost/steam_community_announcements/1788945554754050
200210,2025-03-11,Update,Update 5.9.0.0 - Season 20 + Account Levels,https://steamstore-a.akamaihd.net/news/externalpost/steam_community_announcements/1793384379531847
200210,2025-05-06,Update,Update 5.11.0.0 – Season 21 + Rarity Update,https://steamstore-a.akamaihd.net/news/externalpost/steam_community_announcements/1798454487760270
200210,2025-06-03,Update,Update 5.12.0.0 – Season 21 Part 2,https://steamstore-a.akamaihd.net/news/externalpost/steam_community_announcements/1800991756470255
200210,2025-06-24,Update,Update 5.13.0.0 – Season 22 - Relics of the Realm,https://steamstore-a.akamaihd.net/news/externalpost/steam_community_announcements/1802893906890411
200210,2025-08-05,Update,Update 5.15.0.0 – Season 23,https://steamstore-a.akamaihd.net/news/externalpost/steam_community_announcements/1806698490841127
200210,2025-11-18,Update,Update 6.3.0.0 - Season 25,https://steamstore-a.akamaihd.net/news/externalpost/steam_community_announcements/1816307528974255
200210,2025-12-16,Update,Season 25 Part 2: Oryxmas,https://steamstore-a.akamaihd.net/news/externalpost/steam_community_announcements/1818752592136303
200210,2026-02-24,Update,Season 27 Part 1: The Emberbloom Cycle,https://steamstore-a.akamaihd.net/news/externalpost/steam_community_announcements/1825093633197402
200210,2026-04-14,Update,Update 6.9.0.0 Season 28 Part I: Hydroflow,https://steamstore-a.akamaihd.net/news/externalpost/steam_community_announcements/1829528821318258
637090,2018-04-24,Release,Initial Release,https://store.steampowered.com/app/637090
637090,2018-06-20,Update,LIVE - BATTLETECH Update 1.1 Release Notes,https://steamstore-a.akamaihd.net/news/externalpost/steam_community_announcements/2499943313628183708
637090,2018-08-21,Update,"BattleTech's first expansion, Flashpoint, coming in November",https://steamstore-a.akamaihd.net/news/externalpost/pcgamer/2444779293780176077
637090,2018-11-27,Update,Battletech expansion Flashpoint and a free new mode are out now,https://steamstore-a.akamaihd.net/news/externalpost/rps/2415514774187585075
637090,2019-02-10,Update,This fan-made Battletech expansion adds a bunch of lore-friendly mechs,https://steamstore-a.akamaihd.net/news/externalpost/pcgamer/2461683368396065204
637090,2019-06-04,Update,LIVE - BATTLETECH Update 1.6 and Urban Warfare Paid Expansion Release Notes,https://steamstore-a.akamaihd.net/news/externalpost/steam_community_announcements/2400895196223189632
637090,2019-09-10,Update,LIVE - BATTLETECH 1.7 Update Release Notes,https://steamstore-a.akamaihd.net/news/externalpost/steam_community_announcements/2413289226973687560
637090,2019-10-19,Update,BattleTech going old school with Heavy Metal expansion,https://steamstore-a.akamaihd.net/news/externalpost/rps/2404285581867462589
637090,2019-11-21,Update,LIVE - BATTLETECH Update 1.8 and Heavy Metal Paid Expansion Release Notes,https://steamstore-a.akamaihd.net/news/externalpost/steam_community_announcements/2468465044717054208
637090,2020-02-12,Update,"With BattleTech's expansions done, Harebrained are focusing on two new projects",https://steamstore-a.akamaihd.net/news/externalpost/rps/2578810848681024944
22380,2010-10-19,Release,Initial Release,https://store.steampowered.com/app/22380
22380,2024-04-11,Update,"Mega spoiler warning, Amazon's Fallout TV Show rather unsubtly teases a potential setting for season two",https://steamstore-a.akamaihd.net/news/externalpost/VG247/5762993398272311412
22380,2024-06-19,Update,"UPDATE: After months of radio silence, DLC-sized New Vegas mod Fallout Nuevo Mexico is officially confirmed to be ""on hold""",https://steamstore-a.akamaihd.net/news/externalpost/VG247/5759622039972777169
22380,2024-08-07,Update,"Attention New Vegas heads, Fallout: London cut a whole Yes Man-style Wild Card main quest arc before release, but it’ll be arriving in a future update",https://steamstore-a.akamaihd.net/news/externalpost/VG247/5963414363386312753
22380,2024-11-08,Update,"Fallout season two will reportedly star Macaulay Culkin as a ""crazy genius-type character"", and I'm praying it's somehow the Mojave's top theoretical physicist",https://steamstore-a.akamaihd.net/news/externalpost/VG247/6148070194801624107
22380,2024-12-03,Update,"Alleged Fallout season two set pics have fans speculating New Vegas' Novac could show up, but I'm not believing it til I see the Dinky the dinosaur",https://steamstore-a.akamaihd.net/news/externalpost/VG247/1784506359175218
22380,2025-01-28,Update,"After a stop/start 2024, DLC-sized New Vegas mod Fallout Nuevo Mexico finally bites the cancellation bullet",https://steamstore-a.akamaihd.net/news/externalpost/VG247/1789580505465683
22380,2025-03-18,Update,Fresh Fallout TV show season 2 set leaks appear to show evidence of the New Vegas Strip being attacked by something that isn't an army of blokes in togas,https://steamstore-a.akamaihd.net/news/externalpost/VG247/1794102528233275
22380,2025-04-15,Update,"More Fallout TV show season 2 set leaks appear to offer a peek at another iconic New Vegas location, as well as hinting at pre-war scenes with stupid sexy Mr House",https://steamstore-a.akamaihd.net/news/externalpost/VG247/1796631172406070
22380,2025-05-09,Update,"Wahey, Fallout TV show season 2 has officially wrapped up filming, so now we wait for the release date bomb to drop",https://steamstore-a.akamaihd.net/news/externalpost/VG247/1799088287859626
22380,2026-02-25,Update,"A ""Cowboy Coalition"" battle NCR corporate imperialism in this freshly released Fallout: New Vegas quest mod",https://steamstore-a.akamaihd.net/news/externalpost/rps/1825727806704573
1284210,2022-08-23,Release,Initial Release,https://store.steampowered.com/app/1284210
1284210,2025-05-27,Update,"Studio Update: ""Absolution"" Launches June 3",https://steamstore-a.akamaihd.net/news/externalpost/steam_community_announcements/1800357164569294
1284210,2025-06-26,Update,Start Your Summer with up to 60% off Guild Wars 2 Expansions!,https://steamstore-a.akamaihd.net/news/externalpost/steam_community_announcements/1803527891515225
1284210,2025-08-19,Update,Celebrate 13 Years of Guild Wars 2 with up to 60% Off Expansions!,https://steamstore-a.akamaihd.net/news/externalpost/steam_community_announcements/1808061939507528
1284210,2025-10-27,Update,Our Visions of Eternity Launch Supply Drop Arrives Tomorrow!,https://steamstore-a.akamaihd.net/news/externalpost/steam_community_announcements/1814309641575096
1284210,2025-12-18,Update,Save on Expansions and Collections with the Year-End Sale!,https://steamstore-a.akamaihd.net/news/externalpost/steam_community_announcements/1819386365091412
1284210,2026-02-09,Update,Save on Expansions During the Steam PvP Fest!,https://steamstore-a.akamaihd.net/news/externalpost/steam_community_announcements/1823825466506188
2665680,2025-05-19,Release,Initial Release,https://store.steampowered.com/app/2665680
2665680,2025-07-31,Update,1.6.0 Summer Major Update – The largest overhaul since Early Access!,https://steamstore-a.akamaihd.net/news/externalpost/steam_community_announcements/1806698490675927
2665680,2025-09-30,Update,"Update 1.8.0 — Increased Gold, Stash Expansion, Blacksmith & Alchemist Services",https://steamstore-a.akamaihd.net/news/externalpost/steam_community_announcements/1811772772408656
2665680,2026-02-24,Update,Tower of Babel – Our 2026 Expansion Plans,https://steamstore-a.akamaihd.net/news/externalpost/steam_community_announcements/1825093633197637
438040,2016-02-24,Release,Initial Release,https://store.steampowered.com/app/438040
438040,2025-03-05,Update,"Update 24.5, Hellevator Survey and Weekend Events",https://steamstore-a.akamaihd.net/news/externalpost/steam_community_announcements/1793384379337004
438040,2025-04-23,Update,"Update 25.0, Silver Frame Pack and Weekend Events",https://steamstore-a.akamaihd.net/news/externalpost/steam_community_announcements/1797820624422719
438040,2025-05-23,Update,New World EU20 launching today!,https://steamstore-a.akamaihd.net/news/externalpost/steam_community_announcements/1800357164435548
438040,2025-06-18,Update,"16th Anniversary of S&F, Legendary Dungeon and Birthday Sale",https://steamstore-a.akamaihd.net/news/externalpost/steam_community_announcements/1802893906691918
438040,2025-07-23,Update,"Update 26.0, World Boss, World Boss Sale and Weekend Events",https://steamstore-a.akamaihd.net/news/externalpost/steam_community_announcements/1806064758572812
438040,2025-09-17,Update,"Update 27.5, Oktoberfest Events and Legendary Dungeon",https://steamstore-a.akamaihd.net/news/externalpost/steam_community_announcements/1811138915354493
438040,2025-10-28,Update,"Update 28.0, Plague Doctor, World Boss V2, Deeds & Titles",https://steamstore-a.akamaihd.net/news/externalpost/steam_community_announcements/1814309641606274
438040,2025-12-10,Update,Update 28.5 - Improvements and QoL Changes,https://steamstore-a.akamaihd.net/news/externalpost/steam_community_announcements/1818752592122082
438040,2026-03-21,Update,Update 29.5,https://steamstore-a.akamaihd.net/news/externalpost/steam_community_announcements/1827626365760974
381210,2016-06-14,Release,Initial Release,https://store.steampowered.com/app/381210
381210,2025-07-29,Update,The Walking Dead Chapter is now available on Steam!,https://steamstore-a.akamaihd.net/news/externalpost/steam_community_announcements/1806064758775475
381210,2025-09-24,Update,The Sinister Grace Chapter is now available on Steam!,https://steamstore-a.akamaihd.net/news/externalpost/steam_community_announcements/1811772772221796
381210,2025-11-27,Update,"A second Dead by Daylight Stranger Things chapter is on the way, seeing as you all loved the first one so much",https://steamstore-a.akamaihd.net/news/externalpost/PCGamesN/1817483467037496
381210,2026-01-06,Update,"Dead By Daylight's Stranger Things Chapter 2 just hit the PTB, and its new Vecna is even scarier than the last one",https://steamstore-a.akamaihd.net/news/externalpost/PCGamesN/1819386365126001
381210,2026-01-27,Update,The Dead by Daylight: Stranger Things Chapter 2 is now available on Steam!,https://steamstore-a.akamaihd.net/news/externalpost/steam_community_announcements/1822556746169982
381210,2026-02-25,Update,Dead by Daylight players aren't too happy that a sequel to its K-pop chapter completely ignores one of its original stars,https://steamstore-a.akamaihd.net/news/externalpost/PCGamesN/1825727806705564
381210,2026-03-18,Update,"Dead by Daylight's new K-pop chapter doesn't add a new killer, but it does sound like one more step towards a healthier game: 'It's a bit of a trial'",https://steamstore-a.akamaihd.net/news/externalpost/PC Gamer/1827626365751760
552520,2018-03-26,Release,Initial Release,https://store.steampowered.com/app/552520
552520,2018-08-17,Update,"Far Cry 5 s final, zombie-themed DLC lurches into view on August 28th",https://steamstore-a.akamaihd.net/news/externalpost/rps/2444779293766596394
552520,2021-04-21,Update,"Far Cry 5: release date, story, setting, co-op, system requirements - everything we know",https://steamstore-a.akamaihd.net/news/externalpost/PCGamesN/4074045243999853245
552520,2024-03-14,Update,Far Cry: 20th Anniversary Celebration,https://steamstore-a.akamaihd.net/news/externalpost/steam_community_announcements/7309977427435136127
220,2004-11-16,Release,Initial Release,https://store.steampowered.com/app/220
220,2023-11-28,Update,Ex Valve dev says Steam Early Access doesn't work for PC game launches,https://steamstore-a.akamaihd.net/news/externalpost/PCGamesN/5382426458995843000
220,2024-05-25,Update,Great moments in PC gaming: That time Valve released three new games on the same day,https://steamstore-a.akamaihd.net/news/externalpost/PC Gamer/5741605105616458084
220,2024-08-19,Update,Valve adds mysterious Half-Life 2 update right before 20th anniversary,https://steamstore-a.akamaihd.net/news/externalpost/PCGamesN/6909171012610254683
220,2024-10-21,Update,New Half-Life 2 Steam updates hint at something special for 20th anniversary,https://steamstore-a.akamaihd.net/news/externalpost/PCGamesN/6212244583190513769
220,2024-11-14,Update,This Half-Life 2 themed RTX 4080 Super almost makes up for the fact we're about to hit the game's 20th anniversary and there's still no Half-Life 3 in sight,https://steamstore-a.akamaihd.net/news/externalpost/PC Gamer/1783238125216529
1217060,2021-11-17,Release,Initial Release,https://store.steampowered.com/app/1217060
1217060,2023-05-12,Update,Update Notes：Fixed launch issue on Steam Deck,https://steamstore-a.akamaihd.net/news/externalpost/steam_community_announcements/6557848386943696298
1217060,2023-11-17,Update,Fourth Quarter Update Notice & 2nd Anniversary of Gunfire Reborn v1.0,https://steamstore-a.akamaihd.net/news/externalpost/steam_community_announcements/6560117310269971429
1217060,2024-01-12,Update,Update Notes 1/12: Season 1 - [Arcane Ascensions] begins!,https://steamstore-a.akamaihd.net/news/externalpost/steam_community_announcements/6300039510122512338
1217060,2024-04-24,Update,Tavern Chat #001：Season 2 Foresight,https://steamstore-a.akamaihd.net/news/externalpost/steam_community_announcements/5759616966660631842
1217060,2024-09-11,Update,"Update Notes - 9/12: ""Realm of Frost and Inkwash"" release, with base game update",https://steamstore-a.akamaihd.net/news/externalpost/steam_community_announcements/6250522009511818586
1217060,2024-11-08,Update,Tavern Chat #005: Mid-Season Update,https://steamstore-a.akamaihd.net/news/externalpost/steam_community_announcements/6148070194801622683
1217060,2024-12-31,Update,Tavern Chat #006: Season 4,https://steamstore-a.akamaihd.net/news/externalpost/steam_community_announcements/1786573930998165
1217060,2025-03-13,Update,Update Notes 3/14: Mid-Season Update for Season 4！,https://steamstore-a.akamaihd.net/news/externalpost/steam_community_announcements/1794102528093775
1217060,2025-05-15,Update,"Update Notes 5/16: Season 5 ""Arcane Talisman"" Released!",https://steamstore-a.akamaihd.net/news/externalpost/steam_community_announcements/1799817379488232
1217060,2025-07-03,Update,Update Notes 7/4: Mid-Season Update for Season 5！,https://steamstore-a.akamaihd.net/news/externalpost/steam_community_announcements/1803527891756089
1217060,2025-08-15,Update,"The New DLC ""Echoes from Primal Grove"" is now live on the Store Page!",https://steamstore-a.akamaihd.net/news/externalpost/steam_community_announcements/1808061939365329
1217060,2025-10-22,Update,"Update Notes - 10/23: ""Echoes from Primal Grove"" release, with base game update!",https://steamstore-a.akamaihd.net/news/externalpost/steam_community_announcements/1814309641429893
1217060,2025-11-18,Update,4th Anniversary of Gunfire Reborn v1.0 Release!,https://steamstore-a.akamaihd.net/news/externalpost/steam_community_announcements/1816307528972904
1217060,2025-12-11,Update,Update Notes - 12/12:Mid-Season Update for Season 6！,https://steamstore-a.akamaihd.net/news/externalpost/steam_community_announcements/1818752592125756
1217060,2026-01-23,Update,Tavern Chat #015: Season 7 Gameplay & New Weapons Incoming!,https://steamstore-a.akamaihd.net/news/externalpost/steam_community_announcements/1822556746161062
1217060,2026-03-19,Update,Update Notes - 3/20: Season 7 Mid-Season Update – Part I,https://steamstore-a.akamaihd.net/news/externalpost/steam_community_announcements/1827626365756409
1217060,2026-04-16,Update,Tavern Chat #017: Season 7 Gameplay Expansion!,https://steamstore-a.akamaihd.net/news/externalpost/steam_community_announcements/1830163047256916
1244460,2021-11-09,Release,Initial Release,https://store.steampowered.com/app/1244460
1244460,2022-05-21,Update,Jurassic World Evolution 2 Dominion movie DLC leaks for June,https://steamstore-a.akamaihd.net/news/externalpost/PCGamesN/4292505348833579385
1244460,2022-06-12,Update,Jurassic World Evolution 2 is getting Dominion DLC this month,https://steamstore-a.akamaihd.net/news/externalpost/PC Gamer/4480532686359649745
1244460,2022-11-08,Update,Join the Jurassic World Evolution 2 Anniversary Livestream - 9 November 2022,https://steamstore-a.akamaihd.net/news/externalpost/steam_community_announcements/4732747437220807452
1244460,2022-11-29,Update,Dominion Malta Expansion and Update 5 Coming December 8th 2022,https://steamstore-a.akamaihd.net/news/externalpost/steam_community_announcements/4836332027673751461
1244460,2023-06-06,Update,Jurassic Park management game marks the film's 30th anniversary by adding nostalgic set dressing and literal poop,https://steamstore-a.akamaihd.net/news/externalpost/PC Gamer/5151601211243934598
1903340,2025-04-24,Release,Initial Release,https://store.steampowered.com/app/1903340
1903340,2025-12-20,Update,"Amongst all the success, Clair Obscur: Expedition 33 studio Sandfall Interactive aren't interested in expansion",https://steamstore-a.akamaihd.net/news/externalpost/rps/1819386365098877
504230,2018-01-11,Update,Celeste gets a solid release date and a nine minute gameplay video,https://steamstore-a.akamaihd.net/news/externalpost/pcgamer/2747626897932905066
504230,2019-01-13,Update,"More details on Celeste s free DLC, but no release date yet",https://steamstore-a.akamaihd.net/news/externalpost/pcgamer/2711631078225955054
504230,2019-04-12,Update,"Celeste's extra-tough free DLC is ""on the home stretch"" but won't arrive this month",https://steamstore-a.akamaihd.net/news/externalpost/eurogamer/3763229740646624608
504230,2019-06-01,Update,Celeste's free ultra-hard DLC will contain more than 100 levels,https://steamstore-a.akamaihd.net/news/externalpost/pcgamer/2400895196212336592
504230,2019-09-05,Update,Celeste will finally get its Chapter 9 DLC next week,https://steamstore-a.akamaihd.net/news/externalpost/pcgamer/2413288973190634946
504230,2020-01-13,Update,Awesome Games Done Quick 2020 raised a whopping 2.3 million for charity,https://steamstore-a.akamaihd.net/news/externalpost/rps/2600199781655178836
504230,2021-01-11,Update,Awesome Games Done Quick 2021 raised $2.75 million for charity,"https://steamstore-a.akamaihd.net/news/externalpost/Rock, Paper, Shotgun/3942305442259266595"
504230,2024-01-30,Update,Beloved 9/10 Steam indie releases free game to celebrate birthday,https://steamstore-a.akamaihd.net/news/externalpost/PCGamesN/5519792046266436667
10500,2009-03-04,Release,Initial Release,https://store.steampowered.com/app/10500
10500,2010-03-31,Update,Empire: Total War Update Released,http://store.steampowered.com/news/3655/
10500,2010-10-01,Update,50% off on Napoleon and Empire Total War DLC.....and more!,http://store.steampowered.com/news/4420/
10500,2011-07-01,Update,"Total War devs explain lack of mod tools for Empire and Napoleon, release data tables for modders",https://steamstore-a.akamaihd.net/news/externalpost/pcgamer/1135121880842499779
10500,2012-07-13,Update,"Rome 2 lead designer talks ancient warfare, modding, DLC, and the importance of working with the community",https://steamstore-a.akamaihd.net/news/externalpost/pcgamer/1533724603058356872
10500,2018-11-20,Update,"Total War: Napoleon, Empire, and Medieval II now include DLC for free",https://steamstore-a.akamaihd.net/news/externalpost/rps/3316234163932493352
10500,2025-06-12,Update,Join us for the Total War 25th anniversary celebrations,https://steamstore-a.akamaihd.net/news/externalpost/steam_community_announcements/1802354289563797
10500,2025-09-19,Update,"Total War Empire just got a colossal new DLC with 44 factions, but not for PC",https://steamstore-a.akamaihd.net/news/externalpost/PCGamesN/1811138915426035
10500,2025-12-01,Update,25th Anniversary Showcase Timings,https://steamstore-a.akamaihd.net/news/externalpost/steam_community_announcements/1817483467045794
3059520,2025-05-30,Release,Initial Release,https://store.steampowered.com/app/3059520
3059520,2025-07-23,Update,SPRINT TO THE FINISH IN SEASON TWO,https://steamstore-a.akamaihd.net/news/externalpost/steam_community_announcements/1806064758576055
3059520,2025-09-17,Update,CELEBRATING A DECADE OF SPEED IN SEASON 3,https://steamstore-a.akamaihd.net/news/externalpost/steam_community_announcements/1811138915362796
3059520,2025-11-10,Update,SEASON 4 BRINGS A NEW MODE AND EVEN MORE REWARDS - NOW LIVE,https://steamstore-a.akamaihd.net/news/externalpost/steam_community_announcements/1815580768394862
3059520,2025-12-12,Update,Get 50% off* Chapter Scenarios* before 12/18,https://steamstore-a.akamaihd.net/news/externalpost/steam_community_announcements/1818752592127623
3059520,2026-01-07,Update,SEASON 5 CELEBRATES THE BIG STORIES OF THE 2025 SEASON,https://steamstore-a.akamaihd.net/news/externalpost/steam_community_announcements/1821288646576967
582010,2018-08-08,Release,Initial Release,https://store.steampowered.com/app/582010
582010,2023-11-21,Update,Monster Hunter 20th Anniversary - Hunters' Choice: Top Monster!,https://steamstore-a.akamaihd.net/news/externalpost/steam_community_announcements/5382426458970081558
582010,2024-03-13,Update,"Check out the ""Monster Hunter 20th Anniversary Special Program""!",https://steamstore-a.akamaihd.net/news/externalpost/steam_community_announcements/5686429670867006163
582010,2024-05-16,Update,Snag two of the best RPGs on Steam and their expansions for 85% off,https://steamstore-a.akamaihd.net/news/externalpost/PCGamesN/5747233970418370115
582010,2024-09-18,Update,Journey Back into Monster Hunter World: Iceborne for our 5th Anniversary!,https://steamstore-a.akamaihd.net/news/externalpost/steam_community_announcements/6341720536499350965
582010,2024-12-19,Update,Monster Hunter Wilds – Pre-Launch Community Update!,https://steamstore-a.akamaihd.net/news/externalpost/steam_community_announcements/1786409468880507
582010,2025-02-28,Update,Monster Hunter Wilds is Released on Steam!,https://steamstore-a.akamaihd.net/news/externalpost/steam_community_announcements/1792751526034229
365360,2017-03-24,Release,Initial Release,https://store.steampowered.com/app/365360
365360,2020-08-13,Update,Blazing Deserts Release,https://steamstore-a.akamaihd.net/news/externalpost/steam_community_announcements/4828375451919478788
365360,2021-02-18,Update,Switch Release Date,https://steamstore-a.akamaihd.net/news/externalpost/steam_community_announcements/4059402835310179200
365360,2021-03-11,Update,Switch Release,https://steamstore-a.akamaihd.net/news/externalpost/steam_community_announcements/4058278841277003568
365360,2021-04-27,Update,Anniversary Sale,https://steamstore-a.akamaihd.net/news/externalpost/steam_community_announcements/4074045244022642159
365360,2022-01-13,Update,PlayStation & Xbox Release,https://steamstore-a.akamaihd.net/news/externalpost/steam_community_announcements/4224939931828112926
365360,2022-02-20,Update,Tactics RPG Battle Brothers gets a free DLC with dissection and praying,https://steamstore-a.akamaihd.net/news/externalpost/PC Gamer/4246335198904132426
365670,2015-04-24,Release,Initial Release,https://store.steampowered.com/app/365670
365670,2022-12-07,Update,Blender 3.4 Released!,https://steamstore-a.akamaihd.net/news/externalpost/steam_community_announcements/4980448574105268026
365670,2023-03-29,Update,Blender 3.5 Released!,https://steamstore-a.akamaihd.net/news/externalpost/steam_community_announcements/5143714207947291403
365670,2023-06-27,Update,Blender 3.6 Released!,https://steamstore-a.akamaihd.net/news/externalpost/steam_community_announcements/5124581515273302100
365670,2023-11-14,Update,Blender 4.0 Released!,https://steamstore-a.akamaihd.net/news/externalpost/steam_community_announcements/5302486388016568328
365670,2024-03-26,Update,Blender 4.1 Released!,https://steamstore-a.akamaihd.net/news/externalpost/steam_community_announcements/5686430301736627285
365670,2024-07-16,Update,Blender 4.2 LTS Released,https://steamstore-a.akamaihd.net/news/externalpost/steam_community_announcements/6000566704284296942
365670,2024-11-19,Update,Blender 4.3 Released,https://steamstore-a.akamaihd.net/news/externalpost/steam_community_announcements/1783238125379297
365670,2025-03-18,Update,Blender 4.4 Released,https://steamstore-a.akamaihd.net/news/externalpost/steam_community_announcements/1794102528240371
365670,2025-07-15,Update,Blender 4.5 LTS Released,https://steamstore-a.akamaihd.net/news/externalpost/steam_community_announcements/1805065414367363
365670,2025-11-18,Update,Blender 5.0 Released,https://steamstore-a.akamaihd.net/news/externalpost/steam_community_announcements/1816307528974336
365670,2026-03-17,Update,Blender 5.1 Released,https://steamstore-a.akamaihd.net/news/externalpost/steam_community_announcements/1826992588604348
1677280,2023-02-23,Release,Initial Release,https://store.steampowered.com/app/1677280
1677280,2025-02-24,Update,2.0 Anniversary Update Mission Briefing,https://steamstore-a.akamaihd.net/news/externalpost/steam_community_announcements/1792116353333645
1677280,2025-03-26,Update,Stealth & Stronghold DLC,https://steamstore-a.akamaihd.net/news/externalpost/steam_community_announcements/1795283637793100
1677280,2025-11-06,Update,Endure & Defy Battlegroup DLC - Coming November 27th,https://steamstore-a.akamaihd.net/news/externalpost/steam_community_announcements/1815580768268561
1677280,2025-11-28,Update,New Company of Heroes 3 DLC transforms your battlefield tactics alongside a massive update for the WW2 strategy game,https://steamstore-a.akamaihd.net/news/externalpost/PCGamesN/1817483467040003
1677280,2026-04-16,Update,Dare & Destroy Battlegroup DLC - Coming May 14,https://steamstore-a.akamaihd.net/news/externalpost/steam_community_announcements/1830163047258057
1527950,2023-04-12,Release,Initial Release,https://store.steampowered.com/app/1527950
1527950,2024-04-10,Update,The Tavern Opens: Release Date,https://steamstore-a.akamaihd.net/news/externalpost/steam_community_announcements/5762993398269542659
1527950,2024-11-24,Update,Tactical open-world RPG Wartales celebrates a million sales with brutal new DLC,https://steamstore-a.akamaihd.net/news/externalpost/PCGamesN/1783872412077534
1527950,2025-09-21,Update,"Mercenary RPG Wartales' latest DLC adds one of its most hotly-requested features, fief management",https://steamstore-a.akamaihd.net/news/externalpost/PC Gamer/1811138915488383
1527950,2025-12-11,Update,Expansion: The Curse of Rigel - Out Now!,https://steamstore-a.akamaihd.net/news/externalpost/steam_community_announcements/1818752592123883
1029690,2021-12-10,Update,Sniper Elite 5 is set in France and launching next year,https://steamstore-a.akamaihd.net/news/externalpost/PCGamesN/4224936849655439285
1029690,2022-05-20,Update,Sniper Elite 5 Launch | All You Need to Know,https://steamstore-a.akamaihd.net/news/externalpost/steam_community_announcements/4292505348830416497
1029690,2022-07-26,Update,Sniper Elite 5 | Landing Force DLC | Update 1.21,https://steamstore-a.akamaihd.net/news/externalpost/steam_community_announcements/4598755821883497656
1029690,2022-10-25,Update,Sniper Elite 5 | Up Close and Personal DLC & Free Map,https://steamstore-a.akamaihd.net/news/externalpost/steam_community_announcements/4714731755430565920
1029690,2022-11-29,Update,Sniper Elite 5 free DLC pack adds a dose of the British airborne,https://steamstore-a.akamaihd.net/news/externalpost/PCGamesN/4836332027675106581
1029690,2023-01-24,Update,Sniper Elite 5 | Season 2 Update & Free Content,https://steamstore-a.akamaihd.net/news/externalpost/steam_community_announcements/5035621474429475216
1029690,2023-03-07,Update,Sniper Elite 5 | Rough Landing DLC Mission & Free Trench Warfare Weapon Pack,https://steamstore-a.akamaihd.net/news/externalpost/steam_community_announcements/5070528176580479511
1029690,2023-04-11,Update,Sniper Elite 5 | Death from Above DLC & Free No-Cross Map,https://steamstore-a.akamaihd.net/news/externalpost/steam_community_announcements/5121196841306629527
1029690,2023-05-23,Update,Sniper Elite 5 | Saboteur DLC & Free No-Cross Map,https://steamstore-a.akamaihd.net/news/externalpost/steam_community_announcements/5140340943323453673
1029690,2024-10-24,Update,Ready Your Rifle | Sniper Elite: Resistance Will Launch On January 30th 2025,https://steamstore-a.akamaihd.net/news/externalpost/steam_community_announcements/6212245217911822068
216150,2012-08-09,Release,Initial Release,https://store.steampowered.com/app/216150
1128810,2020-02-19,Release,Initial Release,https://store.steampowered.com/app/1128810
1128810,2024-07-25,Update,RISK Tourney: FFA World Championship Season 2 2024,https://steamstore-a.akamaihd.net/news/externalpost/steam_community_announcements/5963413094348986068
1128810,2024-08-21,Update,Season 19 is Here!,https://steamstore-a.akamaihd.net/news/externalpost/steam_community_announcements/5875595438684269524
1128810,2024-10-09,Update,RISK Update v3.16 - USA Advanced Launches October 16th,https://steamstore-a.akamaihd.net/news/externalpost/steam_community_announcements/6360862737590990337
1128810,2024-12-08,Update,RISK 3.17 Update is here!,https://steamstore-a.akamaihd.net/news/externalpost/steam_community_announcements/1785321795714575
1128810,2025-02-10,Update,"FFA Risk Tournament – Season 1, 2025 is here!",https://steamstore-a.akamaihd.net/news/externalpost/steam_community_announcements/1790848102749477
1128810,2025-03-18,Update,RISK Update v3.18 Release Notes,https://steamstore-a.akamaihd.net/news/externalpost/steam_community_announcements/1794102528229449
1128810,2025-05-16,Update,RISK: WHAT’S COMING TO UPDATE v3.19,https://steamstore-a.akamaihd.net/news/externalpost/steam_community_announcements/1799817379493979
1128810,2025-06-17,Update,SEASON 24 IS HERE,https://steamstore-a.akamaihd.net/news/externalpost/steam_community_announcements/1802893906681033
1128810,2025-07-20,Update,RISK Update v3.19 Release Notes,https://steamstore-a.akamaihd.net/news/externalpost/steam_community_announcements/1805431065452143
1128810,2025-08-15,Update,SEASON 25 IS HERE,https://steamstore-a.akamaihd.net/news/externalpost/steam_community_announcements/1808061939389714
1128810,2025-09-08,Update,COMING IN 3.20 - SMARTER BOT OUTS & SURRENDERING,https://steamstore-a.akamaihd.net/news/externalpost/steam_community_announcements/1809869180155683
1128810,2025-11-19,Update,RISK: WHAT’S COMING TO v3.21,https://steamstore-a.akamaihd.net/news/externalpost/steam_community_announcements/1816849002006718
1128810,2025-12-13,Update,SEASON 27 IS HERE,https://steamstore-a.akamaihd.net/news/externalpost/steam_community_announcements/1818752592130639
1128810,2026-02-11,Update,SEASON 28 IS HERE,https://steamstore-a.akamaihd.net/news/externalpost/steam_community_announcements/1824459501605217
2436940,2025-03-18,Update,Sephiria launches on April 3rd!,https://steamstore-a.akamaihd.net/news/externalpost/steam_community_announcements/1794102528232277
1401590,2023-12-05,Release,Initial Release,https://store.steampowered.com/app/1401590
1401590,2025-06-16,Update,Disney Dreamlight Valley The Storybook Vale Part 2: The Unwritten Realms – Everything you need to know about the second half of the DLC,https://steamstore-a.akamaihd.net/news/externalpost/PC Gamer/1802354289693751
1401590,2025-07-09,Update,New Disney Dreamlight Valley DLC update welcomes Princess Aurora and Maleficent,https://steamstore-a.akamaihd.net/news/externalpost/PCGamesN/1803527891933037
1401590,2025-09-03,Update,You can finally ride a horse in Disney Dreamlight Valley thanks to its new expansion coming this November,https://steamstore-a.akamaihd.net/news/externalpost/PC Gamer/1809869180008784
1401590,2025-11-19,Update,Disney Dreamlight Valley's Wishblossom Ranch DLC is the most fun I've had since I started playing the game three years ago,https://steamstore-a.akamaihd.net/news/externalpost/PC Gamer/1816849002008296
1401590,2025-12-26,Update,"2026 may be year of the horse, but 2025 certainly gave it a good go with the amount of horse-related games, expansions, and updates we've had",https://steamstore-a.akamaihd.net/news/externalpost/PC Gamer/1819386365109406
1401590,2026-03-30,Update,"Disney Dreamlight Valley's next free update releases next month, and it'll add Pocahontas",https://steamstore-a.akamaihd.net/news/externalpost/PC Gamer/1828441623109908
1569040,2021-09-09,Update,Football Manager 2022 release date set for November,https://steamstore-a.akamaihd.net/news/externalpost/PCGamesN/4020014731795460602
1569040,2021-11-09,Release,Initial Release,https://store.steampowered.com/app/1569040
1569040,2021-12-07,Update,Football Manager 2022 Major Update 22.2 Out Now!,https://steamstore-a.akamaihd.net/news/externalpost/steam_community_announcements/4224936215401453230
1569040,2022-04-01,Update,Mid-Season Tactical Adjustments: Tinkering,https://steamstore-a.akamaihd.net/news/externalpost/steam_community_announcements/4347669995463706519
2104890,2025-05-20,Release,Initial Release,https://store.steampowered.com/app/2104890
2104890,2025-06-10,Update,Patch Notes 1.6,https://steamstore-a.akamaihd.net/news/externalpost/steam_community_announcements/1801617199551584
2104890,2025-07-10,Update,Patch Notes 2.0,https://steamstore-a.akamaihd.net/news/externalpost/steam_community_announcements/1803527891955630
2104890,2025-08-07,Update,Patch Notes 3.0,https://steamstore-a.akamaihd.net/news/externalpost/steam_community_announcements/1807332909565562
2622000,2024-02-24,Update,Final Playtest before Launch,https://steamstore-a.akamaihd.net/news/externalpost/steam_community_announcements/5728086065188827199
1604030,2024-03-26,Update,V Rising is getting a free Castlevania crossover to coincide with its 1.0 launch,"https://steamstore-a.akamaihd.net/news/externalpost/Rock, Paper, Shotgun/5749481331431202444"
1604030,2024-04-20,Update,V Rising 1.0 will let you sip the blood of history's greatest vampire,https://steamstore-a.akamaihd.net/news/externalpost/PCGamesN/5762994032399218118
1604030,2024-05-12,Update,Stellar vampire survival game continues Steam climb after 1.0 launch,https://steamstore-a.akamaihd.net/news/externalpost/PCGamesN/5768625435409229552
1604030,2024-10-21,Update,Castlevania expands V Rising with free updates to its vampire filled DLC pack,https://steamstore-a.akamaihd.net/news/externalpost/PCGamesN/6212244583191630343
1604030,2025-04-09,Update,Update 1.1 Servers and Saves,https://steamstore-a.akamaihd.net/news/externalpost/steam_community_announcements/1796551539185384
1426210,2021-03-25,Release,Initial Release,https://store.steampowered.com/app/1426210
1426210,2024-05-29,Update,Steam Friends and Deck Verified — EA Launcher No Longer Required,https://steamstore-a.akamaihd.net/news/externalpost/steam_community_announcements/5742731639326874572
632360,2020-08-11,Release,Initial Release,https://store.steampowered.com/app/632360
632360,2022-01-31,Update,Risk of Rain 2's first expansion arrives soon with a sniper who can aim down sights,https://steamstore-a.akamaihd.net/news/externalpost/PCGamesN/4237326104335134382
632360,2023-11-08,Update,Risk of Rain 2 is getting a second expansion with a new big bad,https://steamstore-a.akamaihd.net/news/externalpost/PC Gamer/5302486387995623322
632360,2024-04-14,Update,New Risk of Rain 2 DLC comes with a big 67% discount,https://steamstore-a.akamaihd.net/news/externalpost/PCGamesN/6474562312192774019
632360,2024-08-29,Update,Gearbox's first Risk of Rain 2 expansion gets hammered on Steam as developer admits the PC version 'is in a really bad place',https://steamstore-a.akamaihd.net/news/externalpost/PC Gamer/6240387642455386716
632360,2024-11-05,Update,"Two months after the disastrous Seekers of the Storm expansion, Gearbox details its Risk of Rain 2 rescue plan, and players are actually pretty excited",https://steamstore-a.akamaihd.net/news/externalpost/PC Gamer/6146943657174072936
632360,2025-02-06,Update,2K 20th Anniversary Event,https://steamstore-a.akamaihd.net/news/externalpost/steam_community_announcements/1790848102626406
632360,2025-05-05,Update,Seekers of the Storm - 2.0 Relaunch - Survivor Revamp & Future Plans,https://steamstore-a.akamaihd.net/news/externalpost/steam_community_announcements/1798454487737517
632360,2025-08-21,Update,Franchise Sale & DLC3 Devlog #3 ETA...,https://steamstore-a.akamaihd.net/news/externalpost/steam_community_announcements/1808601382450580
632360,2025-10-07,Update,Dev Diary #4 - Drifter & Release Details!,https://steamstore-a.akamaihd.net/news/externalpost/steam_community_announcements/1811772772643655
632360,2025-11-18,Update,"Risk of Rain 2 Alloyed Collective DLC drops today, and I will go to war if anything harms my new drone buddies",https://steamstore-a.akamaihd.net/news/externalpost/PCGamesN/1816307528974269
883710,2019-01-24,Release,Initial Release,https://store.steampowered.com/app/883710
883710,2021-05-15,Update,Resident Evil 2 PC release time - here's when the remake unlocks on Steam,https://steamstore-a.akamaihd.net/news/externalpost/PCGamesN/4767601588118263486
883710,2022-07-14,Update,RE sale celebrates Netflix series launch!,https://steamstore-a.akamaihd.net/news/externalpost/steam_community_announcements/4937651144685000895
883710,2022-10-23,Update,"Capcom locks in the Nintendo Switch port release dates for Resident Evil 2, 3, and 7",https://steamstore-a.akamaihd.net/news/externalpost/VG247/4714731755422694121
883710,2023-09-14,Update,"The RE4 DLC ""Separate Ways"" launches 9/21! A free update is also coming!",https://steamstore-a.akamaihd.net/news/externalpost/steam_community_announcements/5480373588784685550
883710,2025-02-03,Update,"Six years after launch, Resident Evil 2 Remake just became harder than ever",https://steamstore-a.akamaihd.net/news/externalpost/PCGamesN/1790214123217080
883710,2025-06-06,Update,"The highly anticipated Resident Evil Requiem releases on February 27, 2026!",https://steamstore-a.akamaihd.net/news/externalpost/steam_community_announcements/1801617199445164
883710,2025-10-29,Update,"Launching on Feb 27, 2026! Pre-order now! Also info on pre-order bonus!",https://steamstore-a.akamaihd.net/news/externalpost/steam_community_announcements/1815034432855897
221100,2018-12-13,Release,Initial Release,https://store.steampowered.com/app/221100
221100,2023-10-05,Update,DayZ | 1.23 Experimental Update - Out Now,https://steamstore-a.akamaihd.net/news/externalpost/steam_community_announcements/5220292521180880867
221100,2023-11-07,Update,DayZ | 1.23 Stable Update - Out Now,https://steamstore-a.akamaihd.net/news/externalpost/steam_community_announcements/5288974951225054316
221100,2023-12-14,Update,DayZ 10th Year Anniversary & Christmas Event,https://steamstore-a.akamaihd.net/news/externalpost/steam_community_announcements/7585814657460507186
221100,2024-01-16,Update,Experimental update 1.24. - New Rifle - New Cosmetics and more,https://steamstore-a.akamaihd.net/news/externalpost/steam_community_announcements/6300039510138362487
221100,2024-02-20,Update,DayZ | 1.24 Stable Update - Out Now & DayZ in 2024,https://steamstore-a.akamaihd.net/news/externalpost/steam_community_announcements/8033928544511215768
221100,2024-04-23,Update,Experimental update 1.25 - New Rifle - New Sounds and more,https://steamstore-a.akamaihd.net/news/externalpost/steam_community_announcements/5762994032409282045
221100,2024-05-21,Update,DayZ Livonia DLC for FREE? DayZ new Soundtrack FREE?,https://steamstore-a.akamaihd.net/news/externalpost/steam_community_announcements/5747233970437181679
221100,2024-07-11,Update,Frostline Expansion Progress Report (Week 20-26),https://steamstore-a.akamaihd.net/news/externalpost/steam_community_announcements/5842939267360801654
221100,2024-08-06,Update,1.26 Experimental Release,https://steamstore-a.akamaihd.net/news/externalpost/steam_community_announcements/5963413728353445167
221100,2024-09-06,Update,DayZ Frostline Expansion Progress Report (Week 36),https://steamstore-a.akamaihd.net/news/externalpost/steam_community_announcements/6242640076600489007
221100,2024-10-14,Update,DayZ Frostline release Tomorrow! 15th Oct,https://steamstore-a.akamaihd.net/news/externalpost/steam_community_announcements/6211118320238129579
221100,2024-12-12,Update,DayZ Frostline Expansion on biggest sale to date! Don't miss out!,https://steamstore-a.akamaihd.net/news/externalpost/steam_community_announcements/1785774543527323
221100,2025-01-16,Update,1.27 Experimental Release,https://steamstore-a.akamaihd.net/news/externalpost/steam_community_announcements/1789039014336026
221100,2025-02-25,Update,DayZ | 1.27 Stable Update - Out Now & DayZ in 2025,https://steamstore-a.akamaihd.net/news/externalpost/steam_community_announcements/1792116353358040
221100,2025-04-15,Update,1.28 Experimental Release,https://steamstore-a.akamaihd.net/news/externalpost/steam_community_announcements/1796631172407063
221100,2025-06-03,Update,DayZ | 1.28 Stable Update - Out Now!,https://steamstore-a.akamaihd.net/news/externalpost/steam_community_announcements/1800991756473565
221100,2025-06-27,Update,"DayZ's Badlands expansion adds the survival game's biggest, most brutal map yet",https://steamstore-a.akamaihd.net/news/externalpost/PCGamesN/1803527891547551
221100,2025-08-14,Update,1.29 Experimental Release,https://steamstore-a.akamaihd.net/news/externalpost/steam_community_announcements/1808061939340491
221100,2025-10-27,Update,1.29 Update Status Report | DayZ Badlands News,https://steamstore-a.akamaihd.net/news/externalpost/steam_community_announcements/1814309641569799
221100,2026-02-05,Update,2026 DayZ Valentine Event | 1.29 Status Report,https://steamstore-a.akamaihd.net/news/externalpost/steam_community_announcements/1823825466496720
221100,2026-04-08,Update,DayZ | 1.29 Stable Update - Out Now & DayZ in 2026,https://steamstore-a.akamaihd.net/news/externalpost/steam_community_announcements/1829528821304244
1172470,2020-11-04,Release,Initial Release,https://store.steampowered.com/app/1172470
1172470,2025-10-22,Update,Ranked Matchmaking Test - Season 26,https://steamstore-a.akamaihd.net/news/externalpost/steam_community_announcements/1814309641416518
1172470,2026-01-06,Update,Amped Midseason Designer’s Notes,https://steamstore-a.akamaihd.net/news/externalpost/steam_community_announcements/1819386365126348
1172470,2026-03-23,Update,Breach Midseason Designer’s Notes,https://steamstore-a.akamaihd.net/news/externalpost/steam_community_announcements/1827626365763923
232090,2016-11-18,Release,Initial Release,https://store.steampowered.com/app/232090
232090,2021-11-05,Update,Merc Report - Season Greetings from Carillon Hamlet,https://steamstore-a.akamaihd.net/news/externalpost/steam_community_announcements/4186652991113858172
232090,2024-05-14,Update,Killing Floor Franchise 15 Year Anniversary,https://steamstore-a.akamaihd.net/news/externalpost/steam_community_announcements/5768625435414235737
244210,2014-08-29,Update,Update 0.22 now live,https://steamstore-a.akamaihd.net/news/externalpost/steam_community_announcements/544128976573379700
244210,2014-12-19,Release,Initial Release,https://store.steampowered.com/app/244210
244210,2015-03-11,Update,New Dream Pack #1 DLC and Update 1.1 available!,https://steamstore-a.akamaihd.net/news/externalpost/steam_community_announcements/515999235579666234
244210,2015-07-31,Update,Assetto Corsa v1.2 Changelog,https://steamstore-a.akamaihd.net/news/externalpost/steam_community_announcements/423688185539951521
244210,2015-10-08,Update,Assetto Corsa v1.3 and Dreampack 2 available!!!,https://steamstore-a.akamaihd.net/news/externalpost/steam_community_announcements/369651273079721348
244210,2015-12-15,Update,Assetto Corsa v1.4 available!,https://steamstore-a.akamaihd.net/news/externalpost/steam_community_announcements/377538367951152309
244210,2016-03-31,Update,Assetto Corsa 1.5 is available on Steam!,https://steamstore-a.akamaihd.net/news/externalpost/steam_community_announcements/260454846479701123
244210,2016-05-18,Update,Assetto Corsa v1.6 available! Don't miss the new Japanese Pack!,https://steamstore-a.akamaihd.net/news/externalpost/steam_community_announcements/3819571572130571920
244210,2016-07-14,Update,Assetto Corsa v1.7 and RED PACK available!,https://steamstore-a.akamaihd.net/news/externalpost/steam_community_announcements/3819571572130571700
244210,2016-08-26,Update,Assetto Corsa v1.8 and Tripl3 Pack available!,https://steamstore-a.akamaihd.net/news/externalpost/steam_community_announcements/3819571572130571586
244210,2016-10-25,Update,New DLC Available - Assetto Corsa - Porsche Pack I,http://store.steampowered.com/news/25134/
244210,2016-11-22,Update,Assetto Corsa v1.10 update available!,https://steamstore-a.akamaihd.net/news/externalpost/steam_community_announcements/3819571572130571384
244210,2016-12-20,Update,Assetto Corsa v1.11 and Porsche Pack III available!,https://steamstore-a.akamaihd.net/news/externalpost/steam_community_announcements/3819571572130571281
244210,2017-02-14,Update,Assetto Corsa v1.12 update available!,https://steamstore-a.akamaihd.net/news/externalpost/steam_community_announcements/75835955406702246
244210,2017-03-22,Update,Assetto Corsa v1.13 update available!,https://steamstore-a.akamaihd.net/news/externalpost/steam_community_announcements/75839596805555724
244210,2017-05-18,Update,New DLC Available - Assetto Corsa - Ready To Race Pack,http://store.steampowered.com/news/29520/
244210,2017-12-20,Update,Assetto Corsa v1.16 available! Bonus pack 3 including Laguna Seca circuit and 7 new cars!,https://steamstore-a.akamaihd.net/news/externalpost/steam_community_announcements/2284879949503373808
244210,2018-07-30,Update,Assetto Corsa Competizione gets a release date,https://steamstore-a.akamaihd.net/news/externalpost/eurogamer/2462791699384070301
3226530,2025-04-16,Update,⚔️PATCH NOTE 0.83⚔️,https://steamstore-a.akamaihd.net/news/externalpost/steam_community_announcements/1797185861617337
3226530,2025-05-07,Release,Initial Release,https://store.steampowered.com/app/3226530
3226530,2025-05-29,Update,⚔️PATCH NOTE 1.14⚔️,https://steamstore-a.akamaihd.net/news/externalpost/steam_community_announcements/1800991756318017
3226530,2025-06-19,Update,⚔️PATCH NOTE 1.31⚔️,https://steamstore-a.akamaihd.net/news/externalpost/steam_community_announcements/1802893906736349
3226530,2025-07-15,Update,⚔️PATCH NOTE 1.37⚔️,https://steamstore-a.akamaihd.net/news/externalpost/steam_community_announcements/1805065414369246
3226530,2025-10-16,Update,⚔️PATCH NOTE 1.64⚔️,https://steamstore-a.akamaihd.net/news/externalpost/steam_community_announcements/1813674388940675
2427700,2025-05-23,Update,🎒 Backpack Battles 1.0 is Coming June 13th!! 🎒,https://steamstore-a.akamaihd.net/news/externalpost/steam_community_announcements/1800357164434158
2427700,2025-06-13,Release,Initial Release,https://store.steampowered.com/app/2427700
2427700,2026-01-10,Update,Backpack Battles Mobile Launching on February 4th!,https://steamstore-a.akamaihd.net/news/externalpost/steam_community_announcements/1821288646582583
304390,2017-02-13,Release,Initial Release,https://store.steampowered.com/app/304390
304390,2020-12-10,Update,For Honor Year 4 Season 4 Mayhem is Here!,https://steamstore-a.akamaihd.net/news/externalpost/steam_community_announcements/3879252510633072250
304390,2021-03-08,Update,YEAR 5 SEASON 1: FIGHT TEAM UPDATE,https://steamstore-a.akamaihd.net/news/externalpost/steam_community_announcements/4057152305728099314
304390,2021-04-01,Update,Year 5 Season 1 Testing Grounds: Hero Improvements Overview,https://steamstore-a.akamaihd.net/news/externalpost/steam_community_announcements/4023377846276576265
304390,2021-07-01,Update,Year 5 Season 2 Testing Grounds: Improvements Overview,https://steamstore-a.akamaihd.net/news/externalpost/steam_community_announcements/4032392655089974732
304390,2023-12-07,Update,Patch Notes 2.481 – For Honor,https://steamstore-a.akamaihd.net/news/externalpost/steam_community_announcements/5395938616795590500
304390,2024-10-24,Update,The Dark Ether rises in For Honor Year 8 Season 3,https://steamstore-a.akamaihd.net/news/externalpost/steam_community_announcements/6212245217911826734
304390,2024-12-05,Update,Year 8 Season 4: The Serpent Sword,https://steamstore-a.akamaihd.net/news/externalpost/steam_community_announcements/1784506359250040
304390,2025-03-13,Update,Year 9 Season 1: Theaters of War,https://steamstore-a.akamaihd.net/news/externalpost/steam_community_announcements/1794102528078950
304390,2025-12-04,Update,NEW SEASON: CONQUEST IS HERE,https://steamstore-a.akamaihd.net/news/externalpost/steam_community_announcements/1818118366174512
1189490,2023-01-12,Release,Initial Release,https://store.steampowered.com/app/1189490
2666510,2024-04-02,Update,Rusty's Retirement releases on April 26th!,https://steamstore-a.akamaihd.net/news/externalpost/steam_community_announcements/5749481331455381232
2666510,2024-04-26,Release,Initial Release,https://store.steampowered.com/app/2666510
1468810,2022-01-26,Update,1st Year Anniversary and Lunar New Year Discount!,https://steamstore-a.akamaihd.net/news/externalpost/steam_community_announcements/4237326104316276491
1468810,2022-05-31,Update,Mod Contest Launched now!,https://steamstore-a.akamaihd.net/news/externalpost/steam_community_announcements/4437747060844242373
1468810,2023-05-26,Release,Initial Release,https://store.steampowered.com/app/1468810
1468810,2024-12-13,Update,【Destiny & Eccentrics】Major update coming on Decembe 26th! New DLC preorder Now!,https://steamstore-a.akamaihd.net/news/externalpost/steam_community_announcements/1785774543575922
440,2007-10-10,Release,Initial Release,https://store.steampowered.com/app/440
440,2025-08-14,Update,Team Fortress 2 Update Released,https://steamstore-a.akamaihd.net/news/externalpost/steam_community_announcements/1808061939352871
440,2025-09-12,Update,ETF2L is hosting its 50th 6v6 Season!,https://steamstore-a.akamaihd.net/news/externalpost/steam_community_announcements/1810503566470329
440,2025-10-09,Update,Team Fortress 2 Update Released,https://store.steampowered.com/news/254063/
440,2025-10-30,Update,Team Fortress 2 Update Released,https://steamstore-a.akamaihd.net/news/externalpost/steam_community_announcements/1815034432886304
440,2025-12-07,Update,"A decade in the making, long-awaited mod Team Fortress 2 Classic has a new name and a release date following Valve clash",https://steamstore-a.akamaihd.net/news/externalpost/PCGamesN/1818118366180628
440,2026-01-30,Update,"Thousands of players flood into Team Fortress 2 Classified, the free 'TF2 Classic' mod that just launched on Steam",https://steamstore-a.akamaihd.net/news/externalpost/PC Gamer/1823191198606682
440,2026-03-06,Update,Team Fortress 2 Update Released,https://steamstore-a.akamaihd.net/news/externalpost/steam_community_announcements/1826362059925231
1313140,2022-08-11,Release,Initial Release,https://store.steampowered.com/app/1313140
1313140,2024-01-09,Update,Cult Of The Lamb's so-called sex update will launch January 16th,https://steamstore-a.akamaihd.net/news/externalpost/rps/5510783579244750034
1313140,2024-02-14,Update,IT'S THE SEASON OF LAMB LOVE ,https://steamstore-a.akamaihd.net/news/externalpost/steam_community_announcements/5750603429272207934
1313140,2024-08-20,Update,The Pilgrim Pack DLC is Out Now! New Twitch Drops Live!,https://steamstore-a.akamaihd.net/news/externalpost/steam_community_announcements/6909171012614366796
1313140,2025-08-19,Update,Introducing WOOLHAVEN: Cult of the Lamb's HUGE New Story Expansion,https://steamstore-a.akamaihd.net/news/externalpost/steam_community_announcements/1808061939511295
1313140,2026-01-22,Update,DLC Story Expansion Woolhaven Out Now!,https://steamstore-a.akamaihd.net/news/externalpost/steam_community_announcements/1822556746159557
2646460,2024-11-25,Update,"Soulmask Annual Update is OUT NOW! Big Sale, New Mounts, Free DLC And More!",https://steamstore-a.akamaihd.net/news/externalpost/steam_community_announcements/1783872412103983
2646460,2025-05-30,Update,Soulmask Steam Anniversary Special Gift!,https://steamstore-a.akamaihd.net/news/externalpost/steam_community_announcements/1800991756364763
2646460,2025-09-05,Update,Soulmask is Officially Scheduled for 1.0 Launch in Q4 2025!,https://steamstore-a.akamaihd.net/news/externalpost/steam_community_announcements/1809869180058408
2646460,2025-09-28,Update,"Soulmask 1.0 & ""Shifting Sands"" Egypt DLC launching together in 2025!",https://steamstore-a.akamaihd.net/news/externalpost/steam_community_announcements/1811772772347565
2646460,2025-11-28,Update,Recap: Shifting Sands DLC at WePlay 2025!,https://steamstore-a.akamaihd.net/news/externalpost/steam_community_announcements/1817483467038921
2646460,2026-03-05,Update,Soulmask Enters the Final Stage of Early Access & 1.0 FAQ,https://steamstore-a.akamaihd.net/news/externalpost/steam_community_announcements/1826362059920527
2646460,2026-03-27,Update,"Soulmask Pricing Update: 1.0 Stays the Same, Egypt DLC Free During Launch Month",https://steamstore-a.akamaihd.net/news/externalpost/steam_community_announcements/1828441623104496
2993780,2025-02-14,Update,"FANTASY LIFE i: The Girl Who Steals Time is set to release on Wed, May 21st !",https://steamstore-a.akamaihd.net/news/externalpost/steam_community_announcements/1791580425995464
2993780,2025-05-21,Release,Initial Release,https://store.steampowered.com/app/2993780
2993780,2025-07-09,Update,🌟 Over 1.2 Million Copies Sold Worldwide! 🌟,https://steamstore-a.akamaihd.net/news/externalpost/steam_community_announcements/1803527891925949
2993780,2025-12-24,Update,"Free Major DLC ""The Sinister Broker Bazario’s Schemes"" is available now!",https://steamstore-a.akamaihd.net/news/externalpost/steam_community_announcements/1819386365106377
812140,2018-10-05,Release,Initial Release,https://store.steampowered.com/app/812140
812140,2019-01-25,Update,Assassin s Creed Odyssey DLC to be tweaked after forced romance backlash,https://steamstore-a.akamaihd.net/news/externalpost/rps/2425653583386819706
812140,2019-02-25,Update,Ubisoft replacing Assassin's Creed Odyssey's controversial DLC ending tomorrow,https://steamstore-a.akamaihd.net/news/externalpost/eurogamer/2480825216204243678
812140,2019-04-17,Update,Assassin's Creed Odyssey DLC heads to the afterlife next week,https://steamstore-a.akamaihd.net/news/externalpost/pcgamer/2434668385543207510
812140,2019-05-25,Update,Part two of Assassin's Creed Odyssey's Fate of Atlantis DLC out next month,https://steamstore-a.akamaihd.net/news/externalpost/pcgamer/2408775863526842996
812140,2019-07-04,Update,Assassin's Creed: Odyssey will get its final DLC episode later this month,https://steamstore-a.akamaihd.net/news/externalpost/pcgamer/2436926440594368462
812140,2019-08-27,Update,Assassin's Creed Odyssey's Fate of Atlantis Episode 1 DLC currently free,https://steamstore-a.akamaihd.net/news/externalpost/eurogamer/2416665403789067236
812140,2019-10-02,Update,Assassin's Creed Odyssey celebrates its anniversary with a 5-week epic event,https://steamstore-a.akamaihd.net/news/externalpost/pcgamer/2426802221714796605
812140,2020-05-15,Update,Epic Games Store launches a month-long Mega Sale,https://steamstore-a.akamaihd.net/news/externalpost/eurogamer/4742798899912413496
812140,2021-05-15,Update,Assassin's Creed Odyssey release date - all the latest details on the new Assassin's Creed,https://steamstore-a.akamaihd.net/news/externalpost/PCGamesN/4767601588118364931
1876890,2023-08-26,Update,We Have An Official Release Date!,https://steamstore-a.akamaihd.net/news/externalpost/steam_community_announcements/5141475722334591739
1876890,2024-03-13,Update,Southern Chronicles Major Update - NOW LIVE!,https://steamstore-a.akamaihd.net/news/externalpost/steam_community_announcements/7309977427433246077
1876890,2024-09-14,Update,One Year Anniversary Celebration!,https://steamstore-a.akamaihd.net/news/externalpost/steam_community_announcements/6250522009522378788
1876890,2024-10-24,Update,Our Long Awaited Major Update is Finally Here!,https://steamstore-a.akamaihd.net/news/externalpost/steam_community_announcements/6212245217911841039
1876890,2025-04-23,Update,New Side Story Unfolds: Secrets of the Eastern Sea DLC,https://steamstore-a.akamaihd.net/news/externalpost/steam_community_announcements/1797820624446285
444200,2016-11-09,Release,Initial Release,https://store.steampowered.com/app/444200
444200,2024-09-02,Update,Season 1 Tanks Are Returning!,https://steamstore-a.akamaihd.net/news/externalpost/steam_community_announcements/6240387642467977168
444200,2024-09-25,Update,Season 5: Legends Update,https://steamstore-a.akamaihd.net/news/externalpost/steam_community_announcements/6339469370178057965
1477830,2021-01-05,Release,Initial Release,https://store.steampowered.com/app/1477830
1477830,2022-08-21,Update,New release #5435,https://steamstore-a.akamaihd.net/news/externalpost/steam_community_announcements/4584121659791809519
1477830,2023-12-12,Update,HudSight Version 2 (major update) #6900,https://steamstore-a.akamaihd.net/news/externalpost/steam_community_announcements/5395938616812102946
1477830,2024-09-10,Update,Fix release #6959,https://steamstore-a.akamaihd.net/news/externalpost/steam_community_announcements/6242640076614130127
1477830,2024-10-28,Update,Release #6990 notes,https://steamstore-a.akamaihd.net/news/externalpost/steam_community_announcements/6212245217911943541
1940340,2023-05-08,Release,Initial Release,https://store.steampowered.com/app/1940340
1940340,2024-11-25,Update,"Kingdoms: Hunger of the Beast Clan and Inhuman Bondage Release January 27, 2025",https://steamstore-a.akamaihd.net/news/externalpost/steam_community_announcements/1783872412111871
1940340,2025-01-27,Update,Kingdoms Game Mode + Inhuman Bondage DLC Available Now,https://steamstore-a.akamaihd.net/news/externalpost/steam_community_announcements/1789580505442819
1940340,2025-03-27,Update,Kingdoms: Secrets of the Coven releases on April 14,https://steamstore-a.akamaihd.net/news/externalpost/steam_community_announcements/1795283637828942
1940340,2025-05-07,Update,Pre-order the Darkest Dungeon II Anniversary Edition!,https://steamstore-a.akamaihd.net/news/externalpost/steam_community_announcements/1799088287807253
1940340,2025-07-31,Update,Kingdoms: Curse of the Court Releases August 28!,https://steamstore-a.akamaihd.net/news/externalpost/steam_community_announcements/1806698490686172
814380,2019-03-21,Release,Initial Release,https://store.steampowered.com/app/814380
814380,2019-05-02,Update,Where could a Sekiro expansion go next?,https://steamstore-a.akamaihd.net/news/externalpost/pcgamer/2404270358322639968
814380,2023-08-25,Update,Armored Core 6: Fires of Rubicon is FromSoftware's biggest Steam launch (that isn't Elden Ring),https://steamstore-a.akamaihd.net/news/externalpost/VG247/5141475722331050080
814380,2024-07-08,Update,"Parrying god defeats the hardest boss in Sekiro without moving, admits 'I really need a DLC'",https://steamstore-a.akamaihd.net/news/externalpost/PC Gamer/5842939267350229156
1203220,2021-08-11,Release,Initial Release,https://store.steampowered.com/app/1203220
1203220,2025-07-08,Update,NARAKA: BLADEPOINT – The End of Ignis Season,https://steamstore-a.akamaihd.net/news/externalpost/steam_community_announcements/1803527891892429
1203220,2026-01-04,Update,Season 19: Skybreak - New Shuffle Map and more events!,https://steamstore-a.akamaihd.net/news/externalpost/steam_community_announcements/1819386365122721
2456740,2025-03-27,Release,Initial Release,https://store.steampowered.com/app/2456740
2456740,2025-04-25,Update,Kjun's Letter: Looking Back on inZOI's Early Access Release,https://steamstore-a.akamaihd.net/news/externalpost/steam_community_announcements/1797820624487140
2456740,2025-07-18,Update,Kjun's Letter: Addressing Player Feedback and Launching the Brainstorm Channel,https://steamstore-a.akamaihd.net/news/externalpost/steam_community_announcements/1805431065362219
2456740,2025-08-20,Update,inZOI: Island Getaway DLC Launch Event,https://steamstore-a.akamaihd.net/news/externalpost/steam_community_announcements/1808601382410125
2456740,2026-03-26,Update,inZOI 1st Anniversary Survey,https://steamstore-a.akamaihd.net/news/externalpost/steam_community_announcements/1827626365769778
719890,2018-12-21,Release,Initial Release,https://store.steampowered.com/app/719890
719890,2023-12-07,Update,New Warpaint Cosmetic Overlays DLC!,https://steamstore-a.akamaihd.net/news/externalpost/steam_community_announcements/5395938616795363997
271590,2015-04-13,Release,Initial Release,https://store.steampowered.com/app/271590
271590,2025-10-03,Update,Celebrate Spooky Season as Halloween Haunts Los Santos,https://steamstore-a.akamaihd.net/news/externalpost/steam_community_announcements/1811772772505767
271590,2026-01-14,Update,Rockstar launch official roleplay mods store where you can spend $67 to turn GTA into Euro Truck Simulator 2,https://steamstore-a.akamaihd.net/news/externalpost/rps/1821922921811254
2617700,2024-10-14,Update,☠️Tinkerlands Goes Spooky: The New Major Update is Here!,https://steamstore-a.akamaihd.net/news/externalpost/steam_community_announcements/6211118320238448005
2617700,2025-05-21,Update,Tinkerlands Launches in 2 Days!,https://steamstore-a.akamaihd.net/news/externalpost/steam_community_announcements/1800357164376957
1086940,2023-08-03,Release,Initial Release,https://store.steampowered.com/app/1086940
1086940,2025-12-25,Update,"Baldur's Gate 3 started on top and kept on climbing: Larian said it wouldn't make a sequel, then drip fed us an expansion's worth of free updates into 2025",https://steamstore-a.akamaihd.net/news/externalpost/PC Gamer/1819386365108047
1086940,2026-02-23,Update,Elon Musk reportedly delayed a Grok update because it kept getting Baldur's Gate 3 facts wrong,https://steamstore-a.akamaihd.net/news/externalpost/PCGamesN/1825093633193738
601510,2017-11-16,Release,Initial Release,https://store.steampowered.com/app/601510
601510,2021-09-28,Update,"""Yu-Gi-Oh! ARC-V"" World Release & Celebration Campaign!",https://steamstore-a.akamaihd.net/news/externalpost/steam_community_announcements/3936699406887292873
601510,2021-11-04,Update,"""Yu-Gi-Oh!"" 25th Anniversary Celebration Campaign!",https://steamstore-a.akamaihd.net/news/externalpost/steam_community_announcements/4186652991111284163
601510,2022-01-11,Update,5th Anniversary Celebration!,https://steamstore-a.akamaihd.net/news/externalpost/steam_community_announcements/4224939931822337863
601510,2022-09-28,Update,Yu-Gi-Oh! VRAINS World Release Celebration Campaign!,https://steamstore-a.akamaihd.net/news/externalpost/steam_community_announcements/4588629064106329126
601510,2022-10-31,Update,77.7 Billion Cards Distributed! Items Giveaway!,https://steamstore-a.akamaihd.net/news/externalpost/steam_community_announcements/4706851091187056984
601510,2023-01-11,Update,6th Anniversary Celebration Campaign!,https://steamstore-a.akamaihd.net/news/externalpost/steam_community_announcements/5035620840529038994
601510,2023-03-16,Update,Yu-Gi-Oh! Card Game 25th Anniversary! Special items giveaway!,https://steamstore-a.akamaihd.net/news/externalpost/steam_community_announcements/5125698536855540272
601510,2024-01-11,Update,7th Anniversary Celebration Campaign!,https://steamstore-a.akamaihd.net/news/externalpost/steam_community_announcements/6300039510121513709
601510,2024-02-27,Update,"Experience the pinnacle of power! ""Maximum Summon"" Launch Campaign",https://steamstore-a.akamaihd.net/news/externalpost/steam_community_announcements/5688680204364604773
601510,2024-03-25,Update,"Campaign to Commemorate 2,500 Days since Launch",https://steamstore-a.akamaihd.net/news/externalpost/steam_community_announcements/5686430301734419325
601510,2024-10-01,Update,GO RUSH!! World Release & Massive Major Update Campaign,https://steamstore-a.akamaihd.net/news/externalpost/steam_community_announcements/6339469370199524649
601510,2025-01-11,Update,8th Anniversary Celebration Campaign,https://steamstore-a.akamaihd.net/news/externalpost/steam_community_announcements/1788311419098985
601510,2025-02-17,Update,Yu-Gi-Oh! EARLY DAYS COLLECTION Release Celebration Campaign,https://steamstore-a.akamaihd.net/news/externalpost/steam_community_announcements/1791580426086019
601510,2025-03-26,Update,"Campaign to Commemorate 3,000 Days since Launch",https://steamstore-a.akamaihd.net/news/externalpost/steam_community_announcements/1795283637780280
601510,2026-01-13,Update,9th Anniversary Celebration Campaign,https://steamstore-a.akamaihd.net/news/externalpost/steam_community_announcements/1821288646588702
10,2000-11-01,Release,Initial Release,https://store.steampowered.com/app/10
10,2014-02-21,Update,Counter-Strike: Global Offensive launches new Operation containing eight fan favourite maps,https://steamstore-a.akamaihd.net/news/externalpost/pcgamer/920162436855674446
10,2016-12-05,Update,Someone's modding CS 1.6 into CS:GO,https://steamstore-a.akamaihd.net/news/externalpost/pcgamer/91592053121197667
10,2017-07-10,Update,Counter-Strike 1.6 Update released,https://steamstore-a.akamaihd.net/news/externalpost/steam_community_announcements/2078825132647745552
10,2018-08-21,Update,Counter-Strike 1.6 update released,https://steamstore-a.akamaihd.net/news/externalpost/steam_community_announcements/2444779293780537454
10,2019-04-15,Update,Counter-Strike 1.6 updates released,https://steamstore-a.akamaihd.net/news/externalpost/steam_community_announcements/3763229740658789533
10,2019-10-08,Update,Counter-Strike 1.6 update released,https://steamstore-a.akamaihd.net/news/externalpost/steam_community_announcements/2426802221737564686
10,2020-08-18,Update,Counter-Strike 1.6 update released,https://steamstore-a.akamaihd.net/news/externalpost/steam_community_announcements/4828375451938582079
10,2023-02-02,Update,Play Counter-Strike 1.6 in your browser,https://steamstore-a.akamaihd.net/news/externalpost/PC Gamer/5035622743881038718
10,2025-03-17,Update,"Counter-Strike 1.6 is getting a total remake, built by the legendary ProMod team",https://steamstore-a.akamaihd.net/news/externalpost/PCGamesN/1794102528201167
10,2025-05-08,Update,The mod that aimed to recreate Counter-Strike 1.6 in CS:GO is now officially cancelled following 'abrupt actions by Valve that prevent us from releasing' the project,https://steamstore-a.akamaihd.net/news/externalpost/PC Gamer/1799088287838261
10,2026-01-02,Update,"Development of a Counter-Strike 1.6 remake has been ""frozen"" as Valve silence leaves its future in doubt",https://steamstore-a.akamaihd.net/news/externalpost/PCGamesN/1819386365118825
2273430,2024-01-15,Update,Pre-Official Release Q&A,https://steamstore-a.akamaihd.net/news/externalpost/steam_community_announcements/6300039510133961770
2273430,2024-02-14,Release,Initial Release,https://store.steampowered.com/app/2273430
2273430,2024-06-26,Update,June Major Update: CO-OP Training Now Available,https://steamstore-a.akamaihd.net/news/externalpost/steam_community_announcements/5842939267307863924
2273430,2024-07-24,Update,Rachel DLC Now Available!,https://steamstore-a.akamaihd.net/news/externalpost/steam_community_announcements/5963413094346677349
2273430,2025-01-15,Update,"HAZAMA DLC, New Boss & ICEY Crossover- Anniversary Pack Will Launch on 20th Jan!",https://steamstore-a.akamaihd.net/news/externalpost/steam_community_announcements/1788945554758989
2273430,2025-05-20,Update,Couch Co-op Delayed (Already Launched!) – But a 30% Discount is back!,https://steamstore-a.akamaihd.net/news/externalpost/steam_community_announcements/1799817379625178
2273430,2025-06-20,Update,New DLC Character Bullet Arrives June 26th!,https://steamstore-a.akamaihd.net/news/externalpost/steam_community_announcements/1802893906760697
601150,2019-03-02,Update,Launch Times,https://steamstore-a.akamaihd.net/news/externalpost/steam_community_announcements/2534869043310484353
601150,2019-08-05,Update,Devil May Cry 5 is down to 24.99 in the Gamesplanet Summer Sale,https://steamstore-a.akamaihd.net/news/externalpost/eurogamer/2412159905940116225
601150,2020-09-16,Update,Vergil Slashes His Way into Devil May Cry 5 as a Playable Character in New DLC!,https://steamstore-a.akamaihd.net/news/externalpost/steam_community_announcements/3819572206265868169
601150,2020-10-27,Update,Devil May Cry 5's Vergil DLC is out in December,https://steamstore-a.akamaihd.net/news/externalpost/PCGamesN/3895010671354837038
601150,2020-12-14,Update,"The Dark Slayer Returns -- DMC5's ""Playable Character: Vergil DLC"" is Out Now!",https://steamstore-a.akamaihd.net/news/externalpost/steam_community_announcements/3879252510648048500
601150,2021-09-01,Update,Devil May Cry franchise sale celebrating the series' 20th anniversary,https://steamstore-a.akamaihd.net/news/externalpost/steam_community_announcements/4020014099084044379
1203620,2024-01-24,Release,Initial Release,https://store.steampowered.com/app/1203620
1203620,2024-11-05,Update,"Enshrouded's biggest update ever is here, as the survival game nears 1.0",https://steamstore-a.akamaihd.net/news/externalpost/PCGamesN/6146943657174063734
1203620,2025-01-28,Update,"New Enshrouded update makes multiplayer much easier, as 1.0 window is set",https://steamstore-a.akamaihd.net/news/externalpost/PCGamesN/1789580505470348
1203620,2025-11-16,Update,"Enshrouded's director tells us it's on track for 1.0, but that ""there's no reason to stop"" once the survival game hits full release",https://steamstore-a.akamaihd.net/news/externalpost/PCGamesN/1816307528968264
1203620,2026-01-21,Update,"As it approaches its second early access anniversary, Enshrouded gets a 1.0 release window for later this year","https://steamstore-a.akamaihd.net/news/externalpost/Rock, Paper, Shotgun/1822556746157274"
2567870,2024-06-19,Release,Initial Release,https://store.steampowered.com/app/2567870
2071280,2024-04-10,Update,The Fall of Avalon Update will be released on April 22nd!,https://steamstore-a.akamaihd.net/news/externalpost/steam_community_announcements/5762993398269918960
2071280,2024-07-18,Update,Version 1.0 on the way! - Dev Diary #10,https://steamstore-a.akamaihd.net/news/externalpost/steam_community_announcements/5969041959965132891
2071280,2024-08-20,Update,Carmilla will join the Ravenswatch in version 1.0!,https://steamstore-a.akamaihd.net/news/externalpost/steam_community_announcements/6909171012614200963
2071280,2024-09-19,Update,One week before Ravenswatch 1.0!,https://steamstore-a.akamaihd.net/news/externalpost/steam_community_announcements/6341720536503019538
2071280,2024-12-06,Update,Free Ravenswatch DLC will bring a pair of new characters to the Steam roguelike,https://steamstore-a.akamaihd.net/news/externalpost/PCGamesN/1785321795646091
2071280,2025-01-30,Update,Action roguelike Ravenswatch introduces new boss fights in first major update,https://steamstore-a.akamaihd.net/news/externalpost/PCGamesN/1790214123089897
2071280,2025-03-27,Update,Important news about the Romeo & Juliet free DLC,https://steamstore-a.akamaihd.net/news/externalpost/steam_community_announcements/1795283637813622
2071280,2025-05-16,Update,The Romeo & Juliet free DLC releases on May 27!,https://steamstore-a.akamaihd.net/news/externalpost/steam_community_announcements/1799817379493996
2071280,2026-01-19,Update,The Merlin Hero DLC and Free Update are live!,https://steamstore-a.akamaihd.net/news/externalpost/steam_community_announcements/1821922921820653
1286830,2020-07-21,Release,Initial Release,https://store.steampowered.com/app/1286830
1286830,2025-01-07,Update,SWTOR Galactic Season Objectives: January 7 - February 17,https://steamstore-a.akamaihd.net/news/externalpost/steam_community_announcements/1787858252889249
1286830,2025-03-10,Update,Galactic Seasons 8 “Rising Powers”,https://steamstore-a.akamaihd.net/news/externalpost/steam_community_announcements/1793384379509154
1286830,2025-05-05,Update,Game Update 7.7 livestream coming May 8th!,https://steamstore-a.akamaihd.net/news/externalpost/steam_community_announcements/1798454487733351
1286830,2025-05-28,Update,Game Update 7.7 “Dynamic Worlds” is now live!,https://steamstore-a.akamaihd.net/news/externalpost/steam_community_announcements/1800991756282764
1286830,2025-06-30,Update,SWTOR Galactic Seasons Objectives: July 1 - July 28,https://steamstore-a.akamaihd.net/news/externalpost/steam_community_announcements/1803527891644268
1286830,2025-08-18,Update,Galactic Season 9 “Flashpoint Resurgence”,https://steamstore-a.akamaihd.net/news/externalpost/steam_community_announcements/1808061939482590
1286830,2025-09-15,Update,SWTOR Galactic Seasons Objectives: September 16 - October 13,https://steamstore-a.akamaihd.net/news/externalpost/steam_community_announcements/1810503566555109
1286830,2025-10-13,Update,SWTOR Galactic Seasons Objectives: October 14 - November 10,https://steamstore-a.akamaihd.net/news/externalpost/steam_community_announcements/1813041031342399
1286830,2025-11-10,Update,SWTOR Galactic Seasons Objectives: November 11 - December 8,https://steamstore-a.akamaihd.net/news/externalpost/steam_community_announcements/1815580768403220
1286830,2025-12-04,Update,"Game Update 7.8 ""Pursuit of Ruin"" coming December 9th!",https://steamstore-a.akamaihd.net/news/externalpost/steam_community_announcements/1818118366174185
1286830,2026-01-12,Update,SWTOR Galactic Seasons Objectives: January 13 - February 16,https://steamstore-a.akamaihd.net/news/externalpost/steam_community_announcements/1821288646586609
1286830,2026-03-10,Update,Galactic Seasons 10 “Secrets of the Syndicate”,https://steamstore-a.akamaihd.net/news/externalpost/steam_community_announcements/1826362059933303
1286830,2026-04-07,Update,SWTOR Galactic Seasons Objectives: April 7 - May 5,https://steamstore-a.akamaihd.net/news/externalpost/steam_community_announcements/1828894815568162
2142790,2024-08-05,Release,Initial Release,https://store.steampowered.com/app/2142790
2142790,2025-02-12,Update,Second Major Update Coming March 10th!,https://steamstore-a.akamaihd.net/news/externalpost/steam_community_announcements/1791482680864893
2142790,2025-03-15,Update,"The hottest farming sim since Stardew Valley just got its second major update, adding lava caves and pets you unlock by having a 'pet dream'",https://steamstore-a.akamaihd.net/news/externalpost/PC Gamer/1794102528141692
2142790,2025-07-20,Update,Fields of Mistria's third major update has arrived including a huge NPC romance upgrade,https://steamstore-a.akamaihd.net/news/externalpost/PC Gamer/1805431065440351
2142790,2025-08-12,Update,Fields of Mistria Collection Launches at Fangamer,https://steamstore-a.akamaihd.net/news/externalpost/steam_community_announcements/1807332909741567
203770,2012-02-14,Release,Initial Release,https://store.steampowered.com/app/203770
203770,2019-05-28,Update,Crusader Kings II: 3.2 Iron Century is now live!,https://steamstore-a.akamaihd.net/news/externalpost/steam_community_announcements/2408775863537265532
203770,2019-10-20,Update,Get Crusader Kings 2 DLC The Old Gods for free,https://steamstore-a.akamaihd.net/news/externalpost/pcgamer/2404285581873822554
203770,2019-11-26,Update,The Autumn Sale is here! All CK2 DLCs are discounted at 50%!,https://steamstore-a.akamaihd.net/news/externalpost/steam_community_announcements/2551782186252114400
203770,2020-05-14,Update,Crusader Kings 3 will launch on September 1st,https://steamstore-a.akamaihd.net/news/externalpost/rps/4742798819311085050
203770,2020-06-25,Update,The Summer Sale is here! All CK2 DLCs are discounted at 50%!,https://steamstore-a.akamaihd.net/news/externalpost/steam_community_announcements/3444639924494684260
203770,2020-09-01,Update,🎉 CK3 OFFICIAL RELEASE STREAM - Join us at 17:30 CEST! 🎉,https://steamstore-a.akamaihd.net/news/externalpost/steam_community_announcements/3788045105541706639
203770,2020-09-29,Update,The complete Crusader Kings 2 DLC guide,https://steamstore-a.akamaihd.net/news/externalpost/PCGamesN/3715990047712310019
203770,2021-02-18,Update,Crusader Kings 2 gets monthly subscription offering all-access to its mountain of DLC,https://steamstore-a.akamaihd.net/news/externalpost/eurogamer/4059402835311201303
1238860,2020-06-11,Release,Initial Release,https://store.steampowered.com/app/1238860
1238860,2023-10-31,Update,Play Now: Season 6: Dark Protocol,https://steamstore-a.akamaihd.net/news/externalpost/steam_community_announcements/5229301621594741643
655500,2019-10-07,Release,Initial Release,https://store.steampowered.com/app/655500
221380,2013-04-09,Release,Initial Release,https://store.steampowered.com/app/221380
221380,2015-06-09,Update,Natural Wonders of the New Expansion,https://steamstore-a.akamaihd.net/news/externalpost/steam_community_announcements/519384546602898354
221380,2015-07-02,Update,Pat 4.2 Update,https://steamstore-a.akamaihd.net/news/externalpost/steam_community_announcements/424811489603231820
221380,2015-08-13,Update,Patch 4.3 Released!,https://steamstore-a.akamaihd.net/news/externalpost/steam_community_announcements/419185796423530059
221380,2015-11-05,Update,Age of Empires II HD: The African Kingdoms Released!,https://steamstore-a.akamaihd.net/news/externalpost/steam_community_announcements/378661012844415826
221380,2016-12-15,Update,Patch 4.9 is now live!,https://steamstore-a.akamaihd.net/news/externalpost/steam_community_announcements/3819571572130097667
221380,2017-01-23,Update,Patch 5.1,https://steamstore-a.akamaihd.net/news/externalpost/steam_community_announcements/3819571572130096651
221380,2017-04-18,Update,Patch Notes - 5.3 (Live),https://steamstore-a.akamaihd.net/news/externalpost/steam_community_announcements/75841595766475829
221380,2017-06-20,Update,Patch Notes - 5.4 (Live),https://steamstore-a.akamaihd.net/news/externalpost/steam_community_announcements/3044845282406011160
221380,2017-09-14,Update,Patch Notes - 5.5 (Live),https://steamstore-a.akamaihd.net/news/externalpost/steam_community_announcements/3136051487764840798
221380,2017-12-04,Update,Patch Notes - 5.6 (Live),https://steamstore-a.akamaihd.net/news/externalpost/steam_community_announcements/2152021858912162044
221380,2018-01-24,Update,Patch Notes - 5.7 (Live),https://steamstore-a.akamaihd.net/news/externalpost/steam_community_announcements/2356940714978935739
221380,2021-01-26,Update,Lords of the West—the first expansion for Age II: DE—is now available!,https://steamstore-a.akamaihd.net/news/externalpost/steam_community_announcements/4043637702566310129
323190,2018-04-24,Release,Initial Release,https://store.steampowered.com/app/323190
323190,2020-08-12,Update,Frostpunk's final expansion On The Edge gets gameplay breakdown in new dev video,https://steamstore-a.akamaihd.net/news/externalpost/eurogamer/3667572547702251666
323190,2020-10-06,Update,Frostpunk: The Board Game Launches its Kickstarter Campaign,https://steamstore-a.akamaihd.net/news/externalpost/steam_community_announcements/3807188575867492696
323190,2021-06-08,Update,Frostpunk DLCs on Console: Q3 2021,https://steamstore-a.akamaihd.net/news/externalpost/steam_community_announcements/4093189347061542031
323190,2021-07-21,Update,Frostpunk Expansions on Xbox One and Playstation 4 - LIVE!,https://steamstore-a.akamaihd.net/news/externalpost/steam_community_announcements/4038024692283116521
323190,2024-01-30,Update,The second vinyl release of Frostpunk OST available for pre-orders!,https://steamstore-a.akamaihd.net/news/externalpost/steam_community_announcements/5519792046266747080
323190,2025-10-14,Update,"My favorite city-builder, Frostpunk, just hit its lowest price ever with all DLC",https://steamstore-a.akamaihd.net/news/externalpost/PCGamesN/1813041031370978
2679460,2024-10-10,Release,Initial Release,https://store.steampowered.com/app/2679460
2679460,2024-10-31,Update,Patch Notes 1.09,https://steamstore-a.akamaihd.net/news/externalpost/steam_community_announcements/6146943657173915706
2679460,2025-10-17,Update,Anniversary Promotion for Metaphor: ReFantazio x HYTE Collection - Until Oct 19,https://steamstore-a.akamaihd.net/news/externalpost/steam_community_announcements/1813674388987133
1371580,2024-02-21,Release,Initial Release,https://store.steampowered.com/app/1371580
1371580,2025-01-23,Update,Myth of Empires – Persia DLC New Mounts and Horse Grooming Feature,https://steamstore-a.akamaihd.net/news/externalpost/steam_community_announcements/1789580505323774
1371580,2025-02-26,Update,Myth of Empires - Xizhou Civilization DLC launching on March 21! Pre-orders now,https://steamstore-a.akamaihd.net/news/externalpost/steam_community_announcements/1792751525992311
1371580,2025-03-20,Update,Myth of Empires: Xizhou Civilization DLC is Now Live – S4 Season Begins!,https://steamstore-a.akamaihd.net/news/externalpost/steam_community_announcements/1794830910889530
1371580,2025-06-18,Update,Myth of Empires Base Game & DLCs On Sale!,https://steamstore-a.akamaihd.net/news/externalpost/steam_community_announcements/1802893906689138
1056640,2020-08-05,Release,Initial Release,https://store.steampowered.com/app/1056640
1056640,2024-07-16,Update,Super Phantasy Festival: PSO2 12th Anniversary Campaign,https://steamstore-a.akamaihd.net/news/externalpost/steam_community_announcements/6000566704283503060
1172380,2019-11-14,Release,Initial Release,https://store.steampowered.com/app/1172380
1172380,2020-05-04,Update,STAR WARS JEDI: FALLEN ORDER™ FREE CONTENT UPDATE,https://steamstore-a.akamaihd.net/news/externalpost/steam_community_announcements/3127131079140840291
2479810,2024-04-30,Release,Initial Release,https://store.steampowered.com/app/2479810
2479810,2025-05-19,Update,Catch the Release Date Stream,https://steamstore-a.akamaihd.net/news/externalpost/steam_community_announcements/1799817379602733
2479810,2025-12-01,Update,Watch the Community Briefing for Update 0.4 News,https://steamstore-a.akamaihd.net/news/externalpost/steam_community_announcements/1817483467045605
2479810,2026-02-27,Update,Get Your First Look at Update 0.4,https://steamstore-a.akamaihd.net/news/externalpost/steam_community_announcements/1825727806711227
534380,2022-02-03,Release,Initial Release,https://store.steampowered.com/app/534380
534380,2024-12-11,Update,Update 1.20 - Winter Tales: Gifts from Above 2024 Update,https://steamstore-a.akamaihd.net/news/externalpost/steam_community_announcements/1785774543494879
534380,2025-01-20,Update,WATCH THE 10TH ANNIVERSARY STREAM!,https://steamstore-a.akamaihd.net/news/externalpost/steam_community_announcements/1789039014469134
534380,2025-02-13,Update,10th Anniversary of Dying Light franchise - Survey,https://steamstore-a.akamaihd.net/news/externalpost/steam_community_announcements/1791580425969317
534380,2025-04-17,Update,Update 1.22 — Spring Update,https://steamstore-a.akamaihd.net/news/externalpost/steam_community_announcements/1797185861640327
534380,2025-06-06,Update,"Dying Light: The Beast Releases August 22, 2025",https://steamstore-a.akamaihd.net/news/externalpost/steam_community_announcements/1801617199438215
534380,2025-09-12,Update,Dying Light: The Beast Global Launch Time,https://steamstore-a.akamaihd.net/news/externalpost/steam_community_announcements/1810503566453786
534380,2026-02-18,Update,Final days of Anniversary Sale,https://steamstore-a.akamaihd.net/news/externalpost/steam_community_announcements/1825093633182262
1250410,2020-08-17,Release,Initial Release,https://store.steampowered.com/app/1250410
1250410,2024-01-30,Update,Microsoft Flight Simulator Releases Local Legend 14: The Bell 47J Ranger,https://steamstore-a.akamaihd.net/news/externalpost/steam_community_announcements/5519792046267043765
1250410,2024-04-16,Update,Microsoft Flight Simulator Releases City Update 06: Southwest Germany,https://steamstore-a.akamaihd.net/news/externalpost/steam_community_announcements/6474562312199715121
1250410,2024-05-28,Update,Microsoft Flight Simulator Releases City Update 7: European Cities II,https://steamstore-a.akamaihd.net/news/externalpost/steam_community_announcements/5741605105625921759
1250410,2024-07-02,Update,Microsoft Flight Simulator Releases City Update IX: Northeastern United States,https://steamstore-a.akamaihd.net/news/externalpost/steam_community_announcements/5842939267328068516
1250410,2024-07-23,Update,Microsoft Flight Simulator Releases World Update XVII: United Kingdom & Ireland!,https://steamstore-a.akamaihd.net/news/externalpost/steam_community_announcements/5969041959982984159
1250410,2025-04-22,Update,Microsoft Flight Simulator Releases City Update 10: United States I,https://steamstore-a.akamaihd.net/news/externalpost/steam_community_announcements/1797185861802281
1250410,2025-06-27,Update,Microsoft Flight Simulator Releases City Update 11: Northeastern United States 2,https://steamstore-a.akamaihd.net/news/externalpost/steam_community_announcements/1803527891543259
594650,2019-08-27,Release,Initial Release,https://store.steampowered.com/app/594650
594650,2025-09-24,Update,Update 2.5 & Web of the Empress Now Live!,https://steamstore-a.akamaihd.net/news/externalpost/steam_community_announcements/1811772772208512
594650,2025-10-20,Update,Cry of the Caged Bird DLC - Available Now!,https://steamstore-a.akamaihd.net/news/externalpost/steam_community_announcements/1813674389070305
594650,2025-12-11,Update,Update 2.6 Now Live!,https://steamstore-a.akamaihd.net/news/externalpost/steam_community_announcements/1818752592123356
594650,2026-02-18,Update,8th Anniversary - Community Weapon Skin Contest,https://steamstore-a.akamaihd.net/news/externalpost/steam_community_announcements/1825093633183198
594650,2026-03-18,Update,(UPD) Investigating Bugs - Bounty Clash and ‘The Madness of Montresor’ DLC,https://steamstore-a.akamaihd.net/news/externalpost/steam_community_announcements/1827626365751244
594650,2026-04-09,Update,The Heart of Lower DeSalle DLC | Hunt: Showdown 1896,https://steamstore-a.akamaihd.net/news/externalpost/steam_community_announcements/1829528821309098
553850,2024-02-08,Release,Initial Release,https://store.steampowered.com/app/553850
553850,2025-07-10,Update,Helldivers 2 Control Group Warbond launches July 17!,https://steamstore-a.akamaihd.net/news/externalpost/steam_community_announcements/1803527891960756
553850,2025-08-26,Update,Helldivers 2: Into the Unjust launches September 2!,https://steamstore-a.akamaihd.net/news/externalpost/steam_community_announcements/1808601382607663
815370,2019-09-05,Release,Initial Release,https://store.steampowered.com/app/815370
815370,2021-09-21,Update,Green Hell's next chapter has been delayed,https://steamstore-a.akamaihd.net/news/externalpost/PC Gamer/3936699406864776759
815370,2023-01-12,Update,Building Update - full release coming on January 23rd!,https://steamstore-a.akamaihd.net/news/externalpost/steam_community_announcements/5035620840531318800
815370,2023-05-31,Update,4.5 million Adventurers!,https://steamstore-a.akamaihd.net/news/externalpost/steam_community_announcements/5151601211222404836
815370,2024-08-30,Update,We've got an anniversary present for you!,https://steamstore-a.akamaihd.net/news/externalpost/steam_community_announcements/6240387642457702118
815370,2025-08-18,Update,StarRupture launches in Early Access this January!,https://steamstore-a.akamaihd.net/news/externalpost/steam_community_announcements/1808061939469207
1840,2012-07-10,Release,Initial Release,https://store.steampowered.com/app/1840
3020510,2025-03-25,Release,Initial Release,https://store.steampowered.com/app/3020510
3590,2009-05-05,Release,Initial Release,https://store.steampowered.com/app/3590
3590,2010-08-10,Update,Plants vs. Zombies Game of the Year Edition Released,http://store.steampowered.com/news/4183/
3590,2010-09-10,Update,Plants vs Zombies: Game of the Year Edition Update Released,http://store.steampowered.com/news/4343/
3590,2010-11-15,Update,Plants vs Zombies: Game of the Year Edition Update Released,http://store.steampowered.com/news/4649/
3590,2010-12-23,Update,Plants vs. Zombies - Game of the Year Edition Update Released,http://store.steampowered.com/news/4836/
3590,2011-12-13,Update,Plants vs Zombies joining Vita launch,https://steamstore-a.akamaihd.net/news/externalpost/shacknews/774848423582035307
3590,2013-03-18,Update,"SimCity sells over 1.1M units, free game offer includes Dead Space 3, Battlefield 3, SimCity 4",https://steamstore-a.akamaihd.net/news/externalpost/pcgamer/1459437403477400019
3590,2013-05-06,Update,Plants vs Zombies 2: It’s About Time will be released sometime in July,https://steamstore-a.akamaihd.net/news/externalpost/pcgamer/1462820057821208150
1049590,2023-07-19,Release,Initial Release,https://store.steampowered.com/app/1049590
1049590,2026-02-10,Update,S10 New Characters' Adventures: [Chapter 1],https://steamstore-a.akamaihd.net/news/externalpost/steam_community_announcements/1823825466507466
1049590,2026-03-04,Update,S10 Mid-Season Drops Tokens Event!,https://steamstore-a.akamaihd.net/news/externalpost/steam_community_announcements/1826362059920000
1049590,2026-03-25,Update,S10 New Characters' Adventures: [Chapter 3],https://steamstore-a.akamaihd.net/news/externalpost/steam_community_announcements/1827626365767345
1049590,2026-04-15,Update,"PATCH NOTES 10.7 - April 16th, 2026",https://steamstore-a.akamaihd.net/news/externalpost/steam_community_announcements/1830163047254133
2918150,2024-09-23,Release,Initial Release,https://store.steampowered.com/app/2918150
2918150,2025-01-27,Update,6th Anniversary Thank You Campaign Now On!,https://steamstore-a.akamaihd.net/news/externalpost/steam_community_announcements/1789580505458340
2918150,2025-07-01,Update,6.5 Year Anniversary Campaign Now On!,https://steamstore-a.akamaihd.net/news/externalpost/steam_community_announcements/1803527891662059
2918150,2025-10-30,Update,Release Note for 2025/10/28,https://steamstore-a.akamaihd.net/news/externalpost/steam_community_announcements/1815034432864966
2918150,2025-12-21,Update,7th Anniversary Campaign Now On!,https://steamstore-a.akamaihd.net/news/externalpost/steam_community_announcements/1819386365100960
2918150,2026-01-26,Update,7th Anniversary Super Thanks Campaign Now On!,https://steamstore-a.akamaihd.net/news/externalpost/steam_community_announcements/1822556746168400
412220,2020-08-17,Release,Initial Release,https://store.steampowered.com/app/412220
412220,2020-09-08,Update,DDNet 14.7 released,https://steamstore-a.akamaihd.net/news/externalpost/steam_community_announcements/3819571008273268482
412220,2020-10-10,Update,DDNet 15.1 released,https://steamstore-a.akamaihd.net/news/externalpost/steam_community_announcements/3853351107557963878
412220,2020-11-17,Update,DDNet 15.2 released,https://steamstore-a.akamaihd.net/news/externalpost/steam_community_announcements/3872494575606138063
412220,2021-02-11,Update,DDNet 15.3 released,https://steamstore-a.akamaihd.net/news/externalpost/steam_community_announcements/4703417046199109367
412220,2021-03-25,Update,DDNet 15.4 released,https://steamstore-a.akamaihd.net/news/externalpost/steam_community_announcements/4026754911344262285
412220,2021-06-12,Update,DDNet 15.5 released,https://steamstore-a.akamaihd.net/news/externalpost/steam_community_announcements/5019805792167819024
412220,2021-11-04,Update,DDNet 15.6 released,https://steamstore-a.akamaihd.net/news/externalpost/steam_community_announcements/4186652991109554331
412220,2021-11-25,Update,DDNet 15.7 released,https://steamstore-a.akamaihd.net/news/externalpost/steam_community_announcements/4224935490637266896
412220,2021-12-27,Update,DDNet 15.8 released,https://steamstore-a.akamaihd.net/news/externalpost/steam_community_announcements/4224938027313464845
412220,2022-02-12,Update,DDNet 15.9 released,https://steamstore-a.akamaihd.net/news/externalpost/steam_community_announcements/6154735015622860297
412220,2022-03-30,Update,DDNet 16.0 released,https://steamstore-a.akamaihd.net/news/externalpost/steam_community_announcements/4347669995455936031
412220,2022-05-20,Update,DDNet 16.1 released,https://steamstore-a.akamaihd.net/news/externalpost/steam_community_announcements/4292505348828251476
412220,2022-07-05,Update,DDNet 16.2 released,https://steamstore-a.akamaihd.net/news/externalpost/steam_community_announcements/4474904295772917061
412220,2022-08-21,Update,DDNet 16.3 released,https://steamstore-a.akamaihd.net/news/externalpost/steam_community_announcements/4584121659792024270
412220,2022-09-22,Update,DDNet 16.4 released,https://steamstore-a.akamaihd.net/news/externalpost/steam_community_announcements/4589754330733506275
412220,2022-10-25,Update,DDNet 16.5 released,https://steamstore-a.akamaihd.net/news/externalpost/steam_community_announcements/4714731755431872107
412220,2022-12-11,Update,DDNet 16.6 released,https://steamstore-a.akamaihd.net/news/externalpost/steam_community_announcements/4980448574120915055
412220,2023-01-10,Update,DDNet 16.7 released,https://steamstore-a.akamaihd.net/news/externalpost/steam_community_announcements/5035620387707499975
412220,2023-03-05,Update,DDNet 16.8 released,https://steamstore-a.akamaihd.net/news/externalpost/steam_community_announcements/5070528176573491845
412220,2023-04-01,Update,DDNet 16.9 released,https://steamstore-a.akamaihd.net/news/externalpost/steam_community_announcements/6839319551990590313
412220,2023-05-25,Update,DDNet 17.0 released,https://steamstore-a.akamaihd.net/news/externalpost/steam_community_announcements/5151600576588084362
412220,2023-07-07,Update,DDNet 17.1 released,https://steamstore-a.akamaihd.net/news/externalpost/steam_community_announcements/5124582150159607922
412220,2023-08-12,Update,DDNet 17.2 released,https://steamstore-a.akamaihd.net/news/externalpost/steam_community_announcements/5839532486219543614
412220,2023-09-23,Update,DDNet 17.3 released,https://steamstore-a.akamaihd.net/news/externalpost/steam_community_announcements/5219165352631869431
412220,2023-11-19,Update,DDNet 17.4 released,https://steamstore-a.akamaihd.net/news/externalpost/steam_community_announcements/6560117310274375003
412220,2024-01-22,Update,DDNet 18.0 released,https://steamstore-a.akamaihd.net/news/externalpost/steam_community_announcements/5510784213112416067
412220,2024-03-18,Update,DDNet 18.1 released,https://steamstore-a.akamaihd.net/news/externalpost/steam_community_announcements/7309977427450853656
412220,2024-05-07,Update,DDNet 18.2 released,https://steamstore-a.akamaihd.net/news/externalpost/steam_community_announcements/5768625435390177159
412220,2024-06-14,Update,DDNet 18.3 released,https://steamstore-a.akamaihd.net/news/externalpost/steam_community_announcements/6890025005353138077
412220,2024-07-23,Update,DDNet 18.4 released,https://steamstore-a.akamaihd.net/news/externalpost/steam_community_announcements/5969041959982095915
412220,2024-09-03,Update,DDNet 18.5 released,https://steamstore-a.akamaihd.net/news/externalpost/steam_community_announcements/6240387642471704641
412220,2024-10-06,Update,DDNet 18.6 released,https://steamstore-a.akamaihd.net/news/externalpost/steam_community_announcements/6350729003504338589
412220,2024-11-08,Update,DDNet 18.7 released,https://steamstore-a.akamaihd.net/news/externalpost/steam_community_announcements/6148070194801637883
412220,2024-12-08,Update,DDNet 18.8 released,https://steamstore-a.akamaihd.net/news/externalpost/steam_community_announcements/1785321795701108
412220,2025-01-09,Update,DDNet 18.9 released,https://steamstore-a.akamaihd.net/news/externalpost/steam_community_announcements/1788311419006292
412220,2025-02-25,Update,DDNet 19.0 released,https://steamstore-a.akamaihd.net/news/externalpost/steam_community_announcements/1792116353370373
412220,2025-03-29,Update,DDNet 19.1 released,https://steamstore-a.akamaihd.net/news/externalpost/steam_community_announcements/1795283637876863
412220,2025-05-12,Update,DDNet 19.2 released,https://steamstore-a.akamaihd.net/news/externalpost/steam_community_announcements/1799088287954167
412220,2025-06-21,Update,DDNet 19.3 released,https://steamstore-a.akamaihd.net/news/externalpost/steam_community_announcements/1802893906788736
412220,2025-09-09,Update,DDNet 19.4 released,https://steamstore-a.akamaihd.net/news/externalpost/steam_community_announcements/1809869180191014
412220,2025-10-14,Update,DDNet 19.5 released,https://steamstore-a.akamaihd.net/news/externalpost/steam_community_announcements/1813041031365440
412220,2025-12-14,Update,DDNet 19.6 released,https://steamstore-a.akamaihd.net/news/externalpost/steam_community_announcements/1818752592130928
412220,2026-01-21,Update,DDNet 19.7 released,https://steamstore-a.akamaihd.net/news/externalpost/steam_community_announcements/1822556746157272
412220,2026-03-12,Update,DDNet 19.8 released,https://steamstore-a.akamaihd.net/news/externalpost/steam_community_announcements/1826992588592045
2864560,2025-06-04,Release,Initial Release,https://store.steampowered.com/app/2864560
1295660,2025-02-10,Release,Initial Release,https://store.steampowered.com/app/1295660
1295660,2025-04-10,Update,"Civilization VII version 1.2 will let you play forever, adds ""Teams Multiplayer"" and more major changes",https://steamstore-a.akamaihd.net/news/externalpost/GamingOnLinux/1796631172237654
1295660,2025-10-27,Update,Civilization 7 will get 'one of the most requested features' since launch: The option to play as one civ from start to finish,https://steamstore-a.akamaihd.net/news/externalpost/PC Gamer/1814309641585562
1295660,2026-02-02,Update,"Civilization VII's First Anniversary: Updates, Surprises, and More!",https://steamstore-a.akamaihd.net/news/externalpost/steam_community_announcements/1823191198611875
686810,2021-07-27,Release,Initial Release,https://store.steampowered.com/app/686810
686810,2023-10-19,Update,Patch 14.4 News,https://steamstore-a.akamaihd.net/news/externalpost/steam_community_announcements/5218041989043320941
686810,2023-11-23,Update,Patch 14.5 Releases Today at 2pm GMT!,https://steamstore-a.akamaihd.net/news/externalpost/steam_community_announcements/5382426458976956465
686810,2023-12-14,Update,Patch 14.6 is Live! Full Changelog Inside,https://steamstore-a.akamaihd.net/news/externalpost/steam_community_announcements/7585814657460626907
686810,2024-02-01,Update,Patch 14.7 is Now Live!,https://steamstore-a.akamaihd.net/news/externalpost/steam_community_announcements/5582843074940446442
686810,2024-07-04,Update,Update 15.1 Changelog | Now Live,https://steamstore-a.akamaihd.net/news/externalpost/steam_community_announcements/5842939267334576245
686810,2024-08-28,Update,Update 15.2 Changelog | Live on PC,https://steamstore-a.akamaihd.net/news/externalpost/steam_community_announcements/6240387642450207343
686810,2024-10-17,Update,Update 15.3 | Live on All Platforms,https://steamstore-a.akamaihd.net/news/externalpost/steam_community_announcements/6212244583175390170
686810,2025-12-01,Update,Update 19 | Smolensk | Launching Wednesday 3 December ⏳,https://steamstore-a.akamaihd.net/news/externalpost/steam_community_announcements/1817483467045763
686810,2026-03-24,Update,Patch 19.1 Changelog | Remagen Refresh,https://steamstore-a.akamaihd.net/news/externalpost/steam_community_announcements/1827626365766233
1782210,2021-10-29,Release,Initial Release,https://store.steampowered.com/app/1782210
453480,2016-10-27,Release,Initial Release,https://store.steampowered.com/app/453480
453480,2016-12-30,Update,"""Rise of Bahamut"" major card expansion out now!",https://steamstore-a.akamaihd.net/news/externalpost/steam_community_announcements/91593954422059690
453480,2017-03-29,Update,""" Tempest of the Gods "" major card expansion out now!",https://steamstore-a.akamaihd.net/news/externalpost/steam_community_announcements/75840229374649486
453480,2017-06-29,Update,Wonderland Dreams - major card expansion out now!,https://steamstore-a.akamaihd.net/news/externalpost/steam_community_announcements/2564086801860050958
453480,2017-09-21,Update,We have three new cards from the Shadowverse: Starforged Legends expansion to show you,https://steamstore-a.akamaihd.net/news/externalpost/pcgamer/2149763711092125789
453480,2017-12-18,Update,Exclusive: Three new cards from the Shadowverse: Chronogenesis expansion,https://steamstore-a.akamaihd.net/news/externalpost/pcgamer/2442505391488117067
453480,2018-03-28,Update,"Dawnbreak, Nightedge - major card expansion out now!",https://steamstore-a.akamaihd.net/news/externalpost/steam_community_announcements/2383968106567978391
1091500,2020-12-09,Release,Initial Release,https://store.steampowered.com/app/1091500
1091500,2025-01-23,Update,Patch 2.21,https://steamstore-a.akamaihd.net/news/externalpost/steam_community_announcements/1789580505302900
1091500,2025-03-19,Update,Cyberpunk 2077 gets the mod you never knew you needed: a service that'll text you random cat and dog facts midway through emotional chats with Keanu Reeves,https://steamstore-a.akamaihd.net/news/externalpost/VG247/1794102528267106
1091500,2025-06-23,Update,"Cyberpunk 2077's update 2.3 is delayed, and definitely not just because CD Projekt can't stop adding things","https://steamstore-a.akamaihd.net/news/externalpost/Rock, Paper, Shotgun/1802893906862283"
1091500,2025-07-16,Update,"Cyberpunk 2077 update 2.3 motors into your life this week with new cars, auto-driving, a taxi service and more","https://steamstore-a.akamaihd.net/news/externalpost/Rock, Paper, Shotgun/1805431065309992"
1091500,2025-09-11,Update,Patch 2.31,https://steamstore-a.akamaihd.net/news/externalpost/steam_community_announcements/1810503566412448
1091500,2025-11-26,Update,"Cyberpunk 2077 is now CD Projekt's 'main source of income,' and sales are outpacing The Witcher 3: Its latest milestone is 'a better result than The Witcher 3 was able to achieve in the same post-release time frame'",https://steamstore-a.akamaihd.net/news/externalpost/PC Gamer/1817483467034513
1091500,2026-03-13,Update,"As rumors about new a Witcher 3 expansion continue to swirl, CD Projekt pointedly says it has 'no plans for additional DLCs or expansions'—for Cyberpunk 2077",https://steamstore-a.akamaihd.net/news/externalpost/PC Gamer/1826992588596616
427410,2024-12-05,Update,The next major update for Half-Life-meets-survival-game Abiotic Factor looks absolutely massive,https://steamstore-a.akamaihd.net/news/externalpost/PC Gamer/1784506359254322
427410,2025-06-29,Update,The brilliant Half-Life-inspired survival game Abiotic Factor cascades into 1.0 this July,https://steamstore-a.akamaihd.net/news/externalpost/PC Gamer/1803527891604497
427410,2025-07-21,Update,"Abiotic Factor 1.0 release date—When to expect Cold Fusion's new story, upgrades, and traders in your timezone",https://steamstore-a.akamaihd.net/news/externalpost/PC Gamer/1805431065471487
427410,2025-08-13,Update,Half-Life style survival game Abiotic Factor hits lowest price since 1.0 launch,https://steamstore-a.akamaihd.net/news/externalpost/PCGamesN/1807966710824426
427410,2025-11-03,Update,1.1 - Community Update #3,https://steamstore-a.akamaihd.net/news/externalpost/steam_community_announcements/1815034433008424
427410,2025-12-15,Update,1.2 - Holiday Cryosphere,https://steamstore-a.akamaihd.net/news/externalpost/steam_community_announcements/1818752592133637
2195250,2023-09-28,Release,Initial Release,https://store.steampowered.com/app/2195250
2195250,2024-04-12,Update,Team of the Season Warm-up Series,https://steamstore-a.akamaihd.net/news/externalpost/steam_community_announcements/6474562312185368476
2195250,2024-05-03,Update,Meet the EA SPORTS FC™ 24 Bundesliga Team of the Season,https://steamstore-a.akamaihd.net/news/externalpost/steam_community_announcements/5766372999947829639
2195250,2024-05-24,Update,Meet the EA SPORTS FC™ 24 Serie A TIM Team of the Season,https://steamstore-a.akamaihd.net/news/externalpost/steam_community_announcements/5741605105611479078
2195250,2024-07-29,Update,TITLE UPDATE 18.2,https://steamstore-a.akamaihd.net/news/externalpost/steam_community_announcements/5963413094363046832
2195250,2024-08-23,Update,Get a head start on your next Ultimate Team with Pre-Season.,https://steamstore-a.akamaihd.net/news/externalpost/steam_community_announcements/5875595438692414584
1256670,2021-04-18,Update,Notice of Content Update on April 30,https://steamstore-a.akamaihd.net/news/externalpost/steam_community_announcements/4570566565004996123
1256670,2021-07-16,Update,Notice about postponement of official release,https://steamstore-a.akamaihd.net/news/externalpost/steam_community_announcements/4204657340168390698
1256670,2021-08-10,Release,Initial Release,https://store.steampowered.com/app/1256670
2591280,2024-07-23,Release,Initial Release,https://store.steampowered.com/app/2591280
2591280,2024-08-13,Update,Update 1.5 - Out Now (Patch Notes),https://steamstore-a.akamaihd.net/news/externalpost/steam_community_announcements/5963414363408218069
2591280,2024-09-04,Update,Update 1.7 - Out Now,https://steamstore-a.akamaihd.net/news/externalpost/steam_community_announcements/6242640076593053591
2591280,2024-10-08,Update,Update 1.8 Out Now,https://steamstore-a.akamaihd.net/news/externalpost/steam_community_announcements/6350729003511945954
2591280,2024-11-18,Update,Update 1.9 - Out Now!,https://steamstore-a.akamaihd.net/news/externalpost/steam_community_announcements/1783238125339425
2591280,2025-02-24,Update,Season Customisation Feature Deep Dive,https://steamstore-a.akamaihd.net/news/externalpost/steam_community_announcements/1792116353325482
786520,2018-03-14,Release,Initial Release,https://store.steampowered.com/app/786520
1145360,2020-09-17,Release,Initial Release,https://store.steampowered.com/app/1145360
1145360,2021-01-11,Update,Awesome Games Done Quick 2021 raised $2.75 million for charity,"https://steamstore-a.akamaihd.net/news/externalpost/Rock, Paper, Shotgun/3942305442259266595"
1145360,2025-09-17,Update,Hades: It's the Five-Year Anniversary!,https://steamstore-a.akamaihd.net/news/externalpost/steam_community_announcements/1811138915360357
1621690,2024-08-14,Update,5 Things to Know About Core Keeper PC 1.0!,https://steamstore-a.akamaihd.net/news/externalpost/steam_community_announcements/5875594803674239636
1621690,2024-12-09,Update,A First Look at Core Keeper’s 2025 Content Updates,https://steamstore-a.akamaihd.net/news/externalpost/steam_community_announcements/1785321795736947
1621690,2025-03-06,Update,Mining sandbox adventure Core Keeper gets its first major post-release update on March 10,https://steamstore-a.akamaihd.net/news/externalpost/GamingOnLinux/1793384379377628
1621690,2025-11-29,Update,Core Keeper's “Void & Voltage” is Launching January 28th 2026!,https://steamstore-a.akamaihd.net/news/externalpost/steam_community_announcements/1817483467041371
1621690,2026-02-25,Update,1.2.0.3 Major Update - Void & Voltage,https://steamstore-a.akamaihd.net/news/externalpost/steam_community_announcements/1825727806704268
329110,2014-11-20,Release,Initial Release,https://store.steampowered.com/app/329110
329110,2018-06-21,Update,"3.5 Update Notes - Hero Classes, Kingdom UI Rework, and More!",https://steamstore-a.akamaihd.net/news/externalpost/steam_community_announcements/2499943313631887980
329110,2018-09-04,Update,"4.0 Update Notes - Underworld, Factions, Delves, and More!",https://steamstore-a.akamaihd.net/news/externalpost/steam_community_announcements/2447032995760222412
329110,2018-10-24,Update,4.1 Update Notes,https://steamstore-a.akamaihd.net/news/externalpost/steam_community_announcements/2403127338427007536
329110,2018-12-10,Update,4.2 Update Notes,https://steamstore-a.akamaihd.net/news/externalpost/steam_community_announcements/2416641943188404807
329110,2019-10-16,Update,4.6 Update,https://steamstore-a.akamaihd.net/news/externalpost/steam_community_announcements/2404285581858878071
329110,2019-12-10,Update,4.7 Update (Patch Notes),https://steamstore-a.akamaihd.net/news/externalpost/steam_community_announcements/2610330338693163234
329110,2020-03-10,Update,4.8 Update,https://steamstore-a.akamaihd.net/news/externalpost/steam_community_announcements/2579938650943102296
329110,2020-07-14,Update,5.0 Update (Patch Notes),https://steamstore-a.akamaihd.net/news/externalpost/steam_community_announcements/3659688711188243563
329110,2020-08-11,Update,5.1 Update,https://steamstore-a.akamaihd.net/news/externalpost/steam_community_announcements/3667572547699063150
329110,2020-10-06,Update,5.2 Update,https://steamstore-a.akamaihd.net/news/externalpost/steam_community_announcements/3853351107543817248
329110,2020-12-15,Update,5.3 Update (Patch Notes),https://steamstore-a.akamaihd.net/news/externalpost/steam_community_announcements/3886008544062840508
329110,2021-03-23,Update,5.4 Update,https://steamstore-a.akamaihd.net/news/externalpost/steam_community_announcements/4026754911339453852
329110,2021-05-11,Update,5.5 Update,https://steamstore-a.akamaihd.net/news/externalpost/steam_community_announcements/4105572344341435477
329110,2021-07-13,Update,5.6 Update,https://steamstore-a.akamaihd.net/news/externalpost/steam_community_announcements/4036898156491110081
329110,2021-11-02,Update,6.0 Update,https://steamstore-a.akamaihd.net/news/externalpost/steam_community_announcements/4186652991103983152
329110,2021-12-14,Update,6.1 Update,https://steamstore-a.akamaihd.net/news/externalpost/steam_community_announcements/4224937392746735257
329110,2022-03-10,Update,6.2 Update,https://steamstore-a.akamaihd.net/news/externalpost/steam_community_announcements/5631194088557258556
329110,2022-05-25,Update,6.3 Update,https://steamstore-a.akamaihd.net/news/externalpost/steam_community_announcements/4437747060822121483
329110,2022-07-12,Update,6.4 Update,https://steamstore-a.akamaihd.net/news/externalpost/steam_community_announcements/4591999790061510934
329110,2022-08-23,Update,6.5 Update,https://steamstore-a.akamaihd.net/news/externalpost/steam_community_announcements/4514316499997382964
329110,2022-10-20,Update,6.6 Update,https://steamstore-a.akamaihd.net/news/externalpost/steam_community_announcements/4714731755414353809
329110,2022-12-12,Update,6.7 Update,https://steamstore-a.akamaihd.net/news/externalpost/steam_community_announcements/4980448574124693386
329110,2023-02-21,Update,6.8 Update,https://steamstore-a.akamaihd.net/news/externalpost/steam_community_announcements/5059268543351149168
329110,2023-04-26,Update,6.9 Update,https://steamstore-a.akamaihd.net/news/externalpost/steam_community_announcements/5133583642646533986
329110,2023-07-18,Update,7.0 Update,https://steamstore-a.akamaihd.net/news/externalpost/steam_community_announcements/5124584051964387101
329110,2023-09-05,Update,7.1 Update,https://steamstore-a.akamaihd.net/news/externalpost/steam_community_announcements/5141476355678052406
329110,2023-10-24,Update,7.2 Update,https://steamstore-a.akamaihd.net/news/externalpost/steam_community_announcements/5229301621570451262
329110,2023-12-13,Update,7.3 Update,https://steamstore-a.akamaihd.net/news/externalpost/steam_community_announcements/7585814657458653456
329110,2024-03-05,Update,7.4 Update,https://steamstore-a.akamaihd.net/news/externalpost/steam_community_announcements/5688680204389857569
329110,2024-05-21,Update,7.5 Update,https://steamstore-a.akamaihd.net/news/externalpost/steam_community_announcements/5741605105601677361
329110,2024-07-16,Update,8.0 Immortals Update is live!,https://steamstore-a.akamaihd.net/news/externalpost/steam_community_announcements/5969041959959138841
329110,2024-09-03,Update,8.1 Update,https://steamstore-a.akamaihd.net/news/externalpost/steam_community_announcements/6242640076591000108
329110,2024-10-28,Update,8.2 Update,https://steamstore-a.akamaihd.net/news/externalpost/steam_community_announcements/6212245217911967391
329110,2024-12-04,Update,8.3 Update,https://steamstore-a.akamaihd.net/news/externalpost/steam_community_announcements/1784506359201897
329110,2025-03-18,Update,8.4 Update,https://steamstore-a.akamaihd.net/news/externalpost/steam_community_announcements/1794102528251438
329110,2025-05-19,Update,8.5 Update,https://steamstore-a.akamaihd.net/news/externalpost/steam_community_announcements/1799817379612167
329110,2025-06-24,Update,Update 8.6,https://steamstore-a.akamaihd.net/news/externalpost/steam_community_announcements/1803527891459748
329110,2025-07-15,Update,Update 8.7,https://steamstore-a.akamaihd.net/news/externalpost/steam_community_announcements/1805431065285712
329110,2025-09-02,Update,Update 8.8,https://steamstore-a.akamaihd.net/news/externalpost/steam_community_announcements/1809869179983880
329110,2025-10-29,Update,Update 8.9,https://steamstore-a.akamaihd.net/news/externalpost/steam_community_announcements/1815034432853270
329110,2025-12-09,Update,Update 9.0,https://steamstore-a.akamaihd.net/news/externalpost/steam_community_announcements/1818752592119404
329110,2026-03-16,Update,Update 9.1,https://steamstore-a.akamaihd.net/news/externalpost/steam_community_announcements/1826992588602635
3070070,2024-07-24,Update,Playtest build 0.17,https://steamstore-a.akamaihd.net/news/externalpost/steam_community_announcements/5963413094345617094
3070070,2024-08-14,Update,Early Access Launch - 25th September 2024,https://steamstore-a.akamaihd.net/news/externalpost/steam_community_announcements/5875594803674383729
3070070,2024-09-15,Release,Initial Release,https://store.steampowered.com/app/3070070
3070070,2024-10-07,Update,Early access build 0.45,https://steamstore-a.akamaihd.net/news/externalpost/steam_community_announcements/6350729003507841658
3070070,2024-11-20,Update,Early access build 0.50 - Customers Trade Cards,https://steamstore-a.akamaihd.net/news/externalpost/steam_community_announcements/1783872411964086
3070070,2025-01-20,Update,(0.51) TCG Card Shop Simulator X Ultra PRO,https://steamstore-a.akamaihd.net/news/externalpost/steam_community_announcements/1789039014456465
3070070,2025-03-24,Update,Early access build 0.52 - Shop Decoration,https://steamstore-a.akamaihd.net/news/externalpost/steam_community_announcements/1794830910993281
3070070,2025-08-23,Update,Early access build 0.60 - Card Grading,https://steamstore-a.akamaihd.net/news/externalpost/steam_community_announcements/1808601382502611
3070070,2025-09-22,Update,(0.61) Real-Life Tetramon Plushies!,https://steamstore-a.akamaihd.net/news/externalpost/steam_community_announcements/1811138915538786
3070070,2025-10-20,Update,Early access build 0.62 - Scanner Order,https://steamstore-a.akamaihd.net/news/externalpost/steam_community_announcements/1813674389084994
3070070,2025-11-10,Update,Branch to rollback to 0.62,https://steamstore-a.akamaihd.net/news/externalpost/steam_community_announcements/1815580768412393
3070070,2026-01-05,Update,"Early access build 0.66 - Workers Skill Level, Bonus and More",https://steamstore-a.akamaihd.net/news/externalpost/steam_community_announcements/1819386365124741
3070070,2026-03-19,Update,Early access build 0.70 - Tournament Update,https://steamstore-a.akamaihd.net/news/externalpost/steam_community_announcements/1827626365754507
391540,2015-09-15,Release,Initial Release,https://store.steampowered.com/app/391540
391540,2018-10-17,Update,Undertale DLC hits Taito rhythm em up Groove Coaster,https://steamstore-a.akamaihd.net/news/externalpost/rps/2403126706513873475
391540,2020-09-16,Update,Celebrate Undertale's fifth anniversary with this orchestral concert performing the soundtrack,https://steamstore-a.akamaihd.net/news/externalpost/rps/3819572206263686015
391540,2021-09-15,Update,Deltarune Chapter 2 lands this week,https://steamstore-a.akamaihd.net/news/externalpost/PC Gamer/5418383147734022605
1888930,2023-03-28,Release,Initial Release,https://store.steampowered.com/app/1888930
1888930,2025-01-25,Update,The Last of Us Part I added AMD FSR3.1 Frame Generation and Super Resolution,https://steamstore-a.akamaihd.net/news/externalpost/GamingOnLinux/1789580505370175
2399830,2023-10-25,Release,Initial Release,https://store.steampowered.com/app/2399830
2399830,2024-09-27,Update,Community Crunch 428: Club ARK Steampunk Ascent Expansion,https://steamstore-a.akamaihd.net/news/externalpost/steam_community_announcements/6339469370187484815
2399830,2024-10-25,Update,"Community Crunch 432: Fear Ascended, Extra Life, UE 5.4 News, and More!",https://steamstore-a.akamaihd.net/news/externalpost/steam_community_announcements/6212245217911871325
2399830,2024-12-13,Update,Community Crunch 438: Extinction Launch Update and Wasteland War Keyart!,https://steamstore-a.akamaihd.net/news/externalpost/steam_community_announcements/1785774543572859
2399830,2025-01-17,Update,Community Crunch 441: Astraeos Official Partner DLC!,https://steamstore-a.akamaihd.net/news/externalpost/steam_community_announcements/1789039014384506
2399830,2025-03-18,Update,"Ark: Survival Ascended's first expansion recruits the studio behind Jujutsu Kaisen for some flashy, anime cutscenes","https://steamstore-a.akamaihd.net/news/externalpost/Rock, Paper, Shotgun/1794102528242265"
2399830,2025-05-23,Update,"Community Crunch 459: Anniversary Event Details, LiveOps Update and more!",https://steamstore-a.akamaihd.net/news/externalpost/steam_community_announcements/1800357164460405
2399830,2025-06-20,Update,Ragnarok Ascended and Lost Colony Expansion Pass are now live!,https://steamstore-a.akamaihd.net/news/externalpost/steam_community_announcements/1802893906755016
2399830,2025-10-31,Update,"Community Crunch 482: It’s spooky season, shellheads!",https://steamstore-a.akamaihd.net/news/externalpost/steam_community_announcements/1815034432918995
2399830,2025-12-27,Update,Season's Greetings and Happy Holidays 2025!,https://steamstore-a.akamaihd.net/news/externalpost/steam_community_announcements/1819386365110138
2399830,2026-02-06,Update,Community Crunch 493: It's Mate Boosting Season!,https://steamstore-a.akamaihd.net/news/externalpost/steam_community_announcements/1823825466501051
2399830,2026-02-28,Update,Community Crunch 496: Release the Kraken,https://steamstore-a.akamaihd.net/news/externalpost/steam_community_announcements/1825727806713630
311210,2015-11-05,Release,Initial Release,https://store.steampowered.com/app/311210
311210,2016-06-02,Update,New DLC Available - Call of Duty : Black Ops III - The Giant Zombies Map,http://store.steampowered.com/news/22204/
311210,2016-06-29,Update,Black Ops 3 DLC Includes Dragons Because Why Not?,https://steamstore-a.akamaihd.net/news/externalpost/rps/250329347085798809
311210,2016-08-11,Update,DLC3 Descent - Now Available!,https://steamstore-a.akamaihd.net/news/externalpost/steam_community_announcements/4249665521681119723
311210,2016-10-06,Update,New DLC Update- Call of Duty : Black Ops III - Season Pass,http://store.steampowered.com/news/24725/
311210,2017-05-24,Update,How to Opt Out of BO3 Multiplayer DLC Trial Pack,https://steamstore-a.akamaihd.net/news/externalpost/steam_community_announcements/4249665521681117569
311210,2017-12-21,Update,Multiplayer DLC Trial Pack is Back!,https://steamstore-a.akamaihd.net/news/externalpost/steam_community_announcements/2284879949507590394
1046930,2019-06-20,Release,Initial Release,https://store.steampowered.com/app/1046930
1046930,2020-02-20,Update,Season One is Nigh,https://steamstore-a.akamaihd.net/news/externalpost/steam_community_announcements/2578811485593739648
2162800,2024-06-13,Update,Devlog 023 - Early Access Release Window,https://steamstore-a.akamaihd.net/news/externalpost/steam_community_announcements/6890025005349041180
2162800,2024-07-28,Update,Abstract factory-building sequel Shapez 2 will release in August,https://steamstore-a.akamaihd.net/news/externalpost/PC Gamer/5963413094360230337
2162800,2024-09-16,Update,shapez 2 - Launch Statistics & Future Plans,https://steamstore-a.akamaihd.net/news/externalpost/steam_community_announcements/6250522009528114718
2162800,2025-07-07,Update,shapez 2 is aiming for the 1.0 update in November with a new game mode,https://steamstore-a.akamaihd.net/news/externalpost/GamingOnLinux/1803527891869770
2162800,2025-08-14,Update,Devlog 033 - Gamescom & 1 Year Anniversary,https://steamstore-a.akamaihd.net/news/externalpost/steam_community_announcements/1808061939340500
2162800,2026-01-15,Update,shapez 2 - Update 1.0 & Community Manager Q&A,https://steamstore-a.akamaihd.net/news/externalpost/steam_community_announcements/1821922921813234
2162800,2026-03-04,Update,Factory building sim Shapez 2 hits the big 1.0 in April with major upgrades,https://steamstore-a.akamaihd.net/news/externalpost/GamingOnLinux/1826362059917771
2162800,2026-04-16,Update,shapez 2 - Everything coming with the release of 1.0,https://steamstore-a.akamaihd.net/news/externalpost/steam_community_announcements/1830163047257767
1716740,2023-09-05,Release,Initial Release,https://store.steampowered.com/app/1716740
1716740,2025-03-10,Update,"A recently launched and now terminally sideways Moon lander contains Imagine Dragon's Starfield song, which seems eerily fitting",https://steamstore-a.akamaihd.net/news/externalpost/PC Gamer/1793384379501490
1716740,2025-05-07,Update,"Bethesda drops a Starfield update with no DLC news, unless you count a whole new faction from the folks behind Fallout 4's Sim Settlements arriving this month",https://steamstore-a.akamaihd.net/news/externalpost/VG247/1799088287796360
1716740,2025-08-01,Update,Second Starfield DLC reportedly won't arrive until 2026,https://steamstore-a.akamaihd.net/news/externalpost/PCGamesN/1806698490723070
1716740,2025-08-27,Update,Bethesda подтвердила планы по поддержке Xbox-эксклюзива Starfield — впереди бесплатные обновления и сюжетное DLC,https://steamstore-a.akamaihd.net/news/externalpost/Gamemag.ru/1809235871585671
1716740,2025-12-18,Update,"Инсайдеры: Bethesda провела закрытый показ Starfield 2.0, но ожидания стоит поумерить",https://steamstore-a.akamaihd.net/news/externalpost/Gamemag.ru/1819386365089531
1716740,2026-01-26,Update,"'Starfield 2.0' update is coming, but Bethesda's reportedly ""handling"" it in a ""weird"" way",https://steamstore-a.akamaihd.net/news/externalpost/PCGamesN/1822556746167461
1716740,2026-02-18,Update,"Todd Howard says there's no Starfield 2.0 coming: The next big update is for people who already love Starfield, and if you don't, 'I don't think this is going to change that'",https://steamstore-a.akamaihd.net/news/externalpost/PC Gamer/1825093633183616
1716740,2026-03-17,Update,Starfield's Terran Armada story DLC will let you recruit a robot who is 'not evil' but also 'definitely not good',https://steamstore-a.akamaihd.net/news/externalpost/PC Gamer/1827626365748962
1716740,2026-04-07,Update,Keith David proves he can make anything sound incredibly cool as he delivers a dramatic reading masterclass in an ad for Starfield's latest DLC,https://steamstore-a.akamaihd.net/news/externalpost/PC Gamer/1828894815568166
1172620,2020-06-03,Release,Initial Release,https://store.steampowered.com/app/1172620
1172620,2024-11-21,Update,Sail into Season 14 Community Weekend on November 23rd,https://steamstore-a.akamaihd.net/news/externalpost/steam_community_announcements/1783872411985745
1172620,2025-02-20,Update,Hurl Yourself into the Hunt in Sea of Thieves Season 15,https://steamstore-a.akamaihd.net/news/externalpost/steam_community_announcements/1792116353201950
1172620,2025-03-14,Update,Anniversary Celebration Event!,https://steamstore-a.akamaihd.net/news/externalpost/steam_community_announcements/1794102528108482
1172620,2025-05-22,Update,Blaze a Trail of Destruction in Sea of Thieves Season 16,https://steamstore-a.akamaihd.net/news/externalpost/steam_community_announcements/1800357164408289
1172620,2025-08-14,Update,Season 17: Smugglers' Tide - Update Out Now!,https://steamstore-a.akamaihd.net/news/externalpost/steam_community_announcements/1808061939348402
1172620,2025-10-24,Update,Season 16’s Big Listen Survey Results,https://steamstore-a.akamaihd.net/news/externalpost/steam_community_announcements/1814309641476741
1172620,2025-12-12,Update,The Devil’s Roar Erupts Again in Sea of Thieves Season 18,https://steamstore-a.akamaihd.net/news/externalpost/steam_community_announcements/1818752592126788
1172620,2026-01-26,Update,Warm Up with Season 18 Community Weekend on January 31st,https://steamstore-a.akamaihd.net/news/externalpost/steam_community_announcements/1822556746167573
1172620,2026-02-27,Update,Season 17’s Big Listen Survey Results,https://steamstore-a.akamaihd.net/news/externalpost/steam_community_announcements/1825727806710707
1172620,2026-03-27,Update,Join the Revelry in Season 19 Community Weekend on March 27th,https://steamstore-a.akamaihd.net/news/externalpost/steam_community_announcements/1828441623104193
400040,2015-10-02,Release,Initial Release,https://store.steampowered.com/app/400040
400040,2016-06-10,Update,ShareX 11.0 released,https://steamstore-a.akamaihd.net/news/externalpost/steam_community_announcements/249202181063817227
400040,2017-11-30,Update,ShareX 12.0 released,https://steamstore-a.akamaihd.net/news/externalpost/steam_community_announcements/2152021858897148579
400040,2019-08-27,Update,ShareX 13.0 released,https://steamstore-a.akamaihd.net/news/externalpost/steam_community_announcements/2415540140450787982
400040,2022-07-08,Update,ShareX 14.0 changelog,https://steamstore-a.akamaihd.net/news/externalpost/steam_community_announcements/4539082035564887642
400040,2024-03-17,Update,ShareX 16.0 released,https://steamstore-a.akamaihd.net/news/externalpost/steam_community_announcements/7309977427444615443
261550,2022-10-25,Release,Initial Release,https://store.steampowered.com/app/261550
261550,2022-12-16,Update,Digital Companion Release,https://steamstore-a.akamaihd.net/news/externalpost/steam_community_announcements/5623338145755236683
261550,2023-07-27,Update,Mount & Blade II: Bannerlord Original Soundtrack Release,https://steamstore-a.akamaihd.net/news/externalpost/steam_community_announcements/5124584686246741597
261550,2024-10-21,Update,2nd Anniversary Celebration & Giveaway!,https://steamstore-a.akamaihd.net/news/externalpost/steam_community_announcements/6212244583190902767
261550,2025-03-20,Update,"New Mount and Blade Bannerlord DLC confirmed, adds naval warfare and new region",https://steamstore-a.akamaihd.net/news/externalpost/PCGamesN/1794102528314240
261550,2025-05-29,Update,"Reschedule those sailing lessons, as Mount & Blade 2: Bannerlord's War Sails DLC has been delayed","https://steamstore-a.akamaihd.net/news/externalpost/Rock, Paper, Shotgun/1800991756322141"
261550,2025-07-05,Update,"Mount & Blade 2's naval expansion will have complex sailing with wind, currents, and respect for a boat's draft",https://steamstore-a.akamaihd.net/news/externalpost/PC Gamer/1803527891815313
261550,2025-10-30,Update,"Mount & Blade 2: Bannerlord's nautical-themed War Sails expansion gets a gameplay showcase and spills the release date, and folks, I think we're onto a winner here",https://steamstore-a.akamaihd.net/news/externalpost/PC Gamer/1815034432876450
261550,2025-11-30,Update,The long-awaited first Mount and Blade 2 DLC sails through choppy waters as players claim it's overpriced,https://steamstore-a.akamaihd.net/news/externalpost/PCGamesN/1817483467043157
1594320,2022-05-31,Release,Initial Release,https://store.steampowered.com/app/1594320
1594320,2022-11-14,Update,CD#32: What's in store for our first major update,https://steamstore-a.akamaihd.net/news/externalpost/steam_community_announcements/6368680725436154945
1594320,2023-05-20,Update,Captain’s diary #36: More info on Update 1 and release date!,https://steamstore-a.akamaihd.net/news/externalpost/steam_community_announcements/5140340943314149514
1594320,2024-02-29,Update,CD #42: Map editor and Update 2 release date,https://steamstore-a.akamaihd.net/news/externalpost/steam_community_announcements/5688680204370323957
1594320,2025-03-13,Update,"Captain’s diary #48: End-game, space program, launch date & more",https://steamstore-a.akamaihd.net/news/externalpost/steam_community_announcements/1794102528085421
1594320,2025-04-18,Update,Captain’s diary #49: Update 3 Release Date Change and New Content!,https://steamstore-a.akamaihd.net/news/externalpost/steam_community_announcements/1797185861688444
1594320,2025-06-11,Update,Captain's Diary #50: Post-launch payload,https://steamstore-a.akamaihd.net/news/externalpost/steam_community_announcements/1802261838726345
1594320,2026-02-02,Update,"Captain's Diary #53: Quality of life, Update 4 release date",https://steamstore-a.akamaihd.net/news/externalpost/steam_community_announcements/1823191198612387
1594320,2026-04-16,Update,Update 4.1 – Trains networks and Quality of Life,https://steamstore-a.akamaihd.net/news/externalpost/steam_community_announcements/1830163047258677
457140,2019-07-30,Release,Initial Release,https://store.steampowered.com/app/457140
457140,2022-08-03,Update,DLC/Update News,https://steamstore-a.akamaihd.net/news/externalpost/steam_community_announcements/4598757090447368904
457140,2024-03-02,Update,10/10 colony sim Oxygen Not Included is making a return to paid DLC,https://steamstore-a.akamaihd.net/news/externalpost/PCGamesN/5688680204377788607
457140,2024-06-20,Update,A New Animated Short & DLC News!,https://steamstore-a.akamaihd.net/news/externalpost/steam_community_announcements/5759622039976781168
457140,2024-07-12,Update,The Frosty Planet Pack DLC releases Thursday July 18th!,https://steamstore-a.akamaihd.net/news/externalpost/steam_community_announcements/6000566704270193054
457140,2024-11-22,Update,"Stellar colony sim Oxygen Not Included adds new buildings, with more DLC to come",https://steamstore-a.akamaihd.net/news/externalpost/PCGamesN/1783872412017786
457140,2025-06-12,Update,Oxygen Not Included: The Prehistoric Planet Pack DLC Launch,https://steamstore-a.akamaihd.net/news/externalpost/steam_community_announcements/1802354289568823
306130,2017-05-22,Release,Initial Release,https://store.steampowered.com/app/306130
306130,2025-06-02,Update,Seasons of the Worm Cult Part 1 & Update 46 Now Live on PC/Mac,https://steamstore-a.akamaihd.net/news/externalpost/steam_community_announcements/1800991756444820
306130,2025-07-02,Update,"The Elder Scrolls Online director Matt Firor, who helped launch ZeniMax Online Studios in 2007, is leaving the company",https://steamstore-a.akamaihd.net/news/externalpost/PC Gamer/1803527891714238
306130,2025-08-06,Update,You can get 30 pieces of ESO DLC and swathes of content for free right now,https://steamstore-a.akamaihd.net/news/externalpost/PCGamesN/1807332909538036
306130,2025-10-28,Update,Seasons of the Worm Cult Part 2 & Update 48 Now Live on PC/Mac,https://steamstore-a.akamaihd.net/news/externalpost/steam_community_announcements/1814309641608211
306130,2026-01-02,Update,The Elder Scrolls Online and all its DLC so far have just hit their lowest price ever,https://steamstore-a.akamaihd.net/news/externalpost/PCGamesN/1819386365120220
306130,2026-03-27,Update,ESO’s New Age Begins with the 2026 Seasons Direct,https://steamstore-a.akamaihd.net/news/externalpost/steam_community_announcements/1828441623104606
2680010,2024-12-12,Update,The First Berserker: Khazan Release Date & Pre-Orders Now Open,https://steamstore-a.akamaihd.net/news/externalpost/steam_community_announcements/1785774543545017
2680010,2025-03-17,Update,Global Release Schedule for The First Berserker: Khazan,https://steamstore-a.akamaihd.net/news/externalpost/steam_community_announcements/1794102528206446
2680010,2026-03-27,Update,(Dev Note) Thanks for the 1st Anniversary of The First Berserker: Khazan,https://steamstore-a.akamaihd.net/news/externalpost/steam_community_announcements/1828441623104480
2543180,2024-10-17,Update,Patch Note 10.17,https://steamstore-a.akamaihd.net/news/externalpost/steam_community_announcements/6212244583175694392
2543180,2025-05-22,Update,POPUCOM Release Time Confirmed! Pre-Orders Now Open!,https://steamstore-a.akamaihd.net/news/externalpost/steam_community_announcements/1800357164426004
714010,2022-03-04,Update,New DLC - Aim Lab Signature Series - Mongraal,https://steamstore-a.akamaihd.net/news/externalpost/steam_community_announcements/4247462367435388348
714010,2023-06-13,Update,Aimlabs first ranked season is officially live now!,https://steamstore-a.akamaihd.net/news/externalpost/steam_community_announcements/5129083846358277376
714010,2023-07-14,Update,"Aimlabs 1.2 Profile Customization, Results Screen Improvements!",https://steamstore-a.akamaihd.net/news/externalpost/steam_community_announcements/5124583599318465604
714010,2023-09-19,Update,PRESENTING RANKED SEASON 2: DUSK RUNNERS,https://steamstore-a.akamaihd.net/news/externalpost/steam_community_announcements/5480373588802119988
714010,2024-02-16,Update,Welcome to Season of the Dragon!,https://steamstore-a.akamaihd.net/news/externalpost/steam_community_announcements/8033928544498506166
714010,2024-06-15,Update,Welcome to Season 4 - Wilderness!,https://steamstore-a.akamaihd.net/news/externalpost/steam_community_announcements/6890025005355267962
714010,2024-10-09,Update,Welcome to Season 5 - Chaos Versus Order!,https://steamstore-a.akamaihd.net/news/externalpost/steam_community_announcements/6931694080289161749
714010,2025-06-19,Update,The Aimlabs Season 1 Benchmarks are now Officially LIVE!,https://steamstore-a.akamaihd.net/news/externalpost/steam_community_announcements/1802893906741757
977950,2019-01-24,Release,Initial Release,https://store.steampowered.com/app/977950
977950,2019-04-24,Update,"Happy Easter festival, Clocker Major Update is ready now!",https://steamstore-a.akamaihd.net/news/externalpost/steam_community_announcements/2432417221734409026
977950,2022-01-27,Update,New World: 3-Year Anniversary Update!,https://steamstore-a.akamaihd.net/news/externalpost/steam_community_announcements/4237326104321497072
977950,2022-05-30,Update,The Neo Cosmos DLC is Available Now!,https://steamstore-a.akamaihd.net/news/externalpost/steam_community_announcements/4437747060841881939
977950,2024-02-05,Update,New Xtra World and 5-Year Anniversary!,https://steamstore-a.akamaihd.net/news/externalpost/steam_community_announcements/5582843074957655188
367520,2017-02-24,Release,Initial Release,https://store.steampowered.com/app/367520
367520,2017-10-21,Update,Hollow Knight s second free expansion out next week,https://steamstore-a.akamaihd.net/news/externalpost/rps/3111284858378109840
367520,2018-01-31,Update,Hollow Knight's third free expansion will add new boss fights and an extra game mode,https://steamstore-a.akamaihd.net/news/externalpost/pcgamer/2363696743795698484
367520,2018-02-26,Update,Jelly Deals: Hollow Knight is down to 7.25 / $9.89,https://steamstore-a.akamaihd.net/news/externalpost/eurogamer/2361446846780756413
367520,2018-04-19,Update,"Hollow Knight: Lifeblood has now launched for all Windows, Mac & Linux players!",https://steamstore-a.akamaihd.net/news/externalpost/steam_community_announcements/2758894130314650160
367520,2018-07-16,Update,Gods & Glory Release Date! Epic New Album! New Merch!,https://steamstore-a.akamaihd.net/news/externalpost/steam_community_announcements/2838841185449488480
367520,2018-08-23,Update,Hollow Knight s final free expansion launches as the game goes on sale,https://steamstore-a.akamaihd.net/news/externalpost/rps/2444779293788012542
367520,2019-03-12,Update,"Hollow Knight's physical release is back on, includes fancy Collector's Edition",https://steamstore-a.akamaihd.net/news/externalpost/eurogamer/2530366080614355141
367520,2023-04-25,Update,"This massive mod voice acts all of Hollow Knight, even the item descriptions",https://steamstore-a.akamaihd.net/news/externalpost/PC Gamer/5133583099813915409
367520,2023-07-04,Update,Hollow Knight's newest mod feels like it should be paid DLC,https://steamstore-a.akamaihd.net/news/externalpost/PC Gamer/5124582150149439248
367520,2025-12-16,Update,"Hollow Knight: Silksong to get a free expansion, Hollow Knight getting a refresh upgrade",https://steamstore-a.akamaihd.net/news/externalpost/GamingOnLinux/1818752592135357
3183280,2025-05-21,Release,Initial Release,https://store.steampowered.com/app/3183280
3183280,2025-07-23,Update,[NPC+] End of Season 1 Payment,https://steamstore-a.akamaihd.net/news/externalpost/steam_community_announcements/1806064758572302
3183280,2025-09-01,Update,Season 1 Feedback Survey,https://steamstore-a.akamaihd.net/news/externalpost/steam_community_announcements/1809235871706139
3183280,2025-09-23,Update,Developer Note: Season 3 – Light and Shadow,https://steamstore-a.akamaihd.net/news/externalpost/steam_community_announcements/1811138915543705
3183280,2025-10-23,Update,Season 3 Mid-Season Events,https://steamstore-a.akamaihd.net/news/externalpost/steam_community_announcements/1814309641434295
3183280,2026-04-16,Update,Developer’s Note: Major Update Plans and Updated Timeline,https://steamstore-a.akamaihd.net/news/externalpost/steam_community_announcements/1830163047256540
9900,2012-01-31,Release,Initial Release,https://store.steampowered.com/app/9900
9900,2015-01-26,Update,"Anniversary, Giveaway, and Key Sale!",https://steamstore-a.akamaihd.net/news/externalpost/steam_community_announcements/519372501715685288
9900,2015-04-23,Update,Season 10: The Iconian War Now Live,https://steamstore-a.akamaihd.net/news/externalpost/steam_community_announcements/517128939704507638
9900,2015-10-27,Update,Star Trek Online: Season 11 New Dawn now Live!,https://steamstore-a.akamaihd.net/news/externalpost/steam_community_announcements/371904442469406255
9900,2016-03-23,Update,Season 11.5 Coming April 12th!,https://steamstore-a.akamaihd.net/news/externalpost/steam_community_announcements/272839101167264556
9900,2017-04-25,Update,Star Trek Online: Season 13 - Escalation is Live!,https://steamstore-a.akamaihd.net/news/externalpost/steam_community_announcements/1858141774322293229
9900,2020-10-06,Update,Star Trek Online's new season House Shattered launches on PC today,https://steamstore-a.akamaihd.net/news/externalpost/PCGamesN/3807188575867641096
9900,2020-11-17,Update,"Celebrate Star Trek Online - Season 14 by winning a new, powerful ship in our huge giveaway!",https://steamstore-a.akamaihd.net/news/externalpost/PCGamesN/3872494575606405190
9900,2025-09-23,Update,"Star Trek Online’s latest season, Unleashed, is now available",https://steamstore-a.akamaihd.net/news/externalpost/steam_community_announcements/1811138915561373
9900,2026-02-10,Update,Anniversary Gifts,https://steamstore-a.akamaihd.net/news/externalpost/steam_community_announcements/1823825466509209
949230,2023-10-24,Release,Initial Release,https://store.steampowered.com/app/949230
949230,2024-06-03,Update,Economy 2.0 - Part 1,https://steamstore-a.akamaihd.net/news/externalpost/steam_community_announcements/5742731639344621075
949230,2024-09-16,Update,An update to the Release Schedule,https://steamstore-a.akamaihd.net/news/externalpost/steam_community_announcements/6250522009527747821
949230,2025-03-10,Update,Cities: Skylines 10th anniversary will bring updates and DLC for both games,https://steamstore-a.akamaihd.net/news/externalpost/GamingOnLinux/1793384379496791
949230,2025-05-27,Update,"You should forget about Cities Skyline 2's Bridges & Ports expansions for a while, because it's been delayed again","https://steamstore-a.akamaihd.net/news/externalpost/Rock, Paper, Shotgun/1800357164578772"
949230,2026-03-12,Update,City Corner #3 - Anniversary Free Update,https://steamstore-a.akamaihd.net/news/externalpost/steam_community_announcements/1826992588592709
286160,2015-06-05,Release,Initial Release,https://store.steampowered.com/app/286160
286160,2017-08-25,Update,"Update v9.7 The Great Dinosaur Rush DLC, Voice Chat Revamp & Character Sheets!",https://steamstore-a.akamaihd.net/news/externalpost/steam_community_announcements/3819571572131188673
286160,2017-09-29,Update,"Update v9.9 Onscreen Hands, Networking Indicators & Updated UI!",https://steamstore-a.akamaihd.net/news/externalpost/steam_community_announcements/3819571572131188368
286160,2017-11-16,Update,"Update v10.0 New Networking, Updated Main Menu, Viticulture DLC expansions!",https://steamstore-a.akamaihd.net/news/externalpost/steam_community_announcements/2486412956102936089
286160,2017-12-20,Update,Update v10.2 New DLC - Tiny Epic Quest & Scripting Improvements!,https://steamstore-a.akamaihd.net/news/externalpost/steam_community_announcements/2284879949504668486
286160,2018-02-08,Update,"Update v10.3 New DLC - Pillars of Eternity: LotER, Discord Integration & Lots of Improvements",https://steamstore-a.akamaihd.net/news/externalpost/steam_community_announcements/2363697377450895883
286160,2018-03-14,Update,"Update v10.4 Tablet Upgrade, Increase Max Players, Cosmic Encounter Upgraded + Free Expansion Eons!",https://steamstore-a.akamaihd.net/news/externalpost/steam_community_announcements/2363700548700799850
286160,2018-05-07,Update,"Updated v10.5 Custom UI, New VR Controls, & New API Docs!",https://steamstore-a.akamaihd.net/news/externalpost/steam_community_announcements/2394104285111290872
286160,2018-06-18,Update,"Update v10.7 New Permissions, Optimizations, and Xml / Scripting Improvements!",https://steamstore-a.akamaihd.net/news/externalpost/steam_community_announcements/2842216343275975468
286160,2018-07-11,Update,"Update v10.8 Give Host, New File Browser, Split Stack, Lots of Scripting Improvements!",https://steamstore-a.akamaihd.net/news/externalpost/steam_community_announcements/2838841185431214568
286160,2018-08-17,Update,"Update v10.9 Revamped drawing tool, VR Improvements, & Scripting Improvements!",https://steamstore-a.akamaihd.net/news/externalpost/steam_community_announcements/2444779293766376412
286160,2018-11-07,Update,"Update v11.0 New DLC - Draco Magi, Fog of War, Improvements and a lot more!",https://steamstore-a.akamaihd.net/news/externalpost/steam_community_announcements/2423394805994762612
286160,2018-12-20,Update,[Ended] Winter Steam Sale - Tabletop Simulator and DLC up to 50% off!,https://steamstore-a.akamaihd.net/news/externalpost/steam_community_announcements/2417769111285230318
286160,2019-02-04,Update,[Ended] Lunar New Year Steam Sale - Tabletop Simulator and DLC up to 50% off!,https://steamstore-a.akamaihd.net/news/externalpost/steam_community_announcements/2461683368374779382
286160,2019-02-28,Update,"Update v11.1 New DLC - Tortuga 1667, and SO... MANY... IMPROVEMENTS!",https://steamstore-a.akamaihd.net/news/externalpost/steam_community_announcements/2534869043305880529
286160,2019-04-03,Update,"Update v11.2 New DLC - Deck Quest, ~20x faster loading, Video Images, Sharpen, Spectator Mode & Optimizations!",https://steamstore-a.akamaihd.net/news/externalpost/steam_community_announcements/2508976515641342310
286160,2019-05-03,Update,"Update v12.0 Engine Upgrade, Dx11, Performance Increases, Reduced Game Size 4GB, and a ton more!",https://steamstore-a.akamaihd.net/news/externalpost/steam_community_announcements/2404270358327136708
286160,2019-06-25,Update,Grand Prix Steam Sale - Tabletop Simulator and DLC up to 50% off!,https://steamstore-a.akamaihd.net/news/externalpost/steam_community_announcements/2436926440561260716
286160,2019-08-16,Update,"Update v12.1 Music Player, PDF support, and tons of other great improvements!",https://steamstore-a.akamaihd.net/news/externalpost/steam_community_announcements/3556075649724300371
286160,2019-09-26,Update,New DLC - Blood Rage & Boss Monster,https://steamstore-a.akamaihd.net/news/externalpost/steam_community_announcements/2422298078082728057
286160,2019-11-26,Update,"Update v12.2 - Theme Editor, Chat Filter, Picture-in-Picture and More!",https://steamstore-a.akamaihd.net/news/externalpost/steam_community_announcements/2551782186252629793
286160,2019-12-19,Update,Winter Sale - Tabletop Simulator & DLC up to 50% off,https://steamstore-a.akamaihd.net/news/externalpost/steam_community_announcements/2592316573849565759
286160,2020-02-23,Update,New DLC - Wingspan,https://steamstore-a.akamaihd.net/news/externalpost/steam_community_announcements/2578811485603670877
286160,2020-04-02,Update,"Update v12.3 Attach Tool, Server Browser & Search Improvements, and much more!",https://steamstore-a.akamaihd.net/news/externalpost/steam_community_announcements/2978509755346082960
286160,2020-04-23,Update,New DLC - Dungeon Drop,https://steamstore-a.akamaihd.net/news/externalpost/steam_community_announcements/3112493747268131397
286160,2020-05-28,Update,New DLC - Dawn of the Zeds,https://steamstore-a.akamaihd.net/news/externalpost/steam_community_announcements/3142896212090151483
286160,2020-06-25,Update,Tabletop Simulator 50% OFF & Deals on all DLC Games!,https://steamstore-a.akamaihd.net/news/externalpost/steam_community_announcements/3444639924496069046
286160,2021-01-29,Update,"Update v13.0 - Translations, Engine Upgrade, Layout Zones, Object Tags & More!",https://steamstore-a.akamaihd.net/news/externalpost/steam_community_announcements/4050393736343091160
286160,2021-03-05,Update,New DLC - One Night Ultimate Werewolf,https://steamstore-a.akamaihd.net/news/externalpost/steam_community_announcements/4057152305717854144
286160,2021-03-26,Update,New DLC - Rise Of Tribes,https://steamstore-a.akamaihd.net/news/externalpost/steam_community_announcements/4026754911349725833
286160,2021-05-07,Update,New DLC - Adventure Mart,https://steamstore-a.akamaihd.net/news/externalpost/steam_community_announcements/4072920612506149823
286160,2021-12-22,Update,Winter Sale- 50% Off Tabletop Simulator & DLCs!,https://steamstore-a.akamaihd.net/news/externalpost/steam_community_announcements/4224938027296625361
286160,2022-06-23,Update,50% Off Tabletop Simulator & DLCs During The Steam Summer Sale!,https://steamstore-a.akamaihd.net/news/externalpost/steam_community_announcements/4474904295730383593
286160,2022-09-15,Update,"Update v13.2 - Discord Game Join, Valve Index Support, Custom Fonts & More!",https://steamstore-a.akamaihd.net/news/externalpost/steam_community_announcements/6258337460544292345
286160,2022-11-22,Update,50% Off Tabletop Simulator & DLCs During The Steam Fall Sale!,https://steamstore-a.akamaihd.net/news/externalpost/steam_community_announcements/4836332027649238082
286160,2022-12-22,Update,50% Off Tabletop Simulator & DLCs During The Steam Winter Sale,https://steamstore-a.akamaihd.net/news/externalpost/steam_community_announcements/5000716037443154185
286160,2023-03-16,Update,50% Off Tabletop Simulator & DLCs Steam Spring Sale!,https://steamstore-a.akamaihd.net/news/externalpost/steam_community_announcements/5125698536854498804
286160,2024-11-13,Update,New DLC - Bristol 1350,https://steamstore-a.akamaihd.net/news/externalpost/steam_community_announcements/1783238125187427
286160,2024-12-22,Update,Winter Sale - 50% OFF Tabletop Simulator & DLC,https://steamstore-a.akamaihd.net/news/externalpost/steam_community_announcements/1786573930725089
286160,2025-01-23,Update,New DLC - Tiny Epic Dinosaurs,https://steamstore-a.akamaihd.net/news/externalpost/steam_community_announcements/1789580505313330
286160,2025-03-12,Update,New DLC - Widget's Workshop,https://steamstore-a.akamaihd.net/news/externalpost/steam_community_announcements/1794014851395589
286160,2025-06-26,Update,Summer Sale - Tabletop Simulator & All DLCs 50% OFF!,https://steamstore-a.akamaihd.net/news/externalpost/steam_community_announcements/1803527891517796
286160,2025-09-29,Update,Autumn Sale - Tabletop Simulator & All DLCs 50% OFF!,https://steamstore-a.akamaihd.net/news/externalpost/steam_community_announcements/1811772772387149
286160,2025-12-15,Update,"Update 14.0 - Engine Upgrade, Feature Additions & Performance Improvements",https://steamstore-a.akamaihd.net/news/externalpost/steam_community_announcements/1818752592133075
286160,2026-01-08,Update,Update v14.1 - Network Security Overhaul,https://steamstore-a.akamaihd.net/news/externalpost/steam_community_announcements/1821288646578406
286160,2026-03-01,Update,Update v14.2 - Updated Steam P2P Networking & Engine Update,https://steamstore-a.akamaihd.net/news/externalpost/steam_community_announcements/1825727806715649
2420110,2024-03-20,Update,When is Horizon Forbidden West coming out? PC release times,https://steamstore-a.akamaihd.net/news/externalpost/PCGamesN/5686430301714259419
2420110,2024-06-27,Update,AMD FSR 3.1 is now available in Horizon Forbidden West Complete Edition,https://steamstore-a.akamaihd.net/news/externalpost/steam_community_announcements/5842939267309814449
2420110,2024-11-29,Update,"Horizon Forbidden West, with all its DLC, drops to its lowest-ever price",https://steamstore-a.akamaihd.net/news/externalpost/PCGamesN/1784506359045392
220200,2015-04-27,Release,Initial Release,https://store.steampowered.com/app/220200
220200,2018-03-13,Update,Kerbal Space Program: Making History Expansion is Now Available!,https://steamstore-a.akamaihd.net/news/externalpost/steam_community_announcements/2363699913389659395
220200,2018-10-15,Update,Kerbal Space Program 1.5: “Dressed for Success” is now available!,https://steamstore-a.akamaihd.net/news/externalpost/steam_community_announcements/3594328263100661996
220200,2018-12-12,Update,KSP Loading... A closer look into Update 1.6,https://steamstore-a.akamaihd.net/news/externalpost/steam_community_announcements/2415516677186630400
220200,2019-03-14,Update,KSP Loading... A Renewed Galaxy and History and Parts Pack Gets a Release Date!,https://steamstore-a.akamaihd.net/news/externalpost/steam_community_announcements/3140604542242243660
220200,2019-04-10,Update,Kerbal Space Program 1.7: “Room to Maneuver” is now available!,https://steamstore-a.akamaihd.net/news/externalpost/steam_community_announcements/2507851250558338932
220200,2019-05-06,Update,Kerbal Space Program Breaks Ground with a New DLC!,https://steamstore-a.akamaihd.net/news/externalpost/steam_community_announcements/2404270358336631616
220200,2019-05-30,Update,New DLC Available - Kerbal Space Program: Breaking Ground Expansion,https://store.steampowered.com/news/51383/
220200,2019-10-16,Update,Kerbal Space Program 1.8: “Moar Boosters!!!” is now available!,https://steamstore-a.akamaihd.net/news/externalpost/steam_community_announcements/2404285581858026383
220200,2019-11-18,Update,Kerbal Space Program's Breaking Ground expansion lands on consoles next month,https://steamstore-a.akamaihd.net/news/externalpost/eurogamer/3657414904102991629
220200,2020-02-12,Update,Kerbal Space Program 1.9: “There’s No Place Like Home” is now available!,https://steamstore-a.akamaihd.net/news/externalpost/steam_community_announcements/2578810848681013882
220200,2020-07-01,Update,Kerbal Space Program 1.10: “Shared Horizons” is now available!,https://steamstore-a.akamaihd.net/news/externalpost/steam_community_announcements/3444639924515953965
220200,2020-12-17,Update,"Kerbal Space Program 1.11: ""Some Reassembly Required"" is now available!",https://steamstore-a.akamaihd.net/news/externalpost/steam_community_announcements/4090922416495951530
220200,2021-06-24,Update,"Kerbal Space Program 1.12: ""On Final Approach"" is now available!",https://steamstore-a.akamaihd.net/news/externalpost/steam_community_announcements/4032392655064331186
3241660,2025-02-26,Release,Initial Release,https://store.steampowered.com/app/3241660
3241660,2025-04-15,Update,How to tumble launch in REPO,https://steamstore-a.akamaihd.net/news/externalpost/PC Gamer/1796631172401646
3241660,2025-06-26,Update,It took a while but the excellent co-op horror game R.E.P.O. just got a major content update,https://steamstore-a.akamaihd.net/news/externalpost/GamingOnLinux/1803527891508136
1687950,2022-10-20,Release,Initial Release,https://store.steampowered.com/app/1687950
1687950,2022-11-17,Update,Persona 5 Royal Ver. 1.02,https://steamstore-a.akamaihd.net/news/externalpost/steam_community_announcements/4789043687475976417
1687950,2023-01-10,Update,Persona 5 Royal Ver. 1.03,https://steamstore-a.akamaihd.net/news/externalpost/steam_community_announcements/5035620840525394980
1687950,2023-03-01,Update,Persona 5 Royal Ver. 1.03B,https://steamstore-a.akamaihd.net/news/externalpost/steam_community_announcements/5070528176560206450
1687950,2024-09-05,Update,Persona 5 Royal Ver. 1.04,https://steamstore-a.akamaihd.net/news/externalpost/steam_community_announcements/6242640076598367138
32470,2010-05-25,Release,Initial Release,https://store.steampowered.com/app/32470
32470,2011-09-16,Update,Knights of Old Republic £3.50 on Steam,https://steamstore-a.akamaihd.net/news/externalpost/eurogamer/1145261770012562348
32470,2023-11-22,Update,Star Wars: Empire at War has been updated to 64-bit 17 years after release,https://steamstore-a.akamaihd.net/news/externalpost/VG247/5382426458974378986
1465360,2021-05-17,Release,Initial Release,https://store.steampowered.com/app/1465360
1465360,2023-02-20,Update,Season 9 releases February 28!,https://steamstore-a.akamaihd.net/news/externalpost/steam_community_announcements/5059268099251359612
1465360,2023-05-25,Update,Patch notes 23.0,https://steamstore-a.akamaihd.net/news/externalpost/steam_community_announcements/5151600576588639181
1465360,2023-07-18,Update,Patch notes 24.0,https://steamstore-a.akamaihd.net/news/externalpost/steam_community_announcements/6079346804889346539
1465360,2023-10-05,Update,Season 11: Lights & Cameras releases October 19 on PC!,https://steamstore-a.akamaihd.net/news/externalpost/steam_community_announcements/5220292521180559426
1465360,2023-11-22,Update,Patch Notes 27.0,https://steamstore-a.akamaihd.net/news/externalpost/steam_community_announcements/5382426458973166262
1465360,2024-01-24,Update,SnowRunner launches Season 12: Public Energy Expansion,https://steamstore-a.akamaihd.net/news/externalpost/steam_community_announcements/5519792046244383713
1465360,2024-04-02,Update,Patch notes 29.0,https://steamstore-a.akamaihd.net/news/externalpost/steam_community_announcements/5749481331455619196
1465360,2024-06-04,Update,Patch notes 30.0,https://steamstore-a.akamaihd.net/news/externalpost/steam_community_announcements/5742731639347686874
1465360,2024-07-30,Update,Patch Notes 31.0,https://steamstore-a.akamaihd.net/news/externalpost/steam_community_announcements/5963413094366017706
1465360,2024-09-26,Update,Season 14: Reap & Sow is OUT!,https://steamstore-a.akamaihd.net/news/externalpost/steam_community_announcements/6339469370182156910
1465360,2024-10-29,Update,Patch 32.2 is live,https://steamstore-a.akamaihd.net/news/externalpost/steam_community_announcements/6212245217911986792
1465360,2024-12-03,Update,The Kenworth Dual Pack DLC is OUT!!,https://steamstore-a.akamaihd.net/news/externalpost/steam_community_announcements/1784506359172108
1465360,2025-04-10,Update,SnowRunner Season 15 is here!,https://steamstore-a.akamaihd.net/news/externalpost/steam_community_announcements/1796631172246741
1465360,2025-09-04,Update,SnowRunner's Season 16 is LIVE!,https://steamstore-a.akamaihd.net/news/externalpost/steam_community_announcements/1809869180035751
1465360,2025-11-06,Update,Patch notes 39 (DLC43),https://steamstore-a.akamaihd.net/news/externalpost/steam_community_announcements/1815580768257139
1465360,2026-01-27,Update,SnowRunner's Season 17 is out!,https://steamstore-a.akamaihd.net/news/externalpost/steam_community_announcements/1822556746169226
782330,2020-03-19,Release,Initial Release,https://store.steampowered.com/app/782330
782330,2021-03-08,Update,Microsoft's $7.5bn acquisition of ZeniMax approved in the US and EU,https://steamstore-a.akamaihd.net/news/externalpost/eurogamer/4057152305727051422
782330,2021-06-29,Update,DOOM Eternal - Update 6 Release Notes,https://steamstore-a.akamaihd.net/news/externalpost/steam_community_announcements/4032392655082623939
782330,2021-08-03,Update,Update 6.2 Release Notes,https://steamstore-a.akamaihd.net/news/externalpost/steam_community_announcements/4038025597330394252
782330,2021-09-14,Update,Update 6.4 Release Notes,https://steamstore-a.akamaihd.net/news/externalpost/steam_community_announcements/4020014731813664619
782330,2021-10-26,Update,Update 6.66 Release Notes,https://steamstore-a.akamaihd.net/news/externalpost/steam_community_announcements/4103335143124411320
782330,2021-11-18,Update,Update 6.66 Rev 1 Release Notes,https://steamstore-a.akamaihd.net/news/externalpost/steam_community_announcements/4227186657141633661
782330,2022-01-25,Update,Update 6.66 Rev 1.1 Release Notes,https://steamstore-a.akamaihd.net/news/externalpost/steam_community_announcements/4237325463690114888
782330,2022-04-26,Update,Update 6.66 Rev 2 Release Notes,https://steamstore-a.akamaihd.net/news/externalpost/steam_community_announcements/4348797798094243058
782330,2023-09-05,Update,Update 6.66 Rev 2.2 Release Notes,https://steamstore-a.akamaihd.net/news/externalpost/steam_community_announcements/5141476355676560483
782330,2024-08-08,Update,Update 6.66 Rev 3 Release Notes,https://steamstore-a.akamaihd.net/news/externalpost/steam_community_announcements/5963414363391410265
782330,2025-05-21,Update,"Despite low Steam turnout, Doom: The Dark Ages is id Software's most popular game at launch, clearly thanks to Game Pass",https://steamstore-a.akamaihd.net/news/externalpost/VG247/1800357164368829
1190000,2021-08-11,Release,Initial Release,https://store.steampowered.com/app/1190000
1190000,2021-10-20,Update,Jaguar DLC is here!,https://steamstore-a.akamaihd.net/news/externalpost/steam_community_announcements/4103335143102261340
1190000,2021-11-11,Update,Porsche Remastered DLC is here!,https://steamstore-a.akamaihd.net/news/externalpost/steam_community_announcements/4971405952700566792
1190000,2022-02-03,Update,Land Rover DLC released,https://steamstore-a.akamaihd.net/news/externalpost/steam_community_announcements/4235074931846860747
1190000,2022-04-11,Update,Hot Rod DLC released,https://steamstore-a.akamaihd.net/news/externalpost/steam_community_announcements/4353300134240289762
1190000,2022-05-05,Update,Lotus Remastered DLC released,https://steamstore-a.akamaihd.net/news/externalpost/steam_community_announcements/4348799082191554164
1190000,2022-07-26,Update,Mazda Remastered DLC released,https://steamstore-a.akamaihd.net/news/externalpost/steam_community_announcements/4598755821883295472
1190000,2022-09-19,Update,Aston Martin DLC released,https://steamstore-a.akamaihd.net/news/externalpost/steam_community_announcements/6258337460557779520
1190000,2022-11-09,Update,Drag Racing DLC released,https://steamstore-a.akamaihd.net/news/externalpost/steam_community_announcements/4732747437223355797
1190000,2023-01-26,Update,Mercedes-Benz DLC released,https://steamstore-a.akamaihd.net/news/externalpost/steam_community_announcements/5035622109509006906
1190000,2023-03-24,Update,Ford Remastered DLC released,https://steamstore-a.akamaihd.net/news/externalpost/steam_community_announcements/5143713753731699188
1190000,2023-06-29,Update,Dodge | Plymouth | Chrysler DLC released,https://steamstore-a.akamaihd.net/news/externalpost/steam_community_announcements/5124582150130330299
1190000,2023-09-12,Update,CMS 2021: China DLC Released!,https://steamstore-a.akamaihd.net/news/externalpost/steam_community_announcements/5159491482927152843
1190000,2023-11-21,Update,BMW DLC released,https://steamstore-a.akamaihd.net/news/externalpost/steam_community_announcements/5382426458969174144
1190000,2024-01-08,Update,CMS 2021: Rims DLC - is out now!,https://steamstore-a.akamaihd.net/news/externalpost/steam_community_announcements/5410576585195680901
1190000,2024-05-06,Update,Jeep | Ram DLC Released,https://steamstore-a.akamaihd.net/news/externalpost/steam_community_announcements/5766372999957327778
1190000,2025-01-17,Update,TAXI DLC for CMS 2021 is out now!,https://steamstore-a.akamaihd.net/news/externalpost/steam_community_announcements/1789039014366109
1190000,2025-07-28,Update,Police DLC - Now Available!,https://steamstore-a.akamaihd.net/news/externalpost/steam_community_announcements/1806064758734229
1190000,2026-02-03,Update,Rims 2 DLC - Now Available!,https://steamstore-a.akamaihd.net/news/externalpost/steam_community_announcements/1823191198616381
239140,2015-01-26,Release,Initial Release,https://store.steampowered.com/app/239140
239140,2022-05-05,Update,Patch 1.49 is Live!,https://steamstore-a.akamaihd.net/news/externalpost/steam_community_announcements/4348799082190449474
239140,2022-06-13,Update,"Techland ends support for Dying Light, 7 years after release",https://steamstore-a.akamaihd.net/news/externalpost/GamingOnLinux/4480532686362607564
239140,2022-08-24,Update,Dying Light 2 Stay Human: Bloody Ties - the first story DLC is coming!,https://steamstore-a.akamaihd.net/news/externalpost/steam_community_announcements/4514316499997968823
239140,2025-01-20,Update,WATCH THE 10TH ANNIVERSARY STREAM!,https://steamstore-a.akamaihd.net/news/externalpost/steam_community_announcements/1789039014469132
239140,2025-02-13,Update,10th Anniversary of Dying Light franchise - Survey,https://steamstore-a.akamaihd.net/news/externalpost/steam_community_announcements/1791580425969321
239140,2025-06-06,Update,"Dying Light: The Beast Releases August 22, 2025",https://steamstore-a.akamaihd.net/news/externalpost/steam_community_announcements/1801617199438214
239140,2025-09-12,Update,Dying Light: The Beast Global Launch Time,https://steamstore-a.akamaihd.net/news/externalpost/steam_community_announcements/1810503566453790
239140,2026-02-18,Update,Final days of Anniversary Sale,https://steamstore-a.akamaihd.net/news/externalpost/steam_community_announcements/1825093633182263
1665460,2021-09-29,Release,Initial Release,https://store.steampowered.com/app/1665460
1665460,2025-05-08,Update,Mobile 8th Anniversary Celebration,https://steamstore-a.akamaihd.net/news/externalpost/steam_community_announcements/1799088287827267
1665460,2025-07-10,Update,eFootball™ Series 30th Anniversary Campaign,https://steamstore-a.akamaihd.net/news/externalpost/steam_community_announcements/1803527891959365
1665460,2025-08-14,Update,v5.0.0 Season Update,https://steamstore-a.akamaihd.net/news/externalpost/steam_community_announcements/1808061939355065
1665460,2025-12-19,Update,Festive Season Campaign,https://steamstore-a.akamaihd.net/news/externalpost/steam_community_announcements/1819386365095423
1466860,2021-10-28,Release,Initial Release,https://store.steampowered.com/app/1466860
1466860,2023-12-12,Update,Go Take the Season Six Survey for Age IV!,https://steamstore-a.akamaihd.net/news/externalpost/steam_community_announcements/5397065151384144667
1466860,2024-03-05,Update,Season Six Ending March 18th,https://steamstore-a.akamaihd.net/news/externalpost/steam_community_announcements/5688680204389742382
1466860,2024-04-19,Update,Try Out the Newest Age of Empires IV Expansion - The Sultans Ascend!,https://steamstore-a.akamaihd.net/news/externalpost/steam_community_announcements/5762994032395294822
1466860,2024-06-12,Update,Still Time for More Ranked Season Seven!,https://steamstore-a.akamaihd.net/news/externalpost/steam_community_announcements/5747236506607367959
1466860,2024-07-11,Update,Age of Empires IV – Season Eight Update 11.0.782,https://steamstore-a.akamaihd.net/news/externalpost/steam_community_announcements/5842939267361391775
1466860,2024-10-29,Update,"New Age of Empires 4 DLC is actually happening, launch window confirmed",https://steamstore-a.akamaihd.net/news/externalpost/PCGamesN/6212245217911982749
1466860,2025-01-29,Update,Season's Feast Event Extended,https://steamstore-a.akamaihd.net/news/externalpost/steam_community_announcements/1790214123055570
1466860,2025-03-19,Update,Ranked Season Nine Extended to April 7th,https://steamstore-a.akamaihd.net/news/externalpost/steam_community_announcements/1794102528273323
1466860,2025-10-30,Update,Age of Empires IV – Season Twelve Update 15.1.6970,https://steamstore-a.akamaihd.net/news/externalpost/steam_community_announcements/1815034432877481
1466860,2026-04-05,Update,"Age of Empires 4's next chapter tests your will to survive as the ""ruthless"" Jin Dynasty arrive",https://steamstore-a.akamaihd.net/news/externalpost/PCGamesN/1828894815563556
3218710,2025-05-08,Release,Initial Release,https://store.steampowered.com/app/3218710
1151340,2020-04-14,Release,Initial Release,https://store.steampowered.com/app/1151340
1151340,2024-09-03,Update,Fallout 76: Milepost Zero Release Notes,https://steamstore-a.akamaihd.net/news/externalpost/steam_community_announcements/6240387642473514591
1151340,2024-11-22,Update,"Season 19 and Gleaming Depths coming December 3, 2024!",https://steamstore-a.akamaihd.net/news/externalpost/steam_community_announcements/1783872412019863
1151340,2025-03-05,Update,Season 20: Glow of the Ghoul,https://steamstore-a.akamaihd.net/news/externalpost/steam_community_announcements/1793384379343838
1151340,2025-04-22,Update,Appalachian Outlaws Mini Season,https://steamstore-a.akamaihd.net/news/externalpost/steam_community_announcements/1797185861805244
1151340,2025-05-22,Update,"Fallout 76 fishing update gets a release date, and it's just around the corner",https://steamstore-a.akamaihd.net/news/externalpost/PCGamesN/1800357164421141
1151340,2025-08-19,Update,Watch the Fallout on Prime Season 2 Teaser,https://steamstore-a.akamaihd.net/news/externalpost/steam_community_announcements/1808061939510357
1151340,2025-12-02,Update,Fallout 76: Burning Springs Release Notes,https://steamstore-a.akamaihd.net/news/externalpost/steam_community_announcements/1817483467048801
1151340,2026-02-03,Update,Raiders & romance collide in Fallout 76’s latest Mini Season!,https://steamstore-a.akamaihd.net/news/externalpost/steam_community_announcements/1823191198617303
1151340,2026-02-26,Update,"A new, out-of-this-world Season lands onto Fallout 76 next week!",https://steamstore-a.akamaihd.net/news/externalpost/steam_community_announcements/1825727806708902
646570,2019-01-23,Release,Initial Release,https://store.steampowered.com/app/646570
646570,2020-01-14,Update,Slay the Spire's massive 2.0 update introduces a new character and loads more,https://steamstore-a.akamaihd.net/news/externalpost/pcgamer/2597948610577760391
646570,2020-11-29,Update,Patch V2.2: Happy Holidays!,https://steamstore-a.akamaihd.net/news/externalpost/steam_community_announcements/3856733252019104438
646570,2022-02-27,Update,Patch V2.3: Steam Deck Support,https://steamstore-a.akamaihd.net/news/externalpost/steam_community_announcements/4246335832520442321
646570,2022-03-26,Update,"Be the monsters in Slay the Spire fan expansion Downfall, out now",https://steamstore-a.akamaihd.net/news/externalpost/PC Gamer/4258723269516719031
646570,2022-11-01,Update,Slay the Spire: The Board Game Kickstarter launches!,https://steamstore-a.akamaihd.net/news/externalpost/steam_community_announcements/4706851091191779497
646570,2025-12-27,Update,Slay the Spire gets the best Christmas present a deckbuilder could ask for: a new all-time concurrent player peak on Steam nearly 7 years after release,https://steamstore-a.akamaihd.net/news/externalpost/PC Gamer/1819386365110734
646570,2026-02-19,Update,"Slay the Spire 2 Releases in Early Access on March 5, 2026!",https://steamstore-a.akamaihd.net/news/externalpost/steam_community_announcements/1825093633186323
646570,2026-03-24,Update,Slay the Spire: The Board Game - Downfall Expansion Kickstarter Now Live!,https://steamstore-a.akamaihd.net/news/externalpost/steam_community_announcements/1827626365766406
8500,2010-12-15,Release,Initial Release,https://store.steampowered.com/app/8500
8500,2025-03-12,Update,Revenant Major Update,https://steamstore-a.akamaihd.net/news/externalpost/steam_community_announcements/1794014851386801
8500,2025-05-02,Update,Legion expansion launches on 27 May,https://steamstore-a.akamaihd.net/news/externalpost/steam_community_announcements/1798454487643109
8500,2025-05-27,Update,Eve Online Legion expansion transforms the space MMO with a new missions system,https://steamstore-a.akamaihd.net/news/externalpost/PCGamesN/1800357164576996
8500,2025-08-26,Update,ESI Delivered: The Next Chapter,https://steamstore-a.akamaihd.net/news/externalpost/steam_community_announcements/1808601382606746
8500,2025-10-21,Update,Catalyst Expansion Launches 18 November,https://steamstore-a.akamaihd.net/news/externalpost/steam_community_announcements/1813674389098615
8500,2025-11-18,Update,The Catalyst expansion is here,https://steamstore-a.akamaihd.net/news/externalpost/steam_community_announcements/1816307528973615
8500,2026-03-16,Update,EVE Online Releases Massive Balance Update To Compliment Recent Expansion,https://steamstore-a.akamaihd.net/news/externalpost/CGMagazine/1826992588603527
570940,2018-05-23,Release,Initial Release,https://store.steampowered.com/app/570940
570940,2018-08-14,Update,"At last, Dark Souls Remastered has a Nintendo Switch release date",https://steamstore-a.akamaihd.net/news/externalpost/eurogamer/2454911758758721717
570940,2023-06-03,Update,Colossal Dark Souls mod rivals Elden Ring DLC in scale,https://steamstore-a.akamaihd.net/news/externalpost/PCGamesN/5151601211233536163
570940,2023-08-25,Update,Armored Core 6: Fires of Rubicon is FromSoftware's biggest Steam launch (that isn't Elden Ring),https://steamstore-a.akamaihd.net/news/externalpost/VG247/5141475722331050080
570940,2024-05-11,Update,"Before Elden Ring's DLC, every Dark Souls game is now 50% off",https://steamstore-a.akamaihd.net/news/externalpost/PCGamesN/5768625435403043285
3400930,2025-05-26,Update,D-3 before the release of Guilty as Sock!,https://steamstore-a.akamaihd.net/news/externalpost/steam_community_announcements/1800357164537693
665300,2017-07-26,Release,Initial Release,https://store.steampowered.com/app/665300
665300,2017-09-01,Update,v2.8 Store Options,https://steamstore-a.akamaihd.net/news/externalpost/steam_community_announcements/2095718613771200282
665300,2017-10-04,Update,v3.21,https://steamstore-a.akamaihd.net/news/externalpost/steam_community_announcements/2145261379781383424
665300,2017-12-06,Update,v4.0 Twitch Extension+Basic Youtube,https://steamstore-a.akamaihd.net/news/externalpost/steam_community_announcements/2163281492515718742
665300,2018-01-10,Update,v4.54 !attack [user],https://steamstore-a.akamaihd.net/news/externalpost/steam_community_announcements/2298392651776040607
665300,2018-03-20,Update,v4.8 New Command System,https://steamstore-a.akamaihd.net/news/externalpost/steam_community_announcements/2365952982523383124
665300,2018-04-15,Update,v5.0 Mac Support And Workshop!,https://steamstore-a.akamaihd.net/news/externalpost/steam_community_announcements/2758894130298545745
665300,2018-05-11,Update,"v5.2 Gear, Palette, and Loading Optimization",https://steamstore-a.akamaihd.net/news/externalpost/steam_community_announcements/3822871998315282979
665300,2018-06-09,Update,v5.35 Mixer Integration!,https://steamstore-a.akamaihd.net/news/externalpost/steam_community_announcements/2431262152943184152
665300,2018-08-31,Update,v5.72 Streamlabs+StreamElements,https://steamstore-a.akamaihd.net/news/externalpost/steam_community_announcements/2447032361192559580
665300,2018-10-17,Update,v5.8 Streamlabs Local Integration / !MASS BOMB,https://steamstore-a.akamaihd.net/news/externalpost/steam_community_announcements/2403126706513158667
665300,2019-01-25,Update,v6.02 Many Languages!,https://steamstore-a.akamaihd.net/news/externalpost/steam_community_announcements/2425653583386054722
665300,2019-03-25,Update,v6.21 Stream Avatars Battleroyale!,https://steamstore-a.akamaihd.net/news/externalpost/steam_community_announcements/2543878145187385787
665300,2019-04-17,Update,v6.41 Ladders!,https://steamstore-a.akamaihd.net/news/externalpost/steam_community_announcements/2434668385545111712
665300,2019-05-30,Update,v6.424 Oneway Platforms & Avatar Profiles,https://steamstore-a.akamaihd.net/news/externalpost/steam_community_announcements/2400895196206650089
665300,2019-07-04,Update,v6.5 !Basketball,https://steamstore-a.akamaihd.net/news/externalpost/steam_community_announcements/2436926440593061455
665300,2019-08-18,Update,v6.517 Chat Bubbles & !basketball FFA,https://steamstore-a.akamaihd.net/news/externalpost/steam_community_announcements/3556075649731915591
665300,2019-09-12,Update,v6.52 TWITCH EXTENSION BITS!,https://steamstore-a.akamaihd.net/news/externalpost/steam_community_announcements/3658535001293362432
665300,2020-02-11,Update,v6.799 Valentines Update!,https://steamstore-a.akamaihd.net/news/externalpost/steam_community_announcements/2578810848678625105
665300,2020-05-14,Update,v6.843 Twitch Channel Points Redemptions,https://steamstore-a.akamaihd.net/news/externalpost/steam_community_announcements/4742798819309988930
665300,2020-07-20,Update,v6.86 DLive & Extra Upload DLC!,https://steamstore-a.akamaihd.net/news/externalpost/steam_community_announcements/4738301002615855328
665300,2020-09-10,Update,v6.91 Facebook Integration & Quality of Life Changes,https://steamstore-a.akamaihd.net/news/externalpost/steam_community_announcements/3819571572128566924
665300,2020-12-10,Update,v7.03 Custom Scripting And Shop conditions!,https://steamstore-a.akamaihd.net/news/externalpost/steam_community_announcements/3879252510630501559
665300,2021-01-25,Update,v7.102 Cloud Integration & QoL,https://steamstore-a.akamaihd.net/news/externalpost/steam_community_announcements/4043637702564381442
665300,2021-03-05,Update,v7.108 !mass explode,https://steamstore-a.akamaihd.net/news/externalpost/steam_community_announcements/4057152305717320239
665300,2021-05-25,Update,v7.17 Trovo Integration,https://steamstore-a.akamaihd.net/news/externalpost/steam_community_announcements/4069544181446537553
665300,2021-10-27,Update,v7.222 Custom Nametags & Fonts!,https://steamstore-a.akamaihd.net/news/externalpost/steam_community_announcements/4186652357021848867
665300,2022-01-11,Update,v7.41 Multiplatform Streaming & QoL Update,https://steamstore-a.akamaihd.net/news/externalpost/steam_community_announcements/4224939386894333558
665300,2022-02-11,Update,v7.551 Glimesh.tv support!,https://steamstore-a.akamaihd.net/news/externalpost/steam_community_announcements/6154735015618655544
665300,2022-04-26,Update,v7.591 Patreon subscription upload increase + QOL,https://steamstore-a.akamaihd.net/news/externalpost/steam_community_announcements/4348798430269349522
665300,2022-07-20,Update,v7.81 Teleport Blocks & Scriptable Blocks!,https://steamstore-a.akamaihd.net/news/externalpost/steam_community_announcements/4598755821863061364
665300,2022-08-17,Update,v7.7074 QoL Update,https://steamstore-a.akamaihd.net/news/externalpost/steam_community_announcements/4584121659778607721
665300,2022-09-07,Update,v7.72 Avatar Creation QOL,https://steamstore-a.akamaihd.net/news/externalpost/steam_community_announcements/4606641560246858137
665300,2022-10-28,Update,v7.764 Small QoL Update,https://steamstore-a.akamaihd.net/news/externalpost/steam_community_announcements/4706851091175641583
665300,2023-01-10,Update,v7.794 Lua Scripting | Bugs,https://steamstore-a.akamaihd.net/news/externalpost/steam_community_announcements/5035620387707098343
665300,2023-03-21,Update,v7.876 +Override Animations & Bot Commands Redo,https://steamstore-a.akamaihd.net/news/externalpost/steam_community_announcements/5125698536871627245
665300,2023-06-06,Update,v7.902 Extension Update!,https://steamstore-a.akamaihd.net/news/externalpost/steam_community_announcements/5151601211243405110
665300,2023-11-03,Update,v7.918 New Custom Boss Player Classes!,https://steamstore-a.akamaihd.net/news/externalpost/steam_community_announcements/5288974951212161870
665300,2024-08-08,Update,"v7.93 Bangboo Mode, Minor Bugs/fixes",https://steamstore-a.akamaihd.net/news/externalpost/steam_community_announcements/5963414363391985208
665300,2025-02-26,Update,v7.954 Kick & StreamDeck Integrations,https://steamstore-a.akamaihd.net/news/externalpost/steam_community_announcements/1792751525976086
47890,2011-01-27,Release,Initial Release,https://store.steampowered.com/app/47890
47890,2011-07-25,Update,The Sims 3 Update Released,http://store.steampowered.com/news/5915/
47890,2012-01-24,Update,New DLC Available - The Sims 3: Master Suite Stuff,http://store.steampowered.com/news/7204/
47890,2012-03-06,Update,New DLC Available - The Sims 3: Showtime,http://store.steampowered.com/news/7472/
47890,2013-09-10,Update,New DLC Available - The Sims™ 3 Movie Stuff,http://store.steampowered.com/news/11433/
47890,2013-10-23,Update,New DLC Available - The Sims 3 - Into the Future,http://store.steampowered.com/news/11679/
47890,2023-11-22,Update,The Sims just got official merch and it's about as pricy as the average expansion pack,https://steamstore-a.akamaihd.net/news/externalpost/VG247/5382426458974020390
1147690,2019-09-25,Update,NGU IDLE Launches October 1st!,https://steamstore-a.akamaihd.net/news/externalpost/steam_community_announcements/2422298078080302430
1147690,2019-10-21,Update,Build 1.001 Released,https://steamstore-a.akamaihd.net/news/externalpost/steam_community_announcements/2404285581875498636
1147690,2019-11-19,Update,Build 1.002 Released,https://steamstore-a.akamaihd.net/news/externalpost/steam_community_announcements/3657415303184978294
1147690,2019-12-13,Update,KRISSMUSS UPDATE 1.003!,https://steamstore-a.akamaihd.net/news/externalpost/steam_community_announcements/3370312875252387459
1147690,2020-01-23,Update,THE FART OF THE CARDS UPDATE (Build 1.100),https://steamstore-a.akamaihd.net/news/externalpost/steam_community_announcements/2597949245048637046
1147690,2020-03-09,Update,Build 1.110 Released!,https://steamstore-a.akamaihd.net/news/externalpost/steam_community_announcements/2579938650937852958
1147690,2020-04-06,Update,Build 1.120 Released!,https://steamstore-a.akamaihd.net/news/externalpost/steam_community_announcements/2978509755359767515
1147690,2020-05-14,Update,Build 1.130 Released!,https://steamstore-a.akamaihd.net/news/externalpost/steam_community_announcements/4742798819311197688
1147690,2020-07-02,Update,Build 1.200: A QUACKY UPDATE,https://steamstore-a.akamaihd.net/news/externalpost/steam_community_announcements/3444639924520433112
1147690,2020-09-24,Update,Build 1.210 Released,https://steamstore-a.akamaihd.net/news/externalpost/steam_community_announcements/3715990047694633468
1147690,2020-11-30,Update,Build 1.220 Released!,https://steamstore-a.akamaihd.net/news/externalpost/steam_community_announcements/3856733252020734993
1147690,2021-03-29,Update,NGU INDUSTRIES EARLY ACCESS LAUNCHES APRIL 5,https://steamstore-a.akamaihd.net/news/externalpost/steam_community_announcements/4026754911360029242
1147690,2021-06-26,Update,Build 1.260: Lore's End,https://steamstore-a.akamaihd.net/news/externalpost/steam_community_announcements/4032392655071992389
1041320,2019-06-02,Release,Initial Release,https://store.steampowered.com/app/1041320
1041320,2020-06-02,Update,IGG's Anniversary!,https://steamstore-a.akamaihd.net/news/externalpost/steam_community_announcements/3142896212106757813
1041320,2021-10-18,Update,Version 2.64 Update Notice,https://steamstore-a.akamaihd.net/news/externalpost/steam_community_announcements/4698935641769560591
1041320,2021-12-01,Update,Version 2.68 Update Notice,https://steamstore-a.akamaihd.net/news/externalpost/steam_community_announcements/4224935490657152939
1041320,2022-02-22,Update,6th Anniversary Blessings!,https://steamstore-a.akamaihd.net/news/externalpost/steam_community_announcements/4246335832502715259
1041320,2022-04-02,Update,Version 2.79 Update Notice,https://steamstore-a.akamaihd.net/news/externalpost/steam_community_announcements/4347669995466860383
1041320,2022-06-21,Update,Version 2.83 Update Notice,https://steamstore-a.akamaihd.net/news/externalpost/steam_community_announcements/6214419350721498844
1041320,2022-08-03,Update,Version 2.84 Update Notice,https://steamstore-a.akamaihd.net/news/externalpost/steam_community_announcements/4598757090445562548
1041320,2022-09-14,Update,Version 2.85 Update Notice,https://steamstore-a.akamaihd.net/news/externalpost/steam_community_announcements/4705721386244121751
1041320,2022-12-16,Update,Celebrate this festive season with Lords Mobile!,https://steamstore-a.akamaihd.net/news/externalpost/steam_community_announcements/5623338145753748712
1041320,2023-03-30,Update,Version 2.100 Update Notice,https://steamstore-a.akamaihd.net/news/externalpost/steam_community_announcements/6839319551981174459
1041320,2023-10-23,Update,Version 2.114 Update Notice,https://steamstore-a.akamaihd.net/news/externalpost/steam_community_announcements/5218041989056969258
1041320,2023-11-28,Update,Version 2.116 Update Notice,https://steamstore-a.akamaihd.net/news/externalpost/steam_community_announcements/5382426458994303628
1041320,2024-02-25,Update,Version 2.122 Update Notice,https://steamstore-a.akamaihd.net/news/externalpost/steam_community_announcements/5728086065195002244
1041320,2024-06-25,Update,Version 2.131 Update Notice,https://steamstore-a.akamaihd.net/news/externalpost/steam_community_announcements/5842939267304362101
1041320,2024-09-25,Update,Version 2.138 Update Notice,https://steamstore-a.akamaihd.net/news/externalpost/steam_community_announcements/6339469370177868271
1041320,2024-12-18,Update,Version 2.146 Update Notice,https://steamstore-a.akamaihd.net/news/externalpost/steam_community_announcements/1786409468860218
1041320,2025-10-20,Update,2.177 Update Note,https://steamstore-a.akamaihd.net/news/externalpost/steam_community_announcements/1813674389062362
1068820,2019-06-28,Release,Initial Release,https://store.steampowered.com/app/1068820
1013320,2024-04-01,Release,Initial Release,https://store.steampowered.com/app/1013320
1013320,2026-03-31,Update,Event: 7th Anniversary,https://steamstore-a.akamaihd.net/news/externalpost/steam_community_announcements/1828894815553583
1184370,2021-09-02,Release,Initial Release,https://store.steampowered.com/app/1184370
1184370,2023-05-08,Update,Midweek Madness and the first sale on Season Pass 2!,https://steamstore-a.akamaihd.net/news/externalpost/steam_community_announcements/5138087875094629308
1184370,2023-08-02,Update,Improving our approach to DLCs: Your feedback matters!,https://steamstore-a.akamaihd.net/news/externalpost/steam_community_announcements/5124585319845363423
1184370,2023-09-28,Update,The Lord of Nothing DLC,https://steamstore-a.akamaihd.net/news/externalpost/steam_community_announcements/5220291886487482260
1184370,2023-10-25,Update,New archetypes in The Lord of Nothing DLC. Part 1,https://steamstore-a.akamaihd.net/news/externalpost/steam_community_announcements/5229301621572257334
1184370,2023-12-07,Update,"Warhammer 40,000: Rogue Trader is released!",https://steamstore-a.akamaihd.net/news/externalpost/steam_community_announcements/5395938616796200821
1184370,2024-05-15,Update,New Archetypes in A Dance of Masks DLC: Part 1,https://steamstore-a.akamaihd.net/news/externalpost/steam_community_announcements/5747233970414639676
1184370,2024-06-05,Update,Full dialogue voiceover in A Dance of Masks DLC,https://steamstore-a.akamaihd.net/news/externalpost/steam_community_announcements/5746109972545485098
1184370,2024-09-05,Update,Huge RPG Pathfinder Wrath of the Righteous launches free crossover DLC,https://steamstore-a.akamaihd.net/news/externalpost/PCGamesN/6242640076598143241
1062520,2023-03-24,Update,The Bloomin’ Spring Major Update is Here!,https://steamstore-a.akamaihd.net/news/externalpost/steam_community_announcements/5143713753731541074
1062520,2023-06-17,Update,Mini Anniversary Update is ready to download,https://steamstore-a.akamaihd.net/news/externalpost/steam_community_announcements/5896948309846024019
1062520,2023-11-17,Update,The Summer Sun Major Update is Here!,https://steamstore-a.akamaihd.net/news/externalpost/steam_community_announcements/6560117310267012710
1062520,2025-04-04,Update,"Two Years of Early Access, and the Journey to Official Launch",https://steamstore-a.akamaihd.net/news/externalpost/steam_community_announcements/1795917897377118
1062520,2025-06-11,Update,Dinkum's First Discount Promotion Since Official Launch,https://steamstore-a.akamaihd.net/news/externalpost/steam_community_announcements/1802354289548618
3037410,2024-11-15,Release,Initial Release,https://store.steampowered.com/app/3037410
813780,2019-11-14,Release,Initial Release,https://store.steampowered.com/app/813780
813780,2024-09-30,Update,Celebrate the 25th Anniversary of Age of Empires II,https://steamstore-a.akamaihd.net/news/externalpost/steam_community_announcements/6339469370197430110
813780,2024-11-14,Update,New DLC Available Now: Chronicles: Battle for Greece,https://steamstore-a.akamaihd.net/news/externalpost/steam_community_announcements/1783238125220933
813780,2025-04-13,Update,Age of Empires 2's quest to conquer the strategy globe continues unabated as The Three Kingdoms DLC invades ancient China this May,https://steamstore-a.akamaihd.net/news/externalpost/PC Gamer/1796631172342106
813780,2025-05-06,Update,New DLC Available Now – The Three Kingdoms,https://steamstore-a.akamaihd.net/news/externalpost/steam_community_announcements/1798454487770430
813780,2025-10-14,Update,New DLC Available Now – Chronicles: Alexander the Great,https://steamstore-a.akamaihd.net/news/externalpost/steam_community_announcements/1813041031377844
813780,2026-02-13,Update,Launch Times for The Last Chieftains,https://steamstore-a.akamaihd.net/news/externalpost/steam_community_announcements/1824644522840502
1118200,2019-07-23,Release,Initial Release,https://store.steampowered.com/app/1118200
1118200,2020-02-24,Update,v1.3,https://steamstore-a.akamaihd.net/news/externalpost/steam_community_announcements/2578811485607043382
1118200,2020-03-25,Update,v1.5,https://steamstore-a.akamaihd.net/news/externalpost/steam_community_announcements/2984138620241035596
1118200,2020-04-30,Update,People Playground 1.6,https://steamstore-a.akamaihd.net/news/externalpost/steam_community_announcements/3127131079126985940
1118200,2020-06-13,Update,People Playground 1.7,https://steamstore-a.akamaihd.net/news/externalpost/steam_community_announcements/3309530667984932798
1118200,2020-07-17,Update,People Playground 1.9,https://steamstore-a.akamaihd.net/news/externalpost/steam_community_announcements/4738301002603570888
1118200,2020-09-15,Update,People Playground 1.10,https://steamstore-a.akamaihd.net/news/externalpost/steam_community_announcements/4249665521697846674
1118200,2020-10-31,Update,People Playground 1.12,https://steamstore-a.akamaihd.net/news/externalpost/steam_community_announcements/3884878205223153245
1118200,2020-12-07,Update,People Playground 1.13,https://steamstore-a.akamaihd.net/news/externalpost/steam_community_announcements/3856733878310544088
1118200,2021-01-24,Update,People Playground 1.14,https://steamstore-a.akamaihd.net/news/externalpost/steam_community_announcements/4043637702559788832
1118200,2021-02-24,Update,People Playground 1.15,https://steamstore-a.akamaihd.net/news/externalpost/steam_community_announcements/4060529371698935432
1118200,2021-04-05,Update,People Playground 1.16,https://steamstore-a.akamaihd.net/news/externalpost/steam_community_announcements/4023377846291425773
1118200,2021-05-09,Update,People Playground 1.17,https://steamstore-a.akamaihd.net/news/externalpost/steam_community_announcements/4072920612513705900
1118200,2021-06-19,Update,People Playground 1.19,https://steamstore-a.akamaihd.net/news/externalpost/steam_community_announcements/4056035920063367300
1118200,2021-07-28,Update,People Playground 1.20,https://steamstore-a.akamaihd.net/news/externalpost/steam_community_announcements/4038025325470522397
1118200,2021-11-01,Update,People Playground 1.22,https://steamstore-a.akamaihd.net/news/externalpost/steam_community_announcements/4186652357040106308
1118200,2022-03-28,Update,People Playground 1.23,https://steamstore-a.akamaihd.net/news/externalpost/steam_community_announcements/4258723269522540999
1118200,2022-05-21,Update,Gore update - People Playground 1.24,https://steamstore-a.akamaihd.net/news/externalpost/steam_community_announcements/4292505348832978384
1118200,2022-07-13,Update,People Playground 1.25,https://steamstore-a.akamaihd.net/news/externalpost/steam_community_announcements/4591999790064157299
1118200,2022-12-29,Update,People Playground 1.26,https://steamstore-a.akamaihd.net/news/externalpost/steam_community_announcements/5000716037468705219
1118200,2023-10-21,Update,People Playground 1.27,https://steamstore-a.akamaihd.net/news/externalpost/steam_community_announcements/5218041989050642380
2531310,2025-03-05,Update,"PlayStation reportedly enacts fresh wave of layoffs, with staff who worked on cancelled live-service games and Last of Us remaster support studio affected",https://steamstore-a.akamaihd.net/news/externalpost/VG247/1793384379337544
2531310,2025-04-03,Release,Initial Release,https://store.steampowered.com/app/2531310
627690,2020-03-25,Release,Initial Release,https://store.steampowered.com/app/627690
627690,2025-08-28,Update,Celebrate our Anniversary with Free Rewards!,https://steamstore-a.akamaihd.net/news/externalpost/steam_community_announcements/1809235871594898
431730,2016-02-22,Release,Initial Release,https://store.steampowered.com/app/431730
431730,2017-09-25,Update,Aseprite v1.2,https://steamstore-a.akamaihd.net/news/externalpost/steam_community_announcements/2149763711106345440
431730,2021-05-26,Update,Aseprite v1.3,https://steamstore-a.akamaihd.net/news/externalpost/steam_community_announcements/4069544815353248917
431730,2023-03-01,Update,Aseprite v1.3-rc1,https://steamstore-a.akamaihd.net/news/externalpost/steam_community_announcements/5070528176558483218
431730,2023-03-29,Update,Aseprite v1.3-rc2,https://steamstore-a.akamaihd.net/news/externalpost/steam_community_announcements/5143714207947330809
431730,2023-05-19,Update,Aseprite v1.3-rc4,https://steamstore-a.akamaihd.net/news/externalpost/steam_community_announcements/5140340943309120625
431730,2023-11-27,Update,Aseprite v1.3,https://steamstore-a.akamaihd.net/news/externalpost/steam_community_announcements/5382426458992214369
761890,2018-05-16,Release,Initial Release,https://store.steampowered.com/app/761890
761890,2025-11-15,Update,Season 29 Wrapup,https://steamstore-a.akamaihd.net/news/externalpost/steam_community_announcements/1816307528965964
761890,2025-12-18,Update,Tune in as the Double-Scoring Phase of Season 30 Begins!,https://steamstore-a.akamaihd.net/news/externalpost/steam_community_announcements/1819386365089188
761890,2026-01-14,Update,Season 31 Is Coming: The Battle Begins January 31,https://steamstore-a.akamaihd.net/news/externalpost/steam_community_announcements/1821922921810263
761890,2026-02-26,Update,The Mid-Season Invasion Day Approaches,https://steamstore-a.akamaihd.net/news/externalpost/steam_community_announcements/1825727806707018
761890,2026-03-23,Update,Guild Season 32 Arrives April 18,https://steamstore-a.akamaihd.net/news/externalpost/steam_community_announcements/1827626365763361
761890,2026-04-15,Update,Season 32 Starts Saturday,https://steamstore-a.akamaihd.net/news/externalpost/steam_community_announcements/1830163047254383
1104280,2021-10-31,Update,The Prison Update Release Date,https://steamstore-a.akamaihd.net/news/externalpost/steam_community_announcements/4186652357034934502
1104280,2024-07-02,Update,[Experimental Branch] The Balance Update (0.9) is now available,https://steamstore-a.akamaihd.net/news/externalpost/steam_community_announcements/5842939267327195754
1104280,2025-04-24,Update,The Slormancer: Release Date,https://steamstore-a.akamaihd.net/news/externalpost/steam_community_announcements/1797820624458423
304930,2017-07-07,Release,Initial Release,https://store.steampowered.com/app/304930
304930,2024-07-07,Update,Unturned's 10th Anniversary,https://steamstore-a.akamaihd.net/news/externalpost/steam_community_announcements/5842939267346448530
230410,2013-03-25,Release,Initial Release,https://store.steampowered.com/app/230410
230410,2025-09-25,Update,The Vallis Undermind Launches October 15,https://steamstore-a.akamaihd.net/news/externalpost/steam_community_announcements/1811772772253408
230410,2025-11-10,Update,TennoGen 10 Year Anniversary Celebration and Sale,https://steamstore-a.akamaihd.net/news/externalpost/steam_community_announcements/1815580768395837
230410,2026-03-13,Update,13 Year Anniversary is live!,https://steamstore-a.akamaihd.net/news/externalpost/steam_community_announcements/1826992588595888
107410,2013-09-12,Release,Initial Release,https://store.steampowered.com/app/107410
107410,2024-03-26,Update,Arma 3 Creator DLC: Reaction Forces is out now,https://steamstore-a.akamaihd.net/news/externalpost/steam_community_announcements/5686430301736328175
107410,2024-08-06,Update,OPREP - Spearhead 1944 Update 1.1,https://steamstore-a.akamaihd.net/news/externalpost/steam_community_announcements/5963413728353459140
107410,2024-09-12,Update,Bohemia Interactive 25th Anniversary Sale,https://steamstore-a.akamaihd.net/news/externalpost/steam_community_announcements/6250522009513738520
107410,2024-11-26,Update,Realistic military FPS Arma 3 gets amphibious with its new DLC,https://steamstore-a.akamaihd.net/news/externalpost/PCGamesN/1784506358959330
107410,2024-12-17,Update,Reaction Forces and Western Sahara Creator DLCs Receive Updates,https://steamstore-a.akamaihd.net/news/externalpost/steam_community_announcements/1785774543688600
107410,2025-01-21,Update,Arma 3 Mac Port Update 2.18,https://steamstore-a.akamaihd.net/news/externalpost/steam_community_announcements/1789039014498267
107410,2025-04-17,Update,Arma 3 Creator DLC Weekend Sale,https://steamstore-a.akamaihd.net/news/externalpost/steam_community_announcements/1797185861644710
107410,2025-05-29,Update,OPREP - Global Mobilization Update 1.6,https://steamstore-a.akamaihd.net/news/externalpost/steam_community_announcements/1800991756312951
107410,2025-11-26,Update,Arma 3 Creator DLC: Expeditionary Forces Update 1.1,https://steamstore-a.akamaihd.net/news/externalpost/steam_community_announcements/1817483467033644
107410,2026-03-19,Update,Arma 3 Creator DLC: Expeditionary Forces Update 1.2,https://steamstore-a.akamaihd.net/news/externalpost/steam_community_announcements/1827626365753564
431960,2018-11-16,Release,Initial Release,https://store.steampowered.com/app/431960
431960,2021-06-12,Update,"Wallpaper Engine 1.6 - Real-Time Lighting & Reflections, Screensavers, Mini Mode",https://steamstore-a.akamaihd.net/news/externalpost/steam_community_announcements/5019805792168305302
431960,2021-11-26,Update,"Wallpaper Engine 2.0 - Free Android App, New Logo, New Features and More!",https://steamstore-a.akamaihd.net/news/externalpost/steam_community_announcements/4224935490639659235
431960,2022-06-04,Update,"Wallpaper Engine 2.1 - Inverse Kinematics Animations, User Texture Import & More",https://steamstore-a.akamaihd.net/news/externalpost/steam_community_announcements/4469272893499830130
431960,2022-10-07,Update,"Wallpaper Engine 2.2 - Album Cover Integration, Fluid Simulation & More",https://steamstore-a.akamaihd.net/news/externalpost/steam_community_announcements/4613399405944282222
431960,2023-09-28,Update,"Wallpaper Engine 2.3 - New 3D Model Support, Improved Lighting, Asset Hierarchy",https://steamstore-a.akamaihd.net/news/externalpost/steam_community_announcements/5220291886487612639
431960,2024-02-15,Update,"Wallpaper Engine 2.4 - Lighting & Shader Improvements, Local Storage & More",https://steamstore-a.akamaihd.net/news/externalpost/steam_community_announcements/8033928544493620685
431960,2024-05-30,Update,Wallpaper Engine 2.5 - Playlist Transitions & Editor Update / Retiring Windows 7,https://steamstore-a.akamaihd.net/news/externalpost/steam_community_announcements/5742731639330094700
431960,2025-09-04,Update,"Wallpaper Engine 2.7 - Particle Editor Updates, User Shortcuts & Image Filters",https://steamstore-a.akamaihd.net/news/externalpost/steam_community_announcements/1809869180036732
1868140,2023-06-28,Release,Initial Release,https://store.steampowered.com/app/1868140
1868140,2023-12-08,Update,Dev Interview - Free DLC: DREDGE Crossover AND MORE!,https://steamstore-a.akamaihd.net/news/externalpost/steam_community_announcements/5395938616800050968
1868140,2024-01-31,Update,Dave the Diver is getting a Godzilla expansion and it looks too perfect for words,https://steamstore-a.akamaihd.net/news/externalpost/GamesRadar News/5582843074938930412
1868140,2024-05-23,Update,"Dave the Diver's Godzilla DLC is live now and completely free, but after November 23 it's gone forever",https://steamstore-a.akamaihd.net/news/externalpost/PC Gamer/5741605105608600801
1868140,2024-06-26,Update,DAVE THE DIVER 1ST ANNIVERSARY UPDATE,https://steamstore-a.akamaihd.net/news/externalpost/steam_community_announcements/5842939267305265376
1868140,2024-10-21,Update,"Dave the Diver creator says 'story DLC' is coming, jokes about expanding into a 'Dave cinematic universe' with new games",https://steamstore-a.akamaihd.net/news/externalpost/PC Gamer/6212244583190807687
1868140,2025-03-21,Update,Ichiban Kasuga makes like a dragonfish and joins Dave the Diver’s latest DLC on April 10th for some fisticuffs and a few rounds of karaoke,https://steamstore-a.akamaihd.net/news/externalpost/PC Gamer/1794830910909512
1868140,2025-06-16,Update,It's time for Fishing Fest! DAVE THE DIVER 40% & DLC 50% OFF!,https://steamstore-a.akamaihd.net/news/externalpost/steam_community_announcements/1802354289696626
1868140,2025-09-29,Update,DAVE THE DIVER 40% & DLC 50% OFF! Enjoy your Enchanting Ocean🍂,https://steamstore-a.akamaihd.net/news/externalpost/steam_community_announcements/1811772772380808
1868140,2025-11-23,Update,🔥BLACK FRIDAY HOT DEALS!🔥Base Game 45% OFF & DLC 50% OFF!,https://steamstore-a.akamaihd.net/news/externalpost/steam_community_announcements/1816849002018647
1868140,2025-12-19,Update,"Dave the Diver's next DLC may not stick to sushi, but its underwater croc fights and jungle exploration have my attention",https://steamstore-a.akamaihd.net/news/externalpost/rps/1819386365096346
1868140,2026-03-12,Update,In the Jungle DLC launches on JUNE 18!,https://steamstore-a.akamaihd.net/news/externalpost/steam_community_announcements/1826992588593919
728880,2018-08-07,Release,Initial Release,https://store.steampowered.com/app/728880
728880,2018-10-03,Update,Overcooked 2 heads to the beach today for some fresh Surf N Turf DLC,https://steamstore-a.akamaihd.net/news/externalpost/rps/2447035533292291203
728880,2019-02-05,Update,Overcooked 2 serves up free DLC for Lunar New Year,https://steamstore-a.akamaihd.net/news/externalpost/rps/2461683368378297670
728880,2019-03-27,Update,Overcooked 2 goes camping with new DLC and season pass,https://steamstore-a.akamaihd.net/news/externalpost/eurogamer/2465065785294670639
728880,2019-04-18,Update,Overcooked! 2 – Campfire Cook Off DLC & Season Pass Available Now!,https://steamstore-a.akamaihd.net/news/externalpost/steam_community_announcements/2434668385546470200
728880,2019-06-13,Update,Introducing ‘Night Of The Hangry Horde’ DLC!,https://steamstore-a.akamaihd.net/news/externalpost/steam_community_announcements/2408777766638104292
728880,2019-08-27,Update,Overcooked! 2 – Introducing the ‘Carnival of Chaos’ DLC!,https://steamstore-a.akamaihd.net/news/externalpost/steam_community_announcements/2416665403787654449
728880,2020-04-16,Update,"FREE DLC, Gourmet Edition launch, PLUS savings on Overcooked! and Overcooked! 2",https://steamstore-a.akamaihd.net/news/externalpost/steam_community_announcements/4654976078204809317
728880,2020-10-02,Update,Chaotic co-op game Overcooked! 2 gets another great free content expansion,https://steamstore-a.akamaihd.net/news/externalpost/GamingOnLinux/3807188575851856549
728880,2021-05-14,Update,Save up to 50% on Overcooked 2 & DLC!,https://steamstore-a.akamaihd.net/news/externalpost/steam_community_announcements/4767601588114325001
728880,2021-08-03,Update,Celebrate Overcooked’s 5th Anniversary with us!,https://steamstore-a.akamaihd.net/news/externalpost/steam_community_announcements/4038025597330116070
728880,2021-11-24,Update,Save up to 75% on Overcooked! 2 and DLC!,https://steamstore-a.akamaihd.net/news/externalpost/steam_community_announcements/4224935490632817095
208650,2015-06-23,Release,Initial Release,https://store.steampowered.com/app/208650
208650,2015-12-22,Update,Arkham Knight Season of Infamy descends,https://steamstore-a.akamaihd.net/news/externalpost/pcgamer/341510664108577016
208650,2020-12-04,Update,Rocksteady releases update to five-year-old Batman: Arkham Knight,https://steamstore-a.akamaihd.net/news/externalpost/eurogamer/3856733878298043487
208650,2021-12-14,Update,Get eight of the best Batman games for just $1.25 each,https://steamstore-a.akamaihd.net/news/externalpost/PCGamesN/4224936849669227322
1363080,2024-04-26,Release,Initial Release,https://store.steampowered.com/app/1363080
1363080,2025-01-03,Update,"PC Gamer's Best City Builder of 2024 has sold over 2.5 million, but here's the big news: Now it has bridges",https://steamstore-a.akamaihd.net/news/externalpost/PC Gamer/1787858252759491
1363080,2025-10-02,Update,Manor Lords releases first update in nine months as Steam reviews turn sour,https://steamstore-a.akamaihd.net/news/externalpost/PCGamesN/1811772772481221
1363080,2025-12-19,Update,"Major Update #5 - Core Systems Rework, Castle Overhaul, and New Maps",https://steamstore-a.akamaihd.net/news/externalpost/steam_community_announcements/1819386365095372
1363080,2026-03-18,Update,"Major Update #6: Battlefield Changes, New Map, and Family Based Progression",https://steamstore-a.akamaihd.net/news/externalpost/steam_community_announcements/1827626365750540
961200,2023-10-24,Update,Update v0.12 is LIVE!,https://steamstore-a.akamaihd.net/news/externalpost/steam_community_announcements/5218041989061005622
961200,2023-12-05,Update,Update v0.13 is LIVE!,https://steamstore-a.akamaihd.net/news/externalpost/steam_community_announcements/5395937983679108602
961200,2024-01-16,Update,Update v0.14 is LIVE!,https://steamstore-a.akamaihd.net/news/externalpost/steam_community_announcements/6300039510137897710
961200,2024-03-05,Update,Update v0.15 is LIVE!,https://steamstore-a.akamaihd.net/news/externalpost/steam_community_announcements/5688680204388338901
961200,2024-03-28,Update,Update v0.16 is LIVE!,https://steamstore-a.akamaihd.net/news/externalpost/steam_community_announcements/5749481331436975330
961200,2024-05-22,Update,"Reborn MOBA launches ""unquestionably the biggest update ever""",https://steamstore-a.akamaihd.net/news/externalpost/PCGamesN/5741605105604091381
961200,2024-07-02,Update,"Update V0.19 - Terra, Summer Sales, Balance Adjustments & More!",https://steamstore-a.akamaihd.net/news/externalpost/steam_community_announcements/5842939267327624916
961200,2024-08-20,Release,Initial Release,https://store.steampowered.com/app/961200
961200,2024-11-19,Update,"Update V1.2 - Yin, Arcshot Gateways, UI Changes, Toxicity Improvements & More!",https://steamstore-a.akamaihd.net/news/externalpost/steam_community_announcements/1783238125378350
961200,2025-04-24,Update,Dev Stream | v1.5 First Look,https://steamstore-a.akamaihd.net/news/externalpost/steam_community_announcements/1797820624464143
961200,2025-05-29,Update,Dev Stream | v1.6 First Look!,https://steamstore-a.akamaihd.net/news/externalpost/steam_community_announcements/1800991756318505
961200,2025-07-09,Update,V1.7 First Look Livestream | 15th July,https://steamstore-a.akamaihd.net/news/externalpost/steam_community_announcements/1803527891932536
961200,2025-08-15,Update,Predecessor First Anniversary Event!,https://steamstore-a.akamaihd.net/news/externalpost/steam_community_announcements/1808061939371155
961200,2025-10-08,Update,V1.9: Tempest of Shadows | First Look Livestream,https://steamstore-a.akamaihd.net/news/externalpost/steam_community_announcements/1813041031181954
961200,2025-11-19,Update,Update v1.10: Echoes of Immortals Livestream!,https://steamstore-a.akamaihd.net/news/externalpost/steam_community_announcements/1816849002008835
961200,2026-01-13,Update,Patch V1.11 is LIVE! | New Hero:Maco | Nitro: Last Stand | Infernix Skins |,https://steamstore-a.akamaihd.net/news/externalpost/steam_community_announcements/1821288646587871
961200,2026-02-24,Update,V1.12 is LIVE! | Hero Reworks | New Map | Neon Renegades Battle Pass,https://steamstore-a.akamaihd.net/news/externalpost/steam_community_announcements/1825093633197787
961200,2026-04-07,Update,V1.13: Throne of Thorns is LIVE! | Adele | Daybreak V4 | Quests | ...and more!,https://steamstore-a.akamaihd.net/news/externalpost/steam_community_announcements/1828894815567141
1794680,2022-10-20,Release,Initial Release,https://store.steampowered.com/app/1794680
1794680,2023-07-12,Update,Vampire Survivors set for hefty FPS boost as its new engine finally gets a release date: 'It's like a completely different game',https://steamstore-a.akamaihd.net/news/externalpost/PC Gamer/5124582150177882570
1794680,2023-08-02,Update,There's a secret version of Vampire Survivors that wasn't released,https://steamstore-a.akamaihd.net/news/externalpost/PCGamesN/5124585319847073667
1794680,2023-12-06,Update,Vampire Survivors teams up with Among Us for out-of-this-world DLC,https://steamstore-a.akamaihd.net/news/externalpost/PCGamesN/5395938616791849682
1794680,2024-04-10,Update,Vampire Survivors teams up with Contra for new DLC and fangs its way onto PlayStation consoles this summer,https://steamstore-a.akamaihd.net/news/externalpost/VG247/5762993398270188925
1794680,2024-05-12,Update,The latest Vampire Survivors release is a straight-up crossover with Contra,https://steamstore-a.akamaihd.net/news/externalpost/PC Gamer/5768625435405440400
1794680,2024-08-16,Update,Patch 1.11: The Darkasso,https://steamstore-a.akamaihd.net/news/externalpost/steam_community_announcements/6909171012599282476
1794680,2024-09-27,Update,"Vampire Survivors creator won't release copycats or ""anything AI or Web3""",https://steamstore-a.akamaihd.net/news/externalpost/PCGamesN/6339469370186244797
1794680,2024-10-21,Update,"'Please try not to binge it': Vampire Survivors finally releases a Castlevania DLC with 20 new characters, 40 new weapons, and 'a monstrously large stage'",https://steamstore-a.akamaihd.net/news/externalpost/PC Gamer/6212244583190883974
1794680,2025-04-11,Update,"Vampire Survivors free Square Enix SaGa cross-over DLC, another free update and cross-save out now",https://steamstore-a.akamaihd.net/news/externalpost/GamingOnLinux/1796631172275201
1794680,2025-10-28,Update,The Vampire Survivors online co-op update just arrived with a bonus Balatro collab expansion,https://steamstore-a.akamaihd.net/news/externalpost/PC Gamer/1814309641619526
1222670,2020-06-18,Release,Initial Release,https://store.steampowered.com/app/1222670
1222670,2025-03-06,Update,The Sims™ 4 Businesses & Hobbies Expansion Pack* Has Arrived,https://steamstore-a.akamaihd.net/news/externalpost/steam_community_announcements/1793384379380556
1222670,2025-06-12,Update,The Sims 4's next expansion Enchanted by Nature looks perfect for cottagecore lovers on TikTok circa 2020,"https://steamstore-a.akamaihd.net/news/externalpost/Rock, Paper, Shotgun/1802354289571228"
1222670,2025-07-10,Update,The Sims™ 4 Enchanted by Nature Expansion Pack is Here,https://steamstore-a.akamaihd.net/news/externalpost/steam_community_announcements/1803527891966702
1222670,2025-08-28,Update,The Sims™ 4 Enchanted by Nature Expansion Pack,https://steamstore-a.akamaihd.net/news/externalpost/steam_community_announcements/1809235871603714
1222670,2025-09-19,Update,The Sims 4's latest update adds playground venues to the base game ahead of October's kid-friendly expansion pack,https://steamstore-a.akamaihd.net/news/externalpost/VG247/1811138915427067
1222670,2026-03-20,Update,"Currently Investigating ""Failed to Launch Game"" Error",https://steamstore-a.akamaihd.net/news/externalpost/steam_community_announcements/1827626365758984
635260,2017-11-17,Release,Initial Release,https://store.steampowered.com/app/635260
635260,2026-04-01,Update,CarX Drift Racing Online 2 Multiplayer Public Technical Test has launched!,https://steamstore-a.akamaihd.net/news/externalpost/steam_community_announcements/1828894815554058
1942280,2022-09-20,Update,Brotato will release in Early Access on September 27th!,https://steamstore-a.akamaihd.net/news/externalpost/steam_community_announcements/6258337460562361791
1942280,2023-06-13,Update,Brotato 1.0 is coming on June 23rd!,https://steamstore-a.akamaihd.net/news/externalpost/steam_community_announcements/5129083846358401258
1942280,2024-04-21,Update,"Brotato has a DLC and a free, 4-player local co-op expansion incoming",https://steamstore-a.akamaihd.net/news/externalpost/PC Gamer/5762994032403317094
1942280,2024-10-19,Update,Abyssal Terrors DLC & Local Co-Op update coming on October 25th,https://steamstore-a.akamaihd.net/news/externalpost/steam_community_announcements/6212244583182494552
1942280,2025-10-31,Update,Grab a free Steam key for Brotato and the beloved roguelike's must-play DLC,https://steamstore-a.akamaihd.net/news/externalpost/PCGamesN/1815034432931710
1942280,2026-02-17,Update,Brotato gets a major update with Paws & Claws adding pets,https://steamstore-a.akamaihd.net/news/externalpost/GamingOnLinux/1824644522847626
219740,2013-04-23,Release,Initial Release,https://store.steampowered.com/app/219740
219740,2016-02-25,Update,Shipwrecked Update - Release the Quacken - Feb 25th,https://steamstore-a.akamaihd.net/news/externalpost/steam_community_announcements/295354567834752561
219740,2016-03-28,Update,Don't Starve: Shipwrecked Launches March 31st!,https://steamstore-a.akamaihd.net/news/externalpost/steam_community_announcements/272839101185435174
219740,2018-11-08,Update,Don t Starve expansion Hamlet tells a curly new tale in early access,https://steamstore-a.akamaihd.net/news/externalpost/rps/2423394805998326031
219740,2019-05-15,Update,Don't Starve's piggy themed DLC expansion Hamlet has left early access,https://steamstore-a.akamaihd.net/news/externalpost/eurogamer/2405397525625386754
582660,2017-05-24,Release,Initial Release,https://store.steampowered.com/app/582660
582660,2024-10-22,Update,[10th Anniversary] Special 10 Weeks and a Hammer!,https://steamstore-a.akamaihd.net/news/externalpost/steam_community_announcements/6212245217911771682
582660,2025-02-28,Update,9th Anniversary Sale and Events at a Glance!,https://steamstore-a.akamaihd.net/news/externalpost/steam_community_announcements/1792751526053580
582660,2025-03-27,Update,Atoraxxion’s Last Chapter – The Final Ancient Weapon Enters,https://steamstore-a.akamaihd.net/news/externalpost/steam_community_announcements/1795283637826662
582660,2025-09-25,Update,"[Season: V] PEN (V) Boss Gear x2, Ultra Fast Leveling!",https://steamstore-a.akamaihd.net/news/externalpost/steam_community_announcements/1811772772253419
582660,2025-10-23,Update,New Arena of Solare Season Starts Now!,https://steamstore-a.akamaihd.net/news/externalpost/steam_community_announcements/1814309641457456
582660,2025-12-11,Update,[NA/EU] Camp Tuvala Guild Event: Winter Season,https://steamstore-a.akamaihd.net/news/externalpost/steam_community_announcements/1818752592125161
582660,2026-02-20,Update,[NA/EU]🎉10th Anniversary Celebration Events & Giveaways!🎉,https://steamstore-a.akamaihd.net/news/externalpost/steam_community_announcements/1825093633189244
297000,2015-01-28,Release,Initial Release,https://store.steampowered.com/app/297000
297000,2015-02-26,Update,Update 1.1 - Now available,https://steamstore-a.akamaihd.net/news/externalpost/steam_community_announcements/515997975630952308
297000,2025-10-09,Update,Heroes of Might and Magic 30th Anniversary Live Stream,https://steamstore-a.akamaihd.net/news/externalpost/steam_community_announcements/1813041031214363
1167630,2021-03-04,Update,The Steam Workshop release,https://steamstore-a.akamaihd.net/news/externalpost/steam_community_announcements/4057152305712488108
1167630,2022-04-05,Update,Teardown release date - anti-Minecraft indie game is out soon,https://steamstore-a.akamaihd.net/news/externalpost/PCGamesN/4347669995478900972
1167630,2023-09-28,Update,"Teardown is getting Wild West and destruction derby DLC, beginning this November","https://steamstore-a.akamaihd.net/news/externalpost/Rock, Paper, Shotgun/5220291886488244532"
1167630,2023-11-08,Update,10/10 Steam game with the best destruction since Red Faction gets DLC,https://steamstore-a.akamaihd.net/news/externalpost/PCGamesN/5302486387994456952
1167630,2024-10-10,Update,Version 1.6 - the Character Update is here,https://steamstore-a.akamaihd.net/news/externalpost/steam_community_announcements/6931694080291294664
2488370,2025-05-08,Release,Initial Release,https://store.steampowered.com/app/2488370
2488370,2026-02-11,Update,💸🎶 LOUD & LOADED DLC is Out Now + Console Launch,https://steamstore-a.akamaihd.net/news/externalpost/steam_community_announcements/1824459501604174
393380,2020-09-23,Release,Initial Release,https://store.steampowered.com/app/393380
393380,2023-12-12,Update,SQUAD 7.0 LIVE & RELEASE NOTES,https://steamstore-a.akamaihd.net/news/externalpost/steam_community_announcements/5395938616813549346
393380,2024-02-01,Update,Squad 7.1 and Sanxian Island,https://steamstore-a.akamaihd.net/news/externalpost/steam_community_announcements/5582843074941968631
393380,2024-03-12,Update,SQUAD 7.2 RELEASE NOTES,https://steamstore-a.akamaihd.net/news/externalpost/steam_community_announcements/5679673637671132649
393380,2024-04-16,Update,SQUAD 7.3 RELEASE NOTES,https://steamstore-a.akamaihd.net/news/externalpost/steam_community_announcements/6474562312200099145
393380,2024-06-10,Update,Squad - v8.0 Release Notes,https://steamstore-a.akamaihd.net/news/externalpost/steam_community_announcements/5746109972564419051
393380,2024-09-23,Update,Squad - v8.1 Release Notes - Hired Guns,https://steamstore-a.akamaihd.net/news/externalpost/steam_community_announcements/6341720536517969039
393380,2024-12-02,Update,Squad - v8.2 Release Notes,https://steamstore-a.akamaihd.net/news/externalpost/steam_community_announcements/1784506359151949
393380,2025-06-24,Update,SQUAD 8.2 Anti-Cheat Client update,https://steamstore-a.akamaihd.net/news/externalpost/steam_community_announcements/1802893906901368
393380,2025-07-31,Update,Celebrating Offworld's 10th Anniversary,https://steamstore-a.akamaihd.net/news/externalpost/steam_community_announcements/1806698490687802
393380,2025-09-05,Update,Update 9.0 FAQ,https://steamstore-a.akamaihd.net/news/externalpost/steam_community_announcements/1809869180087102
594570,2017-09-28,Release,Initial Release,https://store.steampowered.com/app/594570
594570,2021-02-24,Update,New Total Warhammer 2 DLC speculation mounts as players dunk on Beastmen,https://steamstore-a.akamaihd.net/news/externalpost/Strategy Gamer/4060529371699043344
594570,2021-04-12,Update,"No new Total Warhammer 2 DLC news expected ""for a couple of months""",https://steamstore-a.akamaihd.net/news/externalpost/PCGamesN/4117954073014090102
594570,2021-06-03,Update,The final Total Warhammer 2 DLC means we can all stop dunking on the Beastmen,https://steamstore-a.akamaihd.net/news/externalpost/PCGamesN/4093189347043714430
594570,2021-07-01,Update,The scaly lads and hairy boys of Total War: Warhammer 2's last DLC have been detailed,https://steamstore-a.akamaihd.net/news/externalpost/PC Gamer/4032392655091150461
594570,2021-08-30,Update,Ranking the best and worst Total War: Warhammer 2 DLC,https://steamstore-a.akamaihd.net/news/externalpost/PC Gamer/4018887653994802292
594570,2025-02-19,Update,Total War: WARHAMMER III Anniversary Sale,https://steamstore-a.akamaihd.net/news/externalpost/steam_community_announcements/1792116353155884
594570,2025-12-01,Update,25th Anniversary Showcase Timings,https://steamstore-a.akamaihd.net/news/externalpost/steam_community_announcements/1817483467045773
3014080,2024-08-27,Update,About Release Date of English Version,https://steamstore-a.akamaihd.net/news/externalpost/steam_community_announcements/6240387642448836655
3014080,2025-01-16,Update,English version release date & “Extreme” x “Despair” PV introduction,https://steamstore-a.akamaihd.net/news/externalpost/steam_community_announcements/1789039014330080
3014080,2025-02-28,Update,The second PV introducing the characters is released!,https://steamstore-a.akamaihd.net/news/externalpost/steam_community_announcements/1792751526038718
3014080,2025-04-23,Release,Initial Release,https://store.steampowered.com/app/3014080
3014080,2025-05-28,Update,Post-release update information released!,https://steamstore-a.akamaihd.net/news/externalpost/steam_community_announcements/1800991756280333
3014080,2026-01-16,Update,Regarding the Release of the Original Soundtrack,https://steamstore-a.akamaihd.net/news/externalpost/steam_community_announcements/1821922921816141
2651280,2025-01-30,Release,Initial Release,https://store.steampowered.com/app/2651280
990080,2023-02-10,Release,Initial Release,https://store.steampowered.com/app/990080
990080,2025-02-03,Update,Hogwarts Anniversary Sale!,https://steamstore-a.akamaihd.net/news/externalpost/steam_community_announcements/1790214123218530
990080,2025-03-24,Update,Butterbeer Season Sale!,https://steamstore-a.akamaihd.net/news/externalpost/steam_community_announcements/1794830911007119
990080,2026-02-05,Update,Hogwarts Anniversary Sale!,https://steamstore-a.akamaihd.net/news/externalpost/steam_community_announcements/1823825466497473
990080,2026-03-16,Update,Butterbeer Season Sale!,https://steamstore-a.akamaihd.net/news/externalpost/steam_community_announcements/1826992588601836
2669320,2024-09-26,Release,Initial Release,https://store.steampowered.com/app/2669320
2669320,2024-12-05,Update,Season 3: Winter Champions,https://steamstore-a.akamaihd.net/news/externalpost/steam_community_announcements/1784506359250089
2669320,2025-01-09,Update,Season 4: Strength in Numbers in EA SPORTS FC™ 25,https://steamstore-a.akamaihd.net/news/externalpost/steam_community_announcements/1788311419017938
2669320,2025-01-30,Update,Celebrate football’s next-up with Season 5: Future is Yours,https://steamstore-a.akamaihd.net/news/externalpost/steam_community_announcements/1790214123080583
2669320,2025-03-14,Update,Welcome the past to the present with Season Six,https://steamstore-a.akamaihd.net/news/externalpost/steam_community_announcements/1794102528109445
2669320,2025-04-18,Update,EA SPORTS FC™ 25 Team of the Season Warm Up,https://steamstore-a.akamaihd.net/news/externalpost/steam_community_announcements/1797185861677850
2669320,2025-05-09,Update,The EA SPORTS FC™ 25 Bundesliga Team of the Season,https://steamstore-a.akamaihd.net/news/externalpost/steam_community_announcements/1799088287871621
2669320,2025-05-30,Update,The EA SPORTS FC™ 25 MLS I RSL I Rest of The World Team of the Season,https://steamstore-a.akamaihd.net/news/externalpost/steam_community_announcements/1800991756350532
2669320,2025-07-11,Update,Start the season’s celebrations with FUTTIES,https://steamstore-a.akamaihd.net/news/externalpost/steam_community_announcements/1804977324455154
389430,2016-01-25,Release,Initial Release,https://store.steampowered.com/app/389430
2300320,2024-11-12,Release,Initial Release,https://store.steampowered.com/app/2300320
2300320,2025-01-28,Update,Patch 1.5 | Farming Simulator 25,https://steamstore-a.akamaihd.net/news/externalpost/steam_community_announcements/1789580505468029
2300320,2025-03-11,Update,NEXAT PACK launched: Get 12 Machines & 7 Brands!,https://steamstore-a.akamaihd.net/news/externalpost/steam_community_announcements/1793384379539364
2300320,2025-04-10,Update,Patch 1.7 now available for FS25!,https://steamstore-a.akamaihd.net/news/externalpost/steam_community_announcements/1796631172245776
2300320,2025-07-07,Update,Fun & Fishy: Highlands Fishing Expansion coming in November!,https://steamstore-a.akamaihd.net/news/externalpost/steam_community_announcements/1803527891867401
2300320,2025-10-07,Update,Patch 1.13 Now Available for FS25,https://steamstore-a.akamaihd.net/news/externalpost/steam_community_announcements/1811772772638786
2300320,2025-10-28,Update,"Patch 1.14 feat. GEA, FSR4 & Border Collie out now!",https://steamstore-a.akamaihd.net/news/externalpost/steam_community_announcements/1814309641607238
2300320,2025-11-24,Update,Year 2 Season Pass Now Available - Get the JCB WFT right NOW!,https://steamstore-a.akamaihd.net/news/externalpost/steam_community_announcements/1816849002019808
2300320,2026-02-03,Update,Patch 1.16 adds four new machines - out now!,https://steamstore-a.akamaihd.net/news/externalpost/steam_community_announcements/1823191198616901
2300320,2026-03-20,Update,Vredo Pack - Factsheet Collection,https://steamstore-a.akamaihd.net/news/externalpost/steam_community_announcements/1827626365757814
2300320,2026-04-14,Update,Patch 1.18 is now available for FS25!,https://steamstore-a.akamaihd.net/news/externalpost/steam_community_announcements/1829528821317648
976310,2019-04-23,Release,Initial Release,https://store.steampowered.com/app/976310
976310,2019-08-05,Update,"Mortal Kombat 11 Kombat Pack Nightwolf release date, Spawn, Sindel",https://steamstore-a.akamaihd.net/news/externalpost/rps/2412159905940778464
976310,2020-05-06,Update,Mortal Kombat 11's expansion will bring back Friendship finishers,https://steamstore-a.akamaihd.net/news/externalpost/rps/3110243214552204422
976310,2021-03-29,Update,SonicFox wins Mortal Kombat 11 title at WUFL Season 1,https://steamstore-a.akamaihd.net/news/externalpost/The Loadout/4026754911359444450
976310,2022-10-07,Update,Celebrate MK's 30th Anniversary with Great Savings!,https://steamstore-a.akamaihd.net/news/externalpost/steam_community_announcements/4613399405944558074
1129580,2021-09-23,Release,Initial Release,https://store.steampowered.com/app/1129580
1129580,2025-01-25,Update,Paint Your Town Update Release Date 🎨⏰,https://steamstore-a.akamaihd.net/news/externalpost/steam_community_announcements/1789580505374581
1129580,2025-03-28,Update,2.5 Million Players! 🎉,https://steamstore-a.akamaihd.net/news/externalpost/steam_community_announcements/1795283637853731
1129580,2025-06-23,Update,Plant A Tree Update Release Time ⏰🗺️,https://steamstore-a.akamaihd.net/news/externalpost/steam_community_announcements/1802893906860908
1129580,2025-11-14,Update,DLC & Update Release Date 💖⭐,https://steamstore-a.akamaihd.net/news/externalpost/steam_community_announcements/1816307528950960
1129580,2025-12-05,Update,Update & DLC - Out Now! 💖⭐,https://steamstore-a.akamaihd.net/news/externalpost/steam_community_announcements/1818118366176850
1222140,2020-06-18,Release,Initial Release,https://store.steampowered.com/app/1222140
613100,2018-05-17,Release,Initial Release,https://store.steampowered.com/app/613100
613100,2022-08-11,Update,Farm DLC Devlog #2 – Another brick in the wall 🧱,https://steamstore-a.akamaihd.net/news/externalpost/steam_community_announcements/4607764924150480551
613100,2022-09-21,Update,Farm DLC Devlog #3 - Farm DLC releases in March 2023!,https://steamstore-a.akamaihd.net/news/externalpost/steam_community_announcements/4589754330728819804
613100,2022-12-09,Update,Farm DLC Devlog #4 – A new house is ready. So is the drone!,https://steamstore-a.akamaihd.net/news/externalpost/steam_community_announcements/4980448574112987734
613100,2023-01-23,Update,Farm DLC Devlog #5 – Another house? New Character? IS THAT A PIGGY?!,https://steamstore-a.akamaihd.net/news/externalpost/steam_community_announcements/5035621474426134562
613100,2023-03-07,Update,Spring Update comes with the biggest Farm DLC news to this date!,https://steamstore-a.akamaihd.net/news/externalpost/steam_community_announcements/5070528176581010692
613100,2023-04-11,Update,Farm DLC launch is just 2 days away! Join our release livestream!,https://steamstore-a.akamaihd.net/news/externalpost/steam_community_announcements/5121196841307537237
613100,2023-06-15,Update,🔥House Flipper Franchise Sale + 🌽Huge Farm DLC Content Update,https://steamstore-a.akamaihd.net/news/externalpost/steam_community_announcements/5896948309840003732
613100,2023-08-31,Update,The Tenants - Pets DLC is Out Now! 🐶🐱,https://steamstore-a.akamaihd.net/news/externalpost/steam_community_announcements/5141476355658085166
613100,2023-11-20,Update,"House Flipper 2 Pre-release Stream: Artstyle, assembly mechanics, and more!",https://steamstore-a.akamaihd.net/news/externalpost/steam_community_announcements/6560117310279688972
613100,2023-12-11,Update,"House Flipper 2 launches this week, and that's not all!",https://steamstore-a.akamaihd.net/news/externalpost/steam_community_announcements/5395938616809885063
613100,2024-01-22,Update,House Flipper devs promise two big content drops and more DLC still on the way for first game,"https://steamstore-a.akamaihd.net/news/externalpost/Rock, Paper, Shotgun/5510784213113238823"
613100,2024-03-01,Update,Dine Out DLC: A Flipper's Journey of Restaurant Renovation and Design!,https://steamstore-a.akamaihd.net/news/externalpost/steam_community_announcements/5688680204374379341
613100,2024-04-11,Update,🍲 Dine Out DLC: Fresh news!,https://steamstore-a.akamaihd.net/news/externalpost/steam_community_announcements/5762993398273338112
613100,2024-05-22,Update,🗓️ All that happened since the release of House Flipper 2!,https://steamstore-a.akamaihd.net/news/externalpost/steam_community_announcements/5741605105604339845
613100,2024-07-10,Update,🥩 Dine Out DLC Devlog + Historical Museum Update! 🦕,https://steamstore-a.akamaihd.net/news/externalpost/steam_community_announcements/5842939267357806642
613100,2024-11-11,Update,🥗 Dine Out DLC Devlog - 2 weeks until RELEASE! 🎊,https://steamstore-a.akamaihd.net/news/externalpost/steam_community_announcements/6148070194801729391
613100,2025-09-28,Update,🐶 House Flipper 2 - Pets DLC is on the way! 🐱,https://steamstore-a.akamaihd.net/news/externalpost/steam_community_announcements/1811772772351232
613100,2025-10-23,Update,📢 House Flipper 2 - Scooby-Doo DLC - OUT NOW! 🦴,https://steamstore-a.akamaihd.net/news/externalpost/steam_community_announcements/1814309641441414
1546320,2021-04-04,Release,Initial Release,https://store.steampowered.com/app/1546320
1546320,2021-11-01,Update,"""Your Chronicle - Artwork Addition"" DLC is on live!",https://steamstore-a.akamaihd.net/news/externalpost/steam_community_announcements/4186652357040583802
1546320,2023-12-03,Update,[ ver 2.2.0 ] Major Update!,https://steamstore-a.akamaihd.net/news/externalpost/steam_community_announcements/5395937983674465637
2252570,2023-09-12,Update,FM24 Release Date Confirmed as November 6th,https://steamstore-a.akamaihd.net/news/externalpost/steam_community_announcements/5159491482927579470
2252570,2023-11-06,Release,Initial Release,https://store.steampowered.com/app/2252570
2252570,2023-11-30,Update,Major Update 24.2 for Football Manager 2024 Now Live,https://steamstore-a.akamaihd.net/news/externalpost/steam_community_announcements/5395937983661287876
2252570,2025-09-10,Update,Football Manager 26 Launches From 4 November,https://steamstore-a.akamaihd.net/news/externalpost/steam_community_announcements/1810503566388887
392160,2018-11-30,Release,Initial Release,https://store.steampowered.com/app/392160
392160,2024-05-31,Update,"X4: Timelines and X4: Foundations 7.00 Update to be Released on June 20, 2024",https://steamstore-a.akamaihd.net/news/externalpost/steam_community_announcements/5742731639333994192
392160,2024-06-21,Update,Frequently Asked Questions relating to the X4: Timelines release,https://steamstore-a.akamaihd.net/news/externalpost/steam_community_announcements/5759622039980336695
392160,2024-08-08,Update,Update 7.10 now available,https://steamstore-a.akamaihd.net/news/externalpost/steam_community_announcements/5963414363390278767
392160,2025-02-13,Update,7.50 RC1 now available,https://steamstore-a.akamaihd.net/news/externalpost/steam_community_announcements/1791580425968831
392160,2025-05-21,Update,7.60 RC1 now available,https://steamstore-a.akamaihd.net/news/externalpost/steam_community_announcements/1800357164373631
392160,2025-08-27,Update,8.00 RC1 now available,https://steamstore-a.akamaihd.net/news/externalpost/steam_community_announcements/1809235871557883
466560,2018-03-07,Release,Initial Release,https://store.steampowered.com/app/466560
466560,2025-12-07,Update,"Viking RTS Northgard is now Northgard: Definitive Edition, thanks to an update that folds in its major DLC and adds a bunch of new stuff free to existing players",https://steamstore-a.akamaihd.net/news/externalpost/PC Gamer/1818118366180290
602960,2023-01-31,Update,1.0 Pre-patch,https://steamstore-a.akamaihd.net/news/externalpost/steam_community_announcements/5035622109527818928
602960,2023-02-27,Update,Barotrauma 1.0 coming on March 13,https://steamstore-a.akamaihd.net/news/externalpost/steam_community_announcements/5059268543371599957
602960,2025-06-08,Update,Home and Harbor Expansion coming next year,https://steamstore-a.akamaihd.net/news/externalpost/steam_community_announcements/1801617199499818
236390,2013-08-15,Release,Initial Release,https://store.steampowered.com/app/236390
236390,2026-03-16,Update,The M728 CEV is Discounted for the U.S. Army Corps of Engineers Anniversary!,https://steamstore-a.akamaihd.net/news/externalpost/steam_community_announcements/1826992588600925
236390,2026-04-16,Update,Go Esports with the New WTCS 2026 Season Pack!,https://steamstore-a.akamaihd.net/news/externalpost/steam_community_announcements/1830163047257397
2853590,2025-05-08,Update,Void War releases on May 30th,https://steamstore-a.akamaihd.net/news/externalpost/steam_community_announcements/1799088287846518
2853590,2025-05-30,Update,Steam Launch Delayed!,https://steamstore-a.akamaihd.net/news/externalpost/steam_community_announcements/1800991756355946
977400,2021-11-03,Release,Initial Release,https://store.steampowered.com/app/977400
977400,2022-10-12,Update,14.06 - Exploration Event tab,https://steamstore-a.akamaihd.net/news/externalpost/steam_community_announcements/4867853509332332245
977400,2022-11-08,Update,14.40: Capybaras Enter the Simulation!,https://steamstore-a.akamaihd.net/news/externalpost/steam_community_announcements/4732747437221022474
977400,2022-12-12,Update,"Patch 15.42: Busy, Busy Preparations for the Next Limited-Time Event!",https://steamstore-a.akamaihd.net/news/externalpost/steam_community_announcements/4980448574124236132
977400,2023-01-30,Update,Patch 16.17: A Long Awaited QoL Update!,https://steamstore-a.akamaihd.net/news/externalpost/steam_community_announcements/5035622109524535359
977400,2023-03-07,Update,Patch 16.91: A Warm Welcome to the Neural Network + New Logit Prizes!,https://steamstore-a.akamaihd.net/news/externalpost/steam_community_announcements/5070528176580971583
977400,2023-04-07,Update,Patch 17.39: Unlock the Giant Squid logit prize!,https://steamstore-a.akamaihd.net/news/externalpost/steam_community_announcements/5121196841292617118
977400,2023-06-05,Update,Patch 18.12: Metabit Tuning,https://steamstore-a.akamaihd.net/news/externalpost/steam_community_announcements/5151601211241251595
977400,2023-07-07,Update,Patch 18.72: Get ready for new Beyond content,https://steamstore-a.akamaihd.net/news/externalpost/steam_community_announcements/5124582150160203976
977400,2023-08-16,Update,"Patch 19.33: Big Changes to Civ, Leaderboard & Tuning",https://steamstore-a.akamaihd.net/news/externalpost/steam_community_announcements/5127964289170334341
977400,2023-10-05,Update,"20.27 Profile card updated, Research race improvements",https://steamstore-a.akamaihd.net/news/externalpost/steam_community_announcements/5220292521181146404
977400,2024-03-14,Update,"Patch 24.21: Sound effect update, UI improvements, and more",https://steamstore-a.akamaihd.net/news/externalpost/steam_community_announcements/7309977427435336290
977400,2024-06-24,Update,"Patch 26.57: UI improvements to the menu options, Beyond and more",https://steamstore-a.akamaihd.net/news/externalpost/steam_community_announcements/5759622039991034544
977400,2024-09-10,Update,"Patch 28.77: Customizable player profile cards, friends list and more",https://steamstore-a.akamaihd.net/news/externalpost/steam_community_announcements/6242640076615251657
977400,2024-10-15,Update,"Patch 29.88: New Augment, icon pack, calendar updates and more",https://steamstore-a.akamaihd.net/news/externalpost/steam_community_announcements/6211118320241924465
977400,2025-01-27,Update,"Patch 32.42: Store updates, mobile push notifications, and more",https://steamstore-a.akamaihd.net/news/externalpost/steam_community_announcements/1789580505443290
977400,2025-03-31,Update,Patch 34.17: Explore: Cheese is Coming This Week,https://steamstore-a.akamaihd.net/news/externalpost/steam_community_announcements/1795283637955899
977400,2025-12-03,Update,Patch 42.24: New Steam Achievements,https://steamstore-a.akamaihd.net/news/externalpost/steam_community_announcements/1818118366171394
1144200,2023-12-13,Release,Initial Release,https://store.steampowered.com/app/1144200
1144200,2024-03-05,Update,Ready or Not - Game Update 1.04,https://steamstore-a.akamaihd.net/news/externalpost/steam_community_announcements/5688680204389053954
1144200,2024-07-23,Update,Ready or Not: Home Invasion DLC is Now Available!,https://steamstore-a.akamaihd.net/news/externalpost/steam_community_announcements/5969041959984258134
1144200,2024-11-13,Update,Ready or Not Mapping Competition 2.0,https://steamstore-a.akamaihd.net/news/externalpost/steam_community_announcements/1783238125193388
1144200,2024-12-10,Update,Ready or Not - We're Live at Dark Waters Launch,https://steamstore-a.akamaihd.net/news/externalpost/steam_community_announcements/1785321795777220
1144200,2025-01-31,Update,"NPC AI Survey, Optimization; & DLC 1 Level Deep-dive",https://steamstore-a.akamaihd.net/news/externalpost/steam_community_announcements/1790214123128653
1144200,2025-02-24,Update,Steam Weeklong Deal - 40% across the game/DLCs!,https://steamstore-a.akamaihd.net/news/externalpost/steam_community_announcements/1792116353336413
1144200,2025-12-08,Update,Community Exhibit Vol. 22 - Ready or Not's Second Anniversary,https://steamstore-a.akamaihd.net/news/externalpost/steam_community_announcements/1818118366183150
1144200,2026-03-12,Update,Ready or Not - We're Live at Boiling Point Launch,https://steamstore-a.akamaihd.net/news/externalpost/steam_community_announcements/1826992588593890
588430,2017-03-29,Release,Initial Release,https://store.steampowered.com/app/588430
588430,2017-05-24,Update,Fallout Shelter - Update 1.12,https://steamstore-a.akamaihd.net/news/externalpost/steam_community_announcements/1904306757809261505
588430,2023-09-29,Update,Bethesda surprise releases new Elder Scrolls game,"https://steamstore-a.akamaihd.net/news/externalpost/Rock, Paper, Shotgun/5220291886490431104"
588430,2025-12-14,Update,"Fallout Shelter just added ""years of content"" in a major Steam update, and a season pass inspired by the Prime show",https://steamstore-a.akamaihd.net/news/externalpost/PCGamesN/1818752592131096
588430,2026-01-21,Update,Introducing Fallout Shelter's newest season: House Always Wins!,https://steamstore-a.akamaihd.net/news/externalpost/steam_community_announcements/1822556746157309
588430,2026-03-06,Update,Fallout Shelter Ultracite Fever Season Begins Now!,https://steamstore-a.akamaihd.net/news/externalpost/steam_community_announcements/1826362059925587
588430,2026-04-16,Update,"Fallout Shelter's newest season, In Gold We Trust, begins now!",https://steamstore-a.akamaihd.net/news/externalpost/steam_community_announcements/1830163047258333
1971870,2023-09-19,Release,Initial Release,https://store.steampowered.com/app/1971870
1971870,2024-07-26,Update,MK1 Khaos Reign expansion brings T-1000 and Ghostface to the roster,https://steamstore-a.akamaihd.net/news/externalpost/PCGamesN/5963413094354862356
1971870,2025-05-24,Update,Mortal Kombat 1 больше не получит персонажей и сюжетных DLC — поддержка контентом официально завершена,https://steamstore-a.akamaihd.net/news/externalpost/Gamemag.ru/1800357164493623
413150,2016-02-26,Release,Initial Release,https://store.steampowered.com/app/413150
413150,2024-11-04,Update,"Not content with finally getting Stardew Valley 1.6 live on all platforms, Eric Barone has piled a bunch of other new stuff on top of it in yet another big update",https://steamstore-a.akamaihd.net/news/externalpost/PC Gamer/6146943657174039902
413150,2025-04-29,Update,"After getting Stardew Valley to 'a good place' with update 1.6, Eric Barone is now fully focused on his next game: 'I'm committed to not working on Stardew Valley until I'm done with Haunted Chocolatier'",https://steamstore-a.akamaihd.net/news/externalpost/PC Gamer/1797820624631066
413150,2025-09-03,Update,"Stardew Valley update 1.7 may delay Haunted Chocolatier ""a little,"" says dev",https://steamstore-a.akamaihd.net/news/externalpost/PCGamesN/1809869180002543
413150,2026-01-29,Update,"Stardew Valley creator breaks silence to shoot down myths about Haunted Chocolatier, including that 2030 release rumour",https://steamstore-a.akamaihd.net/news/externalpost/rps/1823191198602638
413150,2026-02-26,Update,Stardew Valley 10-year Anniversary,https://steamstore-a.akamaihd.net/news/externalpost/steam_community_announcements/1825727806709248
1283970,2020-05-01,Release,Initial Release,https://store.steampowered.com/app/1283970
268910,2017-06-11,Update,Cuphead runneth over and releases Sept 29th,https://steamstore-a.akamaihd.net/news/externalpost/rps/1967358417046962742
268910,2017-09-29,Release,Initial Release,https://store.steampowered.com/app/268910
268910,2018-06-10,Update,Cuphead expansion leaping to 2019,https://steamstore-a.akamaihd.net/news/externalpost/rps/2431262152946904908
268910,2019-04-18,Update,Golly! A Swell Free Content Update is Available Now in Cuphead 1.2,https://steamstore-a.akamaihd.net/news/externalpost/steam_community_announcements/2434668385547733296
268910,2019-07-02,Update,Cuphead's 'The Delicious Last Course' DLC has been delayed to 2020,https://steamstore-a.akamaihd.net/news/externalpost/pcgamer/2436926440586577332
268910,2019-08-27,Update,Cuphead releases sheet music so fans can learn their favourite tunes,https://steamstore-a.akamaihd.net/news/externalpost/eurogamer/2416665403787253130
268910,2020-11-25,Update,Cuphead developer confirms Delicious Last Course DLC will no longer launch this year,https://steamstore-a.akamaihd.net/news/externalpost/eurogamer/3856733252003736651
268910,2021-12-09,Update,Cuphead's long-awaited and much-delayed DLC gets a firm release date,https://steamstore-a.akamaihd.net/news/externalpost/PC Gamer/4224936849652619445
322170,2014-12-22,Release,Initial Release,https://store.steampowered.com/app/322170
322170,2015-01-20,Update,Update 1.92,https://steamstore-a.akamaihd.net/news/externalpost/steam_community_announcements/521624142113331755
322170,2015-02-13,Update,Update 2.0 Song Hint,https://steamstore-a.akamaihd.net/news/externalpost/steam_community_announcements/517122602980080996
322170,2015-08-26,Update,Update 2.0 is here!,https://steamstore-a.akamaihd.net/news/externalpost/steam_community_announcements/409053962649582461
322170,2015-09-26,Update,Update 2.01,https://steamstore-a.akamaihd.net/news/externalpost/steam_community_announcements/405678801273981156
322170,2015-10-29,Update,Update 2.1 promo 2!,https://steamstore-a.akamaihd.net/news/externalpost/steam_community_announcements/378660375673380952
322170,2016-02-04,Update,Another 2.1 promo!,https://steamstore-a.akamaihd.net/news/externalpost/steam_community_announcements/295352659733029280
322170,2017-11-21,Update,Fun with 2.2: The Random Trigger,https://steamstore-a.akamaihd.net/news/externalpost/steam_community_announcements/2486412956120074597
322170,2017-12-21,Update,Geometry Dash SubZero Released!,https://steamstore-a.akamaihd.net/news/externalpost/steam_community_announcements/2284879949508460627
322170,2019-12-14,Update,Geometry Dash 2.1 Awards and Prelude animation,https://steamstore-a.akamaihd.net/news/externalpost/steam_community_announcements/3370312875257215249
322170,2023-08-03,Update,Geometry Dash 10-year anniversary,https://steamstore-a.akamaihd.net/news/externalpost/steam_community_announcements/5124585319850001325
322170,2023-12-19,Update,Update 2.2,https://steamstore-a.akamaihd.net/news/externalpost/steam_community_announcements/5410576585124532911
322170,2024-01-10,Update,Update 2.203,https://steamstore-a.akamaihd.net/news/externalpost/steam_community_announcements/6300039510118588945
322170,2024-11-08,Update,Update 2.207,https://steamstore-a.akamaihd.net/news/externalpost/steam_community_announcements/6148070194801642320
322170,2026-01-19,Update,Update 2.208 (Improvements & QoL),https://steamstore-a.akamaihd.net/news/externalpost/steam_community_announcements/1821922921821985
588650,2018-08-06,Release,Initial Release,https://store.steampowered.com/app/588650
588650,2022-12-08,Update,Dead Cells DLC Return to Castlevania coming in 2023,https://steamstore-a.akamaihd.net/news/externalpost/PCGamesN/4980448574110441028
588650,2023-01-19,Update,New teaser for Return to Castlevania DLC and Keymailer open for content creators,https://steamstore-a.akamaihd.net/news/externalpost/steam_community_announcements/5035621474411443424
588650,2023-02-09,Update,Inject Dead Cells' Castlevania DLC straight into my veins please,https://steamstore-a.akamaihd.net/news/externalpost/PC Gamer/5036749277229325773
588650,2023-03-06,Update,Dead Cells: Return to Castlevania DLC is out now!,https://steamstore-a.akamaihd.net/news/externalpost/steam_community_announcements/5070528176577443786
588650,2024-02-09,Update,Dead Cells is calling it quits 7 years after its meteoric early access release,https://steamstore-a.akamaihd.net/news/externalpost/PC Gamer/5589599109269277744
588650,2024-03-02,Update,Get the best roguelike game and all its DLC cheap in this Steam sale,https://steamstore-a.akamaihd.net/news/externalpost/PCGamesN/5688680204378042306
588650,2024-07-31,Update,The last Dead Cells update finally has a release date,https://steamstore-a.akamaihd.net/news/externalpost/PCGamesN/5963413728332275344
1174180,2019-12-05,Release,Initial Release,https://store.steampowered.com/app/1174180
1174180,2024-11-06,Update,Celebrate Thanksgiving Season in Red Dead Online with Trader Bonuses,https://steamstore-a.akamaihd.net/news/externalpost/steam_community_announcements/6148070194801558479
1174180,2025-10-09,Update,Halloween Season Returns to Red Dead Online,https://steamstore-a.akamaihd.net/news/externalpost/steam_community_announcements/1813041031201560
427520,2020-08-14,Release,Initial Release,https://store.steampowered.com/app/427520
427520,2023-12-08,Update,Friday Facts #388 - Smaller things for 2.0,https://steamstore-a.akamaihd.net/news/externalpost/steam_community_announcements/5395938616797905842
427520,2023-12-29,Update,Friday Facts #391 - 2023 recap,https://steamstore-a.akamaihd.net/news/externalpost/steam_community_announcements/5410576585158937982
427520,2024-01-19,Update,Friday Facts #394 - Assembler flipping and circuit control,https://steamstore-a.akamaihd.net/news/externalpost/steam_community_announcements/5510784213101366179
427520,2024-02-09,Update,Friday Facts #397 - Factoriopedia,https://steamstore-a.akamaihd.net/news/externalpost/steam_community_announcements/5589599109268682409
427520,2024-03-01,Update,Friday Facts #400 - Chart search and Pins,https://steamstore-a.akamaihd.net/news/externalpost/steam_community_announcements/5688680204373604530
427520,2024-03-22,Update,Friday Facts #403 - Train stops 2.0,https://steamstore-a.akamaihd.net/news/externalpost/steam_community_announcements/5686430301721429886
427520,2024-04-12,Update,Friday Facts #406 - Space Age Music,https://steamstore-a.akamaihd.net/news/externalpost/steam_community_announcements/6474562312184455287
427520,2024-05-03,Update,Friday Facts #409 - Diminishing beacons,https://steamstore-a.akamaihd.net/news/externalpost/steam_community_announcements/5766372999946918071
427520,2024-05-24,Update,Friday Facts #412 - Undo/Redo improvements & Car Latency driving,https://steamstore-a.akamaihd.net/news/externalpost/steam_community_announcements/5741605105610567232
427520,2024-06-21,Update,Friday Facts #416 - Fluids 2.0,https://steamstore-a.akamaihd.net/news/externalpost/steam_community_announcements/5759622039979505618
427520,2024-07-19,Update,Friday Facts #420 - Fusion Reactor,https://steamstore-a.akamaihd.net/news/externalpost/steam_community_announcements/5969041959968103677
427520,2024-08-09,Update,Friday Facts #423 - Research info tooltip & Online players GUI,https://steamstore-a.akamaihd.net/news/externalpost/steam_community_announcements/5963414363393789480
427520,2024-08-30,Update,Friday Facts #426 - Resource search & Assembler GUI improvements,https://steamstore-a.akamaihd.net/news/externalpost/steam_community_announcements/6240387642457647519
427520,2024-09-27,Update,Friday Facts #430 - Drowning in Fluids,https://steamstore-a.akamaihd.net/news/externalpost/steam_community_announcements/6339469370185312783
427520,2024-10-18,Update,Friday Facts #433 - Liftoff Initiated,https://steamstore-a.akamaihd.net/news/externalpost/steam_community_announcements/6212244583179190189
427520,2024-11-08,Update,Friday Facts #436 - Lost in Translation,https://steamstore-a.akamaihd.net/news/externalpost/steam_community_announcements/6148070194801627145
427520,2025-10-24,Update,Friday Facts #439 - Factorio and Space Age on Nintendo Switch 2™,https://steamstore-a.akamaihd.net/news/externalpost/steam_community_announcements/1814309641471006
240,2004-11-01,Release,Initial Release,https://store.steampowered.com/app/240
240,2011-11-07,Update,Counter-Strike: Source Update Released,http://store.steampowered.com/news/6725/
240,2011-12-15,Update,"Team Fortress 2, Counter-Strike: Source, Day of Defeat: Source and Half-Life 2: Deathmatch Updates Released",http://store.steampowered.com/news/7024/
240,2012-02-09,Update,Counter-Strike: Source Update Released,http://store.steampowered.com/news/7312/
240,2012-05-22,Update,Counter-Strike: Source Update Released,http://store.steampowered.com/news/8037/
240,2012-07-02,Update,"Team Fortress 2, Counter-Strike: Source, Day of Defeat: Source and Half-Life 2: Deathmatch Updates Released",http://store.steampowered.com/news/8323/
240,2012-08-22,Update,Counter-Strike: Source Update Released,http://store.steampowered.com/news/8704/
240,2012-09-24,Update,Counter-Strike: Source Update Released,http://store.steampowered.com/news/8932/
240,2012-10-18,Update,Valve launch Counter-Strike: Global Offensive Pro Tip video series,https://steamstore-a.akamaihd.net/news/externalpost/pcgamer/1514593284267426871
240,2013-01-15,Update,Face Off: Should you buy games at launch?,https://steamstore-a.akamaihd.net/news/externalpost/pcgamer/1496586490653369265
240,2013-02-05,Update,Counter-Strike: Source Update Released,http://store.steampowered.com/news/9893/
240,2013-03-20,Update,Counter-Strike: Source Update Released,http://store.steampowered.com/news/10194/
240,2013-06-25,Update,"Counter-Strike: Source, Day of Defeat: Source and Half-Life 2: Deathmatch Updates Released",http://store.steampowered.com/news/10944/
240,2013-09-16,Update,Counter-Strike: Source Update Released,http://store.steampowered.com/news/11459/
240,2014-04-19,Update,"Counter-Strike: Source, Day of Defeat: Source and Half-Life 2: Deathmatch Updates Released",http://store.steampowered.com/news/13093/
240,2014-05-15,Update,"Team Fortress 2, Counter-Strike: Source, Day of Defeat: Source and Half-Life 2: Deathmatch Updates Released",http://store.steampowered.com/news/13353/
240,2015-09-16,Update,"Counter-Strike: Source, Day of Defeat: Source, and Half-Life 2: Deathmatch Updates Released",http://store.steampowered.com/news/18428/
240,2015-10-15,Update,"Counter-Strike: Source, Day of Defeat: Source, Half-Life 2: Deathmatch, and Half-Life Deathmatch: Source Updates Released",http://store.steampowered.com/news/18848/
240,2016-02-04,Update,"Update Released for Counter-Strike: Source, Day of Defeat: Source, Half-Life Deathmatch: Source, Half-Life 2: Deathmatch, and Source SDK 2013 Dedicated Server",http://store.steampowered.com/news/20296/
240,2016-05-11,Update,"Update Released for Counter-Strike: Source, Day of Defeat: Source, Half-Life Deathmatch: Source, Half-Life 2: Deathmatch, and the Source SDK 2013 Base",http://store.steampowered.com/news/21827/
240,2017-06-15,Update,"Update Released for Counter-Strike: Source, Day of Defeat: Source, Half-Life Deathmatch: Source, Half-Life 2: Deathmatch, and the Source SDK 2013 Base",http://store.steampowered.com/news/30120/
240,2018-07-24,Update,"Update Released for Counter-Strike: Source, Day of Defeat: Source, Half-Life Deathmatch: Source, Half-Life 2: Deathmatch, and the Source SDK 2013 Base",https://store.steampowered.com/news/42271/
240,2019-10-08,Update,"Update Released for Counter-Strike: Source, Day of Defeat: Source, Half-Life Deathmatch: Source, Half-Life 2: Deathmatch, and the Source SDK 2013 Base",https://store.steampowered.com/news/54979/
240,2021-07-02,Update,Counter-Strike: Source Update Released,https://steamstore-a.akamaihd.net/news/externalpost/steam_community_announcements/4032392655094021155
240,2025-02-18,Update,Counter-Strike: Source and Day of Defeat: Source get major updates with 64bit support,https://steamstore-a.akamaihd.net/news/externalpost/GamingOnLinux/1791580426136395
962130,2022-06-18,Update,Grounded will see a full release in September,https://steamstore-a.akamaihd.net/news/externalpost/VG247/6214419130146566755
962130,2022-07-30,Update,Grounded gets a release date along with a final major update,https://steamstore-a.akamaihd.net/news/externalpost/VG247/4587497456697136551
962130,2022-09-21,Update,Grounded 1.0 Release Schedule,https://steamstore-a.akamaihd.net/news/externalpost/steam_community_announcements/4589754330729196272
962130,2022-11-15,Update,Ready for a tease to update 1.1?,https://steamstore-a.akamaihd.net/news/externalpost/steam_community_announcements/4789043687468467014
962130,2023-04-05,Update,Here’s a teaser for Update 1.2!,https://steamstore-a.akamaihd.net/news/externalpost/steam_community_announcements/5121196841286017889
962130,2023-11-13,Update,Get Ready to Make It and Break It with Grounded's 1.3 Update!,https://steamstore-a.akamaihd.net/news/externalpost/steam_community_announcements/5302486388013402433
962130,2024-04-15,Update,Grounded: Fully Yoked launches TOMORROW!,https://steamstore-a.akamaihd.net/news/externalpost/steam_community_announcements/6474562312196593476
962130,2025-06-08,Update,"Grounded 2: The Next Chapter, Together",https://steamstore-a.akamaihd.net/news/externalpost/steam_community_announcements/1801617199499358
397540,2020-03-13,Release,Initial Release,https://store.steampowered.com/app/397540
397540,2020-07-23,Update,Borderlands 3 Anniversary Celebration Mini-Events,https://steamstore-a.akamaihd.net/news/externalpost/steam_community_announcements/3978319116836737714
397540,2020-08-25,Update,Borderlands 3's fourth and final DLC campaign goes inside the head of Psycho Kreig,https://steamstore-a.akamaihd.net/news/externalpost/eurogamer/4644854581180952489
397540,2020-10-15,Update,Borderlands 3 getting second season pass adding Designer's Cut and Director's Cut,https://steamstore-a.akamaihd.net/news/externalpost/eurogamer/5422856308612790453
397540,2020-11-09,Update,"Out Now! Borderlands 3 Season Pass 2, Ultimate Edition, and more!",https://steamstore-a.akamaihd.net/news/externalpost/steam_community_announcements/3887130640407635998
397540,2022-06-21,Update,Tiny Tina's Wonderlands hits Steam on June 23 with Special Launch Price!,https://steamstore-a.akamaihd.net/news/externalpost/steam_community_announcements/6214419350723012678
397540,2023-09-13,Update,Happy 4th Anniversary!,https://steamstore-a.akamaihd.net/news/externalpost/steam_community_announcements/5211283418278143018
397540,2025-02-06,Update,2K 20th Anniversary Event,https://steamstore-a.akamaihd.net/news/externalpost/steam_community_announcements/1790848102626403
397540,2025-09-08,Update,Borderlands 4 Global Launch times,https://steamstore-a.akamaihd.net/news/externalpost/steam_community_announcements/1809869180177110
1446780,2022-01-12,Release,Initial Release,https://store.steampowered.com/app/1446780
1446780,2022-07-21,Update,Kamura Hunter's Hub #13 – Sunbreak Launch and looking ahead to Title Update 1!,https://steamstore-a.akamaihd.net/news/externalpost/steam_community_announcements/4598755821865762812
1446780,2023-03-10,Update,Monster Hunter Rise: Sunbreak выйдет на консолях PlayStation и Xbox 28 апреля — за DLC попросят 40 долларов,https://steamstore-a.akamaihd.net/news/externalpost/Gamemag.ru/5070528810296903459
1446780,2023-11-21,Update,Monster Hunter 20th Anniversary - Hunters' Choice: Top Monster!,https://steamstore-a.akamaihd.net/news/externalpost/steam_community_announcements/5382426458970056716
1446780,2024-03-13,Update,"Check out the ""Monster Hunter 20th Anniversary Special Program""!",https://steamstore-a.akamaihd.net/news/externalpost/steam_community_announcements/5686429670867006611
1446780,2024-05-16,Update,Snag two of the best RPGs on Steam and their expansions for 85% off,https://steamstore-a.akamaihd.net/news/externalpost/PCGamesN/5747233970418370115
1446780,2024-07-01,Update,"Happy 2nd Anniversary, Monster Hunter Rise: Sunbreak!",https://steamstore-a.akamaihd.net/news/externalpost/steam_community_announcements/5842939267324251913
2231380,2023-01-23,Release,Initial Release,https://store.steampowered.com/app/2231380
1774580,2023-04-27,Release,Initial Release,https://store.steampowered.com/app/1774580
1259420,2021-02-24,Update,"Days Gone system requirements released, ultrawide support confirmed",https://steamstore-a.akamaihd.net/news/externalpost/PC Gamer/4060529371699883415
1259420,2021-04-15,Update,Days Gone Releases on PC May 18th,https://steamstore-a.akamaihd.net/news/externalpost/steam_community_announcements/4570566564991784932
1259420,2021-05-17,Release,Initial Release,https://store.steampowered.com/app/1259420
1259420,2021-06-14,Update,Patch 1.04,https://steamstore-a.akamaihd.net/news/externalpost/steam_community_announcements/5019805792176352066
1259420,2021-07-06,Update,Patch 1.05,https://steamstore-a.akamaihd.net/news/externalpost/steam_community_announcements/4032392655108027608
1259420,2022-12-01,Update,Patch 1.07,https://steamstore-a.akamaihd.net/news/externalpost/steam_community_announcements/4979322040017613674
1259420,2023-05-17,Update,Bend Studio 30th Anniversary Sale,https://steamstore-a.akamaihd.net/news/externalpost/steam_community_announcements/5140340943302358137
3164500,2025-02-16,Update,Release Date & Price,https://steamstore-a.akamaihd.net/news/externalpost/steam_community_announcements/1791580426076484
3164500,2025-03-24,Release,Initial Release,https://store.steampowered.com/app/3164500
1258080,2020-05-05,Release,Initial Release,https://store.steampowered.com/app/1258080
2878980,2024-10-16,Update,Season 2 - NBA 2K25,https://steamstore-a.akamaihd.net/news/externalpost/steam_community_announcements/6212244583172654681
2878980,2024-11-27,Update,Season 3 - NBA 2K25,https://steamstore-a.akamaihd.net/news/externalpost/steam_community_announcements/1784506358981819
2878980,2025-01-08,Update,Season 4 - NBA 2K25,https://steamstore-a.akamaihd.net/news/externalpost/steam_community_announcements/1788311418987027
2878980,2025-02-06,Update,2K 20th Anniversary Event,https://steamstore-a.akamaihd.net/news/externalpost/steam_community_announcements/1790848102626405
2878980,2025-04-02,Update,Season 6 - NBA 2K25,https://steamstore-a.akamaihd.net/news/externalpost/steam_community_announcements/1795917897295055
2878980,2025-05-14,Update,Season 7 - NBA 2K25,https://steamstore-a.akamaihd.net/news/externalpost/steam_community_announcements/1799722702497419
2878980,2025-06-25,Update,Season 8 - NBA 2K25,https://steamstore-a.akamaihd.net/news/externalpost/steam_community_announcements/1803527891477298
2135150,2022-10-02,Update,Elin's Early Access and Release Date,https://steamstore-a.akamaihd.net/news/externalpost/steam_community_announcements/4588629064122046840
2135150,2023-05-02,Update,Elin's Kickstarter has released.,https://steamstore-a.akamaihd.net/news/externalpost/steam_community_announcements/5133583642669645137
2135150,2024-11-01,Release,Initial Release,https://store.steampowered.com/app/2135150
2135150,2025-01-04,Update,Update 23.74 Stable,https://steamstore-a.akamaihd.net/news/externalpost/steam_community_announcements/1787858252802132
2135150,2025-01-25,Update,Update 23.81 Stable,https://steamstore-a.akamaihd.net/news/externalpost/steam_community_announcements/1789580505370176
2135150,2025-03-05,Update,Update 23.99 Stable,https://steamstore-a.akamaihd.net/news/externalpost/steam_community_announcements/1793384379335534
2135150,2025-04-04,Update,Update 23.120 Stable,https://steamstore-a.akamaihd.net/news/externalpost/steam_community_announcements/1795917897350309
2135150,2025-05-15,Update,Update 23.140 Stable,https://steamstore-a.akamaihd.net/news/externalpost/steam_community_announcements/1799817379466939
2135150,2025-06-10,Update,Update 23.152 Stable,https://steamstore-a.akamaihd.net/news/externalpost/steam_community_announcements/1801617199556122
2135150,2025-07-23,Update,Update 23.170 Stable,https://steamstore-a.akamaihd.net/news/externalpost/steam_community_announcements/1806064758571864
2135150,2025-08-24,Update,Update 23.187 Stable,https://steamstore-a.akamaihd.net/news/externalpost/steam_community_announcements/1808601382544483
2135150,2025-09-17,Update,Update 23.200 Stable,https://steamstore-a.akamaihd.net/news/externalpost/steam_community_announcements/1811138915350858
2135150,2025-10-19,Update,Update 23.222 Stable nyan,https://steamstore-a.akamaihd.net/news/externalpost/steam_community_announcements/1813674389027984
2135150,2025-11-18,Update,Update 23.237 Stable,https://steamstore-a.akamaihd.net/news/externalpost/steam_community_announcements/1816849002006263
2135150,2025-12-14,Update,Update 23.247 Stable,https://steamstore-a.akamaihd.net/news/externalpost/steam_community_announcements/1818752592131000
2135150,2026-01-13,Update,Update 23.260 Stable,https://steamstore-a.akamaihd.net/news/externalpost/steam_community_announcements/1821288646587468
2135150,2026-02-06,Update,Update 23.267 Stable,https://steamstore-a.akamaihd.net/news/externalpost/steam_community_announcements/1823825466499277
2135150,2026-03-01,Update,Update 23.281 Stable,https://steamstore-a.akamaihd.net/news/externalpost/steam_community_announcements/1825727806714650
2135150,2026-04-11,Update,Update 23.295 Stable,https://steamstore-a.akamaihd.net/news/externalpost/steam_community_announcements/1829528821312062
548430,2020-05-13,Release,Initial Release,https://store.steampowered.com/app/548430
548430,2024-02-28,Update,The Year Six Anniversary Celebration is live!,https://steamstore-a.akamaihd.net/news/externalpost/steam_community_announcements/5688680204366313645
548430,2024-04-08,Update,Q&A on reactivating seasons in Deep Rock Galactic,https://steamstore-a.akamaihd.net/news/externalpost/steam_community_announcements/5756237364322707431
548430,2024-04-29,Update,Hey miner! Wanna hear a lot more about Season 05?,https://steamstore-a.akamaihd.net/news/externalpost/steam_community_announcements/5759616966679152462
548430,2024-06-13,Update,Free new Deep Rock Galactic season makes everything so much harder,https://steamstore-a.akamaihd.net/news/externalpost/PCGamesN/6890025005350095013
548430,2024-09-17,Update,PATCH NOTES - S05.05,https://steamstore-a.akamaihd.net/news/externalpost/steam_community_announcements/6250522009530847016
548430,2024-10-21,Update,PATCH NOTES - S05.06,https://steamstore-a.akamaihd.net/news/externalpost/steam_community_announcements/6212244583189807259
548430,2024-12-18,Update,PATCH NOTES - S05.07,https://steamstore-a.akamaihd.net/news/externalpost/steam_community_announcements/1786409468836301
548430,2025-02-20,Update,PATCH NOTES - S05.08,https://steamstore-a.akamaihd.net/news/externalpost/steam_community_announcements/1792116353192043
548430,2025-07-01,Update,PATCH NOTES - S05.10,https://steamstore-a.akamaihd.net/news/externalpost/steam_community_announcements/1803527891664296
548430,2025-10-23,Update,PATCH NOTES - S05.11,https://steamstore-a.akamaihd.net/news/externalpost/steam_community_announcements/1814309641437930
548430,2025-11-13,Update,DRG Season 06 confirmed – and it’s coming in a few months,https://steamstore-a.akamaihd.net/news/externalpost/steam_community_announcements/1816307528920587
548430,2026-01-07,Update,Deep Rock Galactic's Season 6 secret release date looks to have been cracked in minutes by astute diggers,"https://steamstore-a.akamaihd.net/news/externalpost/Rock, Paper, Shotgun/1821288646577105"
548430,2026-01-29,Update,Season 06: 'Relics of Hoxxes' is NOW LIVE!,https://steamstore-a.akamaihd.net/news/externalpost/steam_community_announcements/1823191198603210
548430,2026-03-02,Update,PATCH NOTES - S06.04,https://steamstore-a.akamaihd.net/news/externalpost/steam_community_announcements/1825727806717467
1881610,2024-08-31,Release,Initial Release,https://store.steampowered.com/app/1881610
1881610,2025-07-10,Update,特性2.0前瞻 | 全新系统【奇门遁甲】即将登场！,https://steamstore-a.akamaihd.net/news/externalpost/steam_community_announcements/1803527891962170
1364780,2023-06-01,Release,Initial Release,https://store.steampowered.com/app/1364780
1364780,2025-06-02,Update,2nd Anniversary special items and events!,https://steamstore-a.akamaihd.net/news/externalpost/steam_community_announcements/1800991756433172
1364780,2026-03-06,Update,New Outfit 4 for Dee Jay and Elena alongside Alex's release!,https://steamstore-a.akamaihd.net/news/externalpost/steam_community_announcements/1826362059923678
2161700,2024-02-01,Release,Initial Release,https://store.steampowered.com/app/2161700
2161700,2024-05-02,Update,Patch Notes 1.04,https://steamstore-a.akamaihd.net/news/externalpost/steam_community_announcements/5766372999945202999
2161700,2024-05-30,Update,Patch Notes 1.05,https://steamstore-a.akamaihd.net/news/externalpost/steam_community_announcements/5742731639332335729
2161700,2024-08-07,Update,Ремейк прощания: Представлен новый трейлер сюжетного DLC для Persona 3 Reload,https://steamstore-a.akamaihd.net/news/externalpost/Gamemag.ru/5963414363386492680
2161700,2024-09-09,Update,Patch Notes 1.06/1.07,https://steamstore-a.akamaihd.net/news/externalpost/steam_community_announcements/6242640076613623862
2161700,2025-02-13,Update,Celebrating the One-Year Anniversary of Persona 3 Reload!,https://steamstore-a.akamaihd.net/news/externalpost/steam_community_announcements/1791580425978999
231430,2013-06-25,Release,Initial Release,https://store.steampowered.com/app/231430
231430,2015-08-27,Update,COH Franchise FREE Week-End and 75% OFF to celebrate the launch of The British Forces!,https://steamstore-a.akamaihd.net/news/externalpost/steam_community_announcements/409053962651688710
231430,2016-04-21,Update,War Paint Skins Release & Free Week-End!,https://steamstore-a.akamaihd.net/news/externalpost/steam_community_announcements/3819571572130259367
231430,2016-05-17,Update,FREE skins & skin sales for Valkyria Chronicles' release!,https://steamstore-a.akamaihd.net/news/externalpost/steam_community_announcements/3819571572130258721
231430,2016-06-07,Update,War Spoils 2.0 Update Now Live!,https://steamstore-a.akamaihd.net/news/externalpost/steam_community_announcements/3819571572130258075
231430,2016-09-12,Update,COH 10th Anniversary!,https://steamstore-a.akamaihd.net/news/externalpost/steam_community_announcements/3819571572130255129
231430,2016-12-12,Update,Far East War mod releases: up to 75% on COH games!,https://steamstore-a.akamaihd.net/news/externalpost/steam_community_announcements/3819571572130253478
231430,2017-02-16,Update,MWNL4 - Free DLC & up to 75% off on games and store items!,https://steamstore-a.akamaihd.net/news/externalpost/steam_community_announcements/75836429541903190
231430,2020-10-09,Update,SEGA's 60th Anniversary Celebration,https://steamstore-a.akamaihd.net/news/externalpost/steam_community_announcements/3853351107553717000
231430,2021-01-20,Update,"WW2 RTS game Company of Heroes 2 gets 64-bit update and new maps, seven years after launch",https://steamstore-a.akamaihd.net/news/externalpost/Strategy Gamer/4043637702544466469
231430,2021-05-27,Update,"COH2 + Ardennes Assault Giveaway, Free Case Blue DLC, Major Steam Sale",https://steamstore-a.akamaihd.net/news/externalpost/steam_community_announcements/4069544815356881884
231430,2021-09-23,Update,Company of Heroes 15th Anniversary Franchise Sale!,https://steamstore-a.akamaihd.net/news/externalpost/steam_community_announcements/3936699406870414314
231430,2022-06-20,Update,Relic 25th Anniversary Sale,https://steamstore-a.akamaihd.net/news/externalpost/steam_community_announcements/6214419350719986752
231430,2022-10-04,Update,Company of Heroes 3 Launch Date Moved,https://steamstore-a.akamaihd.net/news/externalpost/steam_community_announcements/4613399405933024341
231430,2022-12-05,Update,CoH3 Launch Content & Beyond,https://steamstore-a.akamaihd.net/news/externalpost/steam_community_announcements/4979322040033076951
1229490,2020-09-03,Release,Initial Release,https://store.steampowered.com/app/1229490
1229490,2022-08-02,Update,ULTRAKILL ACT 2 RELEASE DATE,https://steamstore-a.akamaihd.net/news/externalpost/steam_community_announcements/4587497456699620527
1229490,2026-02-25,Update,"Savage and stylish FPS Ultrakill just obliterated its all-time Steam peak record, more than five years on from launch",https://steamstore-a.akamaihd.net/news/externalpost/PCGamesN/1825727806705444
3454590,2025-04-21,Release,Initial Release,https://store.steampowered.com/app/3454590
3454590,2025-09-22,Update,v4.0,https://steamstore-a.akamaihd.net/news/externalpost/steam_community_announcements/1811138915524413
1238810,2020-10-22,Release,Initial Release,https://store.steampowered.com/app/1238810
1238810,2023-10-10,Update,Battlefield 2042 – Season 6: Dark Creations Live Now,https://steamstore-a.akamaihd.net/news/externalpost/steam_community_announcements/5220292521199153972
1238810,2023-10-31,Update,Play Now: Season 6: Dark Protocol,https://steamstore-a.akamaihd.net/news/externalpost/steam_community_announcements/5229301621594741574
1238810,2025-10-07,Update,"Get Ready for Battlefield 6 - Launch Times, Secure Boot and PC Specs",https://steamstore-a.akamaihd.net/news/externalpost/steam_community_announcements/1811772772641635
1888160,2023-08-07,Update,Get Armored Core 6 for cheap on Steam ahead of launch,https://steamstore-a.akamaihd.net/news/externalpost/PCGamesN/5124585319864571782
1888160,2023-09-10,Update,Patch Notes Version 1.02,https://steamstore-a.akamaihd.net/news/externalpost/steam_community_announcements/5159491482922113852
1888160,2023-10-12,Update,Patch Notes Version 1.04,https://steamstore-a.akamaihd.net/news/externalpost/steam_community_announcements/6438516944119886131
1888160,2023-11-02,Update,"Armored Core VI от FromSoftware показала рекордные продажи в Японии, разработка DLC для ELDEN RING идет по плану",https://steamstore-a.akamaihd.net/news/externalpost/Gamemag.ru/5288974951207241864
1888160,2023-12-19,Update,Patch Notes Version 1.05,https://steamstore-a.akamaihd.net/news/externalpost/steam_community_announcements/5409450219990329841
1888160,2024-02-06,Update,Patch Notes Version 1.06,https://steamstore-a.akamaihd.net/news/externalpost/steam_community_announcements/5582843074958525135
1888160,2024-02-27,Update,Ranked Match Season Update Notice,https://steamstore-a.akamaihd.net/news/externalpost/steam_community_announcements/5728086065199356626
1888160,2025-12-16,Update,Release Note for 2025/12/16,https://steamstore-a.akamaihd.net/news/externalpost/steam_community_announcements/1818752592134841
644930,2017-11-22,Update,Early Access launch on 12 of December,https://steamstore-a.akamaihd.net/news/externalpost/steam_community_announcements/2149769425910482778
644930,2018-11-30,Update,They Are Billions launches a scenario editor and level sharing,https://steamstore-a.akamaihd.net/news/externalpost/rps/2415515408473933496
644930,2019-06-18,Release,Initial Release,https://store.steampowered.com/app/644930
379430,2018-02-13,Release,Initial Release,https://store.steampowered.com/app/379430
379430,2021-02-13,Update,3 years Anniversary!,https://steamstore-a.akamaihd.net/news/externalpost/steam_community_announcements/4703417046207052031
379430,2021-05-15,Update,"Kingdom Come: Deliverance: release date, system requirements, gameplay, combat - everything we know",https://steamstore-a.akamaihd.net/news/externalpost/PCGamesN/4767601588118289061
379430,2022-02-10,Update,Free DLC this weekend only!,https://steamstore-a.akamaihd.net/news/externalpost/steam_community_announcements/6154735015614808259
379430,2022-09-19,Update,“Kingdom Come: Deliverance - The Board Game” Campaign Launched,https://steamstore-a.akamaihd.net/news/externalpost/steam_community_announcements/6258337460558640700
379430,2023-02-13,Update,5th Anniversary of Kingdom Come: Deliverance,https://steamstore-a.akamaihd.net/news/externalpost/steam_community_announcements/5036749277244114579
379430,2024-04-18,Update,Kingdom Come: Deliverance 2 continues the realism-obsessed RPG series - and is set to release later this year,https://steamstore-a.akamaihd.net/news/externalpost/VG247/5762994032391667468
379430,2026-02-12,Update,Celebrate with us: Kingdom Come: Deliverance Anniversary Dev Stream,https://steamstore-a.akamaihd.net/news/externalpost/steam_community_announcements/1824459501607259
72850,2011-11-10,Release,Initial Release,https://store.steampowered.com/app/72850
72850,2024-06-01,Update,New Skyrim mod gives its best side quest the expansion it deserves,https://steamstore-a.akamaihd.net/news/externalpost/PCGamesN/5742731639337978630
72850,2024-07-02,Update,Huge 60-hour Skyrim mod that's like a new expansion sets launch date,https://steamstore-a.akamaihd.net/news/externalpost/PCGamesN/5842939267328806352
72850,2024-08-09,Update,Unofficial new Skyrim DLC feels like it was actually made by Bethesda,https://steamstore-a.akamaihd.net/news/externalpost/PCGamesN/5963414363394696248
72850,2024-09-05,Update,The Elder Scrolls V: Skyrim - Game Launcher Update,https://steamstore-a.akamaihd.net/news/externalpost/steam_community_announcements/6242640076597147958
72850,2024-10-28,Update,Skyrim mod lets you shank NPCs as Agent 47 in a Hitman Contracts-style assassination mode,https://steamstore-a.akamaihd.net/news/externalpost/PC Gamer/6212245217911955052
72850,2025-01-02,Update,"Skyblivion, the huge Oblivion remake mod in Skyrim's engine, is now in its release year and its devs only have one region of Cyrodiil left to complete",https://steamstore-a.akamaihd.net/news/externalpost/VG247/1786573931064847
72850,2025-02-22,Update,"Skyrim was 'personally rebalanced' by producer Jeff Gardiner just 2 weeks before launch: 'Well, I hope this is good'",https://steamstore-a.akamaihd.net/news/externalpost/PC Gamer/1792116353262516
72850,2025-09-03,Update,Ex-Skyblivion dev says it 'was never in the state that the videos would show off' as they claim it's crunching on a 'pointless and unachievable' 2025 release goal—but remaining devs seem optimistic,https://steamstore-a.akamaihd.net/news/externalpost/PC Gamer/1809869180005075
72850,2025-10-06,Update,"Massive Skyrim mod Lordbound soft launches, with lots of choice-heavy questing in a war-torn valley bigger than Solstheim",https://steamstore-a.akamaihd.net/news/externalpost/rps/1811772772614365
72850,2025-12-03,Update,"Skyblivion's release has been delayed to 2026, but you can check out an interactive version of its map",https://steamstore-a.akamaihd.net/news/externalpost/rps/1818118366170862
1326470,2023-11-29,Update,"Sons of the Forest gets full release date, casts beloved X-Men star",https://steamstore-a.akamaihd.net/news/externalpost/PCGamesN/5395937983658639434
1326470,2024-02-22,Release,Initial Release,https://store.steampowered.com/app/1326470
899770,2024-02-21,Release,Initial Release,https://store.steampowered.com/app/899770
899770,2025-04-17,Update,"Path of Exile 2 backlash gives Last Epoch a 150,000-player boost as the competing action RPG launches a major update",https://steamstore-a.akamaihd.net/news/externalpost/PC Gamer/1797185861655460
899770,2025-06-27,Update,Last Epoch Season 3 Release Date & Steam Summer Sale!,https://steamstore-a.akamaihd.net/news/externalpost/steam_community_announcements/1803527891547101
899770,2025-07-27,Update,Last Epoch Season 3 reworks Necromancer and Lich as the ARPG's new era begins,https://steamstore-a.akamaihd.net/news/externalpost/PCGamesN/1806064758710079
899770,2025-08-18,Update,Last Epoch Season 3 will work better on Steam Deck and there's lots new coming,https://steamstore-a.akamaihd.net/news/externalpost/GamingOnLinux/1808061939472597
899770,2025-11-25,Update,"Despite Krafton ownership, Last Epoch dev won't charge for its first expansion and isn't pivoting to AI: 'To be clear, our development approach is not changing'",https://steamstore-a.akamaihd.net/news/externalpost/PC Gamer/1816849002024651
899770,2026-03-26,Update,Season 4 - Shattered Omens is Live Now!,https://steamstore-a.akamaihd.net/news/externalpost/steam_community_announcements/1827626365770960
1142710,2022-02-16,Release,Initial Release,https://store.steampowered.com/app/1142710
1142710,2025-03-29,Update,The next Total War Warhammer 3 DLC finally adds a new Slaanesh legendary lord,https://steamstore-a.akamaihd.net/news/externalpost/PCGamesN/1795283637884860
1142710,2025-05-24,Update,The next Total War Warhammer 3 DLC is giving Norsca the attention it deserves,https://steamstore-a.akamaihd.net/news/externalpost/PCGamesN/1800357164477150
1142710,2025-06-17,Update,Patch Notes 6.2,https://steamstore-a.akamaihd.net/news/externalpost/steam_community_announcements/1802354289719396
1142710,2025-07-10,Update,Tides of Torment - Release Update,https://steamstore-a.akamaihd.net/news/externalpost/steam_community_announcements/1803527891962162
1142710,2025-08-19,Update,Patch 6.3 Dev Blog,https://steamstore-a.akamaihd.net/news/externalpost/steam_community_announcements/1808061939502270
1142710,2025-10-07,Update,"Total War Warhammer 3 DLC to ""take a back seat"" due to game-breaking bug",https://steamstore-a.akamaihd.net/news/externalpost/PCGamesN/1811772772641679
1142710,2025-11-28,Update,Tides of Torment - Release Times Map,https://steamstore-a.akamaihd.net/news/externalpost/steam_community_announcements/1817483467039633
1142710,2026-02-10,Update,Patch 7.1 Live Now,https://steamstore-a.akamaihd.net/news/externalpost/steam_community_announcements/1823825466508067
1142710,2026-03-19,Update,Patch 7.2 Live Now,https://steamstore-a.akamaihd.net/news/externalpost/steam_community_announcements/1827626365752802
2582560,2024-08-14,Update,Enjoy Early Access with Ultimate Preseason,https://steamstore-a.akamaihd.net/news/externalpost/steam_community_announcements/5875594803674810506
2582560,2024-09-04,Update,Madden NFL 25 Season 2: Game Time,https://steamstore-a.akamaihd.net/news/externalpost/steam_community_announcements/6242640076594687357
2582560,2024-10-11,Update,Gridiron Guardians Release 2,https://steamstore-a.akamaihd.net/news/externalpost/steam_community_announcements/6931694080296363160
2582560,2024-11-20,Update,Season 4: Football is Family,https://steamstore-a.akamaihd.net/news/externalpost/steam_community_announcements/1783872411961910
2582560,2025-01-08,Update,Season 5: Path to Victory,https://steamstore-a.akamaihd.net/news/externalpost/steam_community_announcements/1788311418995273
2582560,2025-02-19,Update,Madden NFL 25 Season 6: Record Breakers,https://steamstore-a.akamaihd.net/news/externalpost/steam_community_announcements/1792116353172878
2582560,2025-03-26,Update,Madden NFL 25 Season 7: Franchise Heroes,https://steamstore-a.akamaihd.net/news/externalpost/steam_community_announcements/1795283637797680
3419430,2025-03-05,Release,Initial Release,https://store.steampowered.com/app/3419430
3419430,2025-10-02,Update,"Emojis 2.0, and a sorry.",https://steamstore-a.akamaihd.net/news/externalpost/steam_community_announcements/1811772772484130
3419430,2025-12-16,Update,You donated 15.000€,https://steamstore-a.akamaihd.net/news/externalpost/steam_community_announcements/1818752592137196
3419430,2026-03-05,Update,1 Year Anniversary,https://steamstore-a.akamaihd.net/news/externalpost/steam_community_announcements/1826362059921578
34330,2011-03-15,Release,Initial Release,https://store.steampowered.com/app/34330
34330,2011-07-01,Update,"Total War devs explain lack of mod tools for Empire and Napoleon, release data tables for modders",https://steamstore-a.akamaihd.net/news/externalpost/pcgamer/1135121880842499779
34330,2011-07-28,Update,Total War: Shogun 2 DLC adds 10 new elite units,https://steamstore-a.akamaihd.net/news/externalpost/pcgamer/1138502107020130495
34330,2011-09-27,Update,New Release - SHOGUN 2 - Rise of the Samurai DLC,http://store.steampowered.com/news/6367/
34330,2011-11-30,Update,"Total War: Shogun 2 DLC adds decapitation, limb severing, blood, Hattori clan",https://steamstore-a.akamaihd.net/news/externalpost/pcgamer/775973688877328840
34330,2012-03-22,Update,Total War: SHOGUN 2 Update Released,http://store.steampowered.com/news/7583/
34330,2012-04-25,Update,Total War: SHOGUN 2 Update Released,http://store.steampowered.com/news/7832/
34330,2012-05-23,Update,Total War: SHOGUN 2 Update Released,http://store.steampowered.com/news/8039/
34330,2012-07-13,Update,"Rome 2 lead designer talks ancient warfare, modding, DLC, and the importance of working with the community",https://steamstore-a.akamaihd.net/news/externalpost/pcgamer/1533724603058356872
34330,2012-09-28,Update,"Total War: Shogun 2 Steam Workshop is live, mod tools and modders’ wiki released",https://steamstore-a.akamaihd.net/news/externalpost/pcgamer/1515717154666763389
34330,2012-11-20,Update,Total War: Shogun 2 Otomo Clan DLC brings guns to swordfights,https://steamstore-a.akamaihd.net/news/externalpost/pcgamer/1514595968618193105
34330,2013-01-28,Update,Total War: Shogun 2 releases Gold Edition in March,https://steamstore-a.akamaihd.net/news/externalpost/pcgamer/1496587760495872174
34330,2025-06-12,Update,Join us for the Total War 25th anniversary celebrations,https://steamstore-a.akamaihd.net/news/externalpost/steam_community_announcements/1802354289563801
34330,2025-08-05,Update,Total War 25th Anniversary: Shogun Retrospective,https://steamstore-a.akamaihd.net/news/externalpost/steam_community_announcements/1806698490845850
34330,2025-12-01,Update,25th Anniversary Showcase Timings,https://steamstore-a.akamaihd.net/news/externalpost/steam_community_announcements/1817483467045780
386360,2015-09-08,Release,Initial Release,https://store.steampowered.com/app/386360
386360,2023-05-19,Update,SMITE - Season of Hope,https://steamstore-a.akamaihd.net/news/externalpost/steam_community_announcements/5140340943309227427
386360,2023-06-13,Update,New in SMITE | The Season of Souls,https://steamstore-a.akamaihd.net/news/externalpost/steam_community_announcements/5129083846357372278
386360,2023-08-07,Update,10.8 Update - Live August 8,https://steamstore-a.akamaihd.net/news/externalpost/steam_community_announcements/5124585319863961188
386360,2023-08-29,Update,New In SMITE | The Season of Celebration,https://steamstore-a.akamaihd.net/news/externalpost/steam_community_announcements/5141475722345380044
386360,2023-10-20,Update,Season of Celebration Chest Event,https://steamstore-a.akamaihd.net/news/externalpost/steam_community_announcements/5218041989047722346
386360,2023-11-14,Update,New in SMITE | Season of Worlds,https://steamstore-a.akamaihd.net/news/externalpost/steam_community_announcements/5302486388016709183
386360,2024-06-11,Update,New In SMITE | Mid Season,https://steamstore-a.akamaihd.net/news/externalpost/steam_community_announcements/5746109972566997858
386360,2025-02-04,Update,Laughs of the Past | 12.1 Update Notes,https://steamstore-a.akamaihd.net/news/externalpost/steam_community_announcements/1790214123247094
2904000,2024-09-05,Update,📢We have a release date!,https://steamstore-a.akamaihd.net/news/externalpost/steam_community_announcements/6242640076596088070
2904000,2024-12-03,Update,The Spell Brigade joins Bullet Heaven 2.0 Fest,https://steamstore-a.akamaihd.net/news/externalpost/steam_community_announcements/1784506359177797
2904000,2025-09-16,Update,It’s our 1st anniversary! ✨,https://steamstore-a.akamaihd.net/news/externalpost/steam_community_announcements/1810503566583899
2904000,2025-12-09,Update,Bullet Heaven 3.0 Festival,https://steamstore-a.akamaihd.net/news/externalpost/steam_community_announcements/1818118366185727
2904000,2026-02-27,Update,1.0 will have NEW ENEMIES 👻,https://steamstore-a.akamaihd.net/news/externalpost/steam_community_announcements/1825727806710984
2904000,2026-03-27,Update,1.0 will have IMPROVED ELEMENTS 🔥,https://steamstore-a.akamaihd.net/news/externalpost/steam_community_announcements/1828441623105019
1466060,2022-11-18,Update,EA launch date change – March 2023!,https://steamstore-a.akamaihd.net/news/externalpost/steam_community_announcements/4789043687478253931
1466060,2023-10-03,Update,Patch 0.6: Judgment of the Excalibur is LIVE!,https://steamstore-a.akamaihd.net/news/externalpost/steam_community_announcements/5220291886505253272
1466060,2024-01-11,Update,Patch Notes 0.6d,https://steamstore-a.akamaihd.net/news/externalpost/steam_community_announcements/6300039510119976897
1466060,2025-03-28,Update,Patch Notes 0.9b,https://steamstore-a.akamaihd.net/news/externalpost/steam_community_announcements/1795283637864119
1466060,2025-05-20,Update,3 days left until release!,https://steamstore-a.akamaihd.net/news/externalpost/steam_community_announcements/1799817379634537
1466060,2025-06-16,Update,Patch v1.04,https://steamstore-a.akamaihd.net/news/externalpost/steam_community_announcements/1802354289692785
1466060,2025-07-08,Update,Patch v1.06a has just gone live!,https://steamstore-a.akamaihd.net/news/externalpost/steam_community_announcements/1803527891895721
1466060,2025-09-09,Update,HUGE UPDATE: version 1.1 is now live!,https://steamstore-a.akamaihd.net/news/externalpost/steam_community_announcements/1809869180201315
1466060,2025-12-15,Update,Sanctuary of Sarras expansion is out NOW!,https://steamstore-a.akamaihd.net/news/externalpost/steam_community_announcements/1818752592133635
1466060,2026-03-03,Update,Huge update – version 1.20: balance changes & new content!,https://steamstore-a.akamaihd.net/news/externalpost/steam_community_announcements/1825727806720639
1063730,2021-09-28,Release,Initial Release,https://store.steampowered.com/app/1063730
1063730,2024-10-08,Update,Season of Opportunity: Free and Premium Reward Tracks,https://steamstore-a.akamaihd.net/news/externalpost/steam_community_announcements/6350729003513258256
1063730,2024-11-25,Update,New World Aeternum: Post-Launch Dev Update,https://steamstore-a.akamaihd.net/news/externalpost/steam_community_announcements/1783872412116253
1063730,2025-01-14,Update,Season of Conquerors: Seasonal World PvP Deep Dive,https://steamstore-a.akamaihd.net/news/externalpost/steam_community_announcements/1788311419183511
1063730,2025-04-22,Update,New World Aeternum Season 8 has Hardcore worlds with super-fast progression,https://steamstore-a.akamaihd.net/news/externalpost/PCGamesN/1797820624405731
1063730,2025-05-15,Update,New World: Aeternum – Season 8 Steam Sale,https://steamstore-a.akamaihd.net/news/externalpost/steam_community_announcements/1799817379476569
1063730,2025-07-24,Update,Season 9: Season of the Banner – Free and Premium Reward Tracks,https://steamstore-a.akamaihd.net/news/externalpost/steam_community_announcements/1806064758628384
1063730,2025-09-30,Update,Discover the Music of Nighthaven: The Season 10 Soundtrack,https://steamstore-a.akamaihd.net/news/externalpost/steam_community_announcements/1811772772415637
1063730,2025-10-30,Update,Season 10 Minor - Release Notes,https://steamstore-a.akamaihd.net/news/externalpost/steam_community_announcements/1815034432876960
529760,2017-02-13,Release,Initial Release,https://store.steampowered.com/app/529760
291550,2017-10-17,Release,Initial Release,https://store.steampowered.com/app/291550
291550,2025-01-08,Update,Ranked Season 35: The Ladder Resets Once Again!,https://steamstore-a.akamaihd.net/news/externalpost/steam_community_announcements/1788311418985186
291550,2025-04-02,Update,The Quest for Glory Never Ends | Ranked Season 36,https://steamstore-a.akamaihd.net/news/externalpost/steam_community_announcements/1795917897295070
291550,2025-06-13,Update,The Midseason Championship featuring the best players in the world is LIVE!,https://steamstore-a.akamaihd.net/news/externalpost/steam_community_announcements/1802354289603903
291550,2025-11-05,Update,Brawlhalla’s 10 Year Anniversary Celebration! – 10.00,https://steamstore-a.akamaihd.net/news/externalpost/steam_community_announcements/1815580768229837
291550,2026-03-25,Update,"The Evolved, Ranked Season 40",https://steamstore-a.akamaihd.net/news/externalpost/steam_community_announcements/1827626365768768
1778820,2024-01-24,Update,Countdown to Launch Livestream for TEKKEN 8!,https://steamstore-a.akamaihd.net/news/externalpost/steam_community_announcements/5519792046245935225
1778820,2024-03-01,Update,"The Tekken 8 shop just launched, and people hate it",https://steamstore-a.akamaihd.net/news/externalpost/PCGamesN/5688680204374134918
1778820,2025-01-17,Update,Patch 1.11 🥊,https://steamstore-a.akamaihd.net/news/externalpost/steam_community_announcements/1789039014372627
1778820,2025-04-02,Update,Patch 2.0,https://steamstore-a.akamaihd.net/news/externalpost/steam_community_announcements/1795917897291620
1778820,2025-05-12,Update,New content is coming in hot for TEKKEN 8 Season 2!,https://steamstore-a.akamaihd.net/news/externalpost/steam_community_announcements/1799088287956613
1282100,2023-07-25,Release,Initial Release,https://store.steampowered.com/app/1282100
1282100,2023-11-01,Update,"Remnant 2 DLC will ""flesh out each biome,"" including Yaesha and N'Erud",https://steamstore-a.akamaihd.net/news/externalpost/PCGamesN/5288974951202848870
1282100,2023-11-30,Update,"Souls-like co-op shooter Remnant 2, and its prequel, surprise release on Xbox Game Pass",https://steamstore-a.akamaihd.net/news/externalpost/VG247/5395937983660666250
1282100,2024-04-11,Update,One of last year's best games is about to get a huge new DLC,https://steamstore-a.akamaihd.net/news/externalpost/PCGamesN/5762993398273915311
1282100,2024-07-26,Update,"The next Remnant 2 DLC is delayed, but a new mode is coming for free",https://steamstore-a.akamaihd.net/news/externalpost/PCGamesN/5963413094351944883
1282100,2024-09-10,Update,Remnant 2 gets launch date for final DLC along with new free game mode,https://steamstore-a.akamaihd.net/news/externalpost/PCGamesN/6242640076616047438
1282100,2024-11-30,Update,Don't miss your chance to grab Remnant 2 and all DLC at 50% off for Black Friday,https://steamstore-a.akamaihd.net/news/externalpost/PCGamesN/1784506359108194
628070,2018-01-16,Release,Initial Release,https://store.steampowered.com/app/628070
2776450,2024-12-12,Update,"《Multiverse loot Hunter》released on January 3, 2025",https://steamstore-a.akamaihd.net/news/externalpost/steam_community_announcements/1785774543515343
2776450,2025-02-01,Update,Major updates are now live,https://steamstore-a.akamaihd.net/news/externalpost/steam_community_announcements/1790214123146072
2776450,2025-03-28,Update,Waifu ized DLC is now available for free,https://steamstore-a.akamaihd.net/news/externalpost/steam_community_announcements/1795283637844137
2776450,2025-08-15,Release,Initial Release,https://store.steampowered.com/app/2776450
2776450,2025-12-19,Update,DLC God Realm has been officially launched!,https://steamstore-a.akamaihd.net/news/externalpost/steam_community_announcements/1819386365094982
1476970,2021-03-25,Update,Release Day DEV LIVESTREAM!,https://steamstore-a.akamaihd.net/news/externalpost/steam_community_announcements/4026754911347338083
1476970,2021-05-31,Update,v1.20 - WORLD 3 has been released!,https://steamstore-a.akamaihd.net/news/externalpost/steam_community_announcements/4069544815373011170
1476970,2022-03-31,Update,v1.52 - More Secrets!,https://steamstore-a.akamaihd.net/news/externalpost/steam_community_announcements/4347669995460745630
1476970,2022-04-21,Update,v1.55 - Easter and W4 Tasks!,https://steamstore-a.akamaihd.net/news/externalpost/steam_community_announcements/4348797798074458438
1476970,2022-05-22,Update,v1.57 - Elite Classes!,https://steamstore-a.akamaihd.net/news/externalpost/steam_community_announcements/4292505348838028778
1476970,2022-07-12,Update,v1.60 - Troll Boss & W4 Pet Breeding,https://steamstore-a.akamaihd.net/news/externalpost/steam_community_announcements/4539082035577974760
1476970,2023-01-10,Update,v1.72 - Atom Collider Endgame Content & Improvements!,https://steamstore-a.akamaihd.net/news/externalpost/steam_community_announcements/5035620387707476932
1476970,2023-05-24,Update,Spring Seasonal Event!,https://steamstore-a.akamaihd.net/news/externalpost/steam_community_announcements/5151600576585172254
1476970,2024-04-02,Update,3rd Anniversary EVENT!,https://steamstore-a.akamaihd.net/news/externalpost/steam_community_announcements/5756237364302944504
1476970,2024-04-29,Update,RIFT EXPANSION,https://steamstore-a.akamaihd.net/news/externalpost/steam_community_announcements/5759616966680090605
1476970,2025-02-08,Update,VALENSLIMES DAY [Seasonal Event],https://steamstore-a.akamaihd.net/news/externalpost/steam_community_announcements/1790848102688228
1476970,2025-04-01,Update,4th Anniversary EVENT!,https://steamstore-a.akamaihd.net/news/externalpost/steam_community_announcements/1795917897274022
1476970,2025-11-06,Release,Initial Release,https://store.steampowered.com/app/1476970
1476970,2026-02-20,Update,THE TRENCH [major update],https://steamstore-a.akamaihd.net/news/externalpost/steam_community_announcements/1825093633188493
1476970,2026-04-17,Update,5th ANNIVERSARY EVENT!,https://steamstore-a.akamaihd.net/news/externalpost/steam_community_announcements/1830163047260867
311690,2016-04-05,Release,Initial Release,https://store.steampowered.com/app/311690
311690,2018-07-13,Update,Enter the Gungeon s delayed expansion is out next week,https://steamstore-a.akamaihd.net/news/externalpost/rps/2838841185440684045
311690,2018-11-20,Update,Enter The Gungeon DLC canned in favour of new projects and one final update,https://steamstore-a.akamaihd.net/news/externalpost/rps/2415514774162911664
311690,2019-03-27,Update,"Enter the Gungeon's last-ever content update, A Farewell to Arms, arrives this April",https://steamstore-a.akamaihd.net/news/externalpost/eurogamer/2465065785295199867
311690,2020-03-17,Update,Exit the Gungeon 2.0 Now Available on Steam,https://steamstore-a.akamaihd.net/news/externalpost/steam_community_announcements/3893864668628771935
945360,2018-11-16,Release,Initial Release,https://store.steampowered.com/app/945360
945360,2022-04-16,Update,Leaked Among Us VR release date is a month after Starfield,https://steamstore-a.akamaihd.net/news/externalpost/PCGamesN/4348797798069594779
945360,2023-12-07,Update,Vampire Survivors next bit of DLC is a highly-suspicious collab with Among Us,https://steamstore-a.akamaihd.net/news/externalpost/VG247/5395938616794436476
364690,2015-07-22,Release,Initial Release,https://store.steampowered.com/app/364690
2322010,2024-09-18,Update,God of War Ragnarok release date and launch times,https://steamstore-a.akamaihd.net/news/externalpost/PC Gamer/6341720536498485737
2322010,2024-10-24,Update,Patch 6 Released,https://steamstore-a.akamaihd.net/news/externalpost/steam_community_announcements/6212245217911821594
2322010,2024-11-15,Update,Patch 7 Released,https://steamstore-a.akamaihd.net/news/externalpost/steam_community_announcements/1783238125254579
2322010,2025-01-30,Update,Patch 8 Released,https://steamstore-a.akamaihd.net/news/externalpost/steam_community_announcements/1790214123087971
2322010,2025-03-20,Update,God of War 20th Anniversary Avatar & Frame,https://steamstore-a.akamaihd.net/news/externalpost/steam_community_announcements/1794102528306739
2322010,2025-08-20,Update,Patch 9.1 Released,https://steamstore-a.akamaihd.net/news/externalpost/steam_community_announcements/1808601382414204
2344520,2023-10-17,Release,Initial Release,https://store.steampowered.com/app/2344520
2344520,2024-11-22,Update,Diablo 4 Season 7 PTR unveils powerful new abilities and a much-requested tool,https://steamstore-a.akamaihd.net/news/externalpost/PCGamesN/1783872412011942
2344520,2025-01-14,Update,"Diablo 4 Season 7 features Diablo 3 throwbacks and ""a murderous pet frog""",https://steamstore-a.akamaihd.net/news/externalpost/PCGamesN/1788311419188460
2344520,2025-02-13,Update,"Despite promising one expansion per year, Diablo 4's new DLC drops in 2026",https://steamstore-a.akamaihd.net/news/externalpost/PCGamesN/1791580425962558
2344520,2025-03-06,Update,"The next Diablo 4 season is also getting a PTR, and we'll find out why tomorrow",https://steamstore-a.akamaihd.net/news/externalpost/VG247/1793384379369879
2344520,2025-04-09,Update,"Diablo 4 isn't getting an expansion this year, but here's what Blizzard says you can expect instead",https://steamstore-a.akamaihd.net/news/externalpost/VG247/1796551539181450
2344520,2025-05-16,Update,"We're only a few days into Diablo 4 Season 8, and Blizzard is already looking for players to test out Season 9",https://steamstore-a.akamaihd.net/news/externalpost/VG247/1799817379497950
2344520,2025-06-25,Update,Diablo 4 Season 9 transforms Nightmare Dungeons and expands elemental builds,https://steamstore-a.akamaihd.net/news/externalpost/PCGamesN/1803527891473486
2344520,2025-09-17,Update,"Diablo 4's Season 10 doesn't look to be the one to solve its problems, but there's some new content to see you to the end of 2025",https://steamstore-a.akamaihd.net/news/externalpost/VG247/1811138915354970
2344520,2025-11-05,Update,"Blizzard finally relents on a Diablo 4 feature I've been asking for since launch, and it'll change how I play forever",https://steamstore-a.akamaihd.net/news/externalpost/PCGamesN/1815580768226995
2344520,2025-12-04,Update,The Diablo 4 Season 11 start time is later than expected as Blizzard takes a gamble against its strongest challenger,https://steamstore-a.akamaihd.net/news/externalpost/PCGamesN/1818118366172922
2344520,2026-02-06,Update,Diablo 30th Anniversary Spotlight Livestream,https://steamstore-a.akamaihd.net/news/externalpost/steam_community_announcements/1823825466498837
2344520,2026-03-05,Update,Diablo IV | Season of Slaughter | Season 12 Now Live!,https://steamstore-a.akamaihd.net/news/externalpost/steam_community_announcements/1826362059922623
2344520,2026-04-17,Update,Blizzard will talk about Diablo 4: Lord of Hatred one last time before the expansion's launch next week,https://steamstore-a.akamaihd.net/news/externalpost/VG247/1830163047259716
2767030,2024-12-05,Release,Initial Release,https://store.steampowered.com/app/2767030
2767030,2025-07-30,Update,Welcome to Season 3.5 | Dev Vision Vol. 08 | Marvel Rivals,https://steamstore-a.akamaihd.net/news/externalpost/steam_community_announcements/1806698490659552
2767030,2025-08-27,Update,"Two more heroes have been leaked for Marvel Rivals, but unless NetEase plans to turn Deadpool into a healer, I don't want either in Season 4",https://steamstore-a.akamaihd.net/news/externalpost/PC Gamer/1809235871555860
2767030,2025-09-30,Update,DEV VISION VOL.10|Season 4.5 Update!,https://steamstore-a.akamaihd.net/news/externalpost/steam_community_announcements/1811772772413044
2767030,2025-11-12,Update,Season 5: Love is a Battlefield // Dev Vision Vol. 11,https://steamstore-a.akamaihd.net/news/externalpost/steam_community_announcements/1816215235346414
2767030,2025-12-09,Update,Marvel Rivals: Season 5.5 Update // Dev Vision Vol. 12,https://steamstore-a.akamaihd.net/news/externalpost/steam_community_announcements/1818752592119695
2767030,2026-01-13,Update,Season 6: Night at the Museum // Dev Vision Vol. 13,https://steamstore-a.akamaihd.net/news/externalpost/steam_community_announcements/1821922921809734
2767030,2026-02-11,Update,Marvel Rivals: What's new in Season 6.5 // Dev Vision Vol. 14,https://steamstore-a.akamaihd.net/news/externalpost/steam_community_announcements/1824459501603127
2767030,2026-03-19,Update,Season 7: The Hunt Is On // Dev Vision Vol. 15,https://steamstore-a.akamaihd.net/news/externalpost/steam_community_announcements/1827626365752791
2767030,2026-04-15,Update,Marvel Rivals: Season 7.5 Begins // Dev Vision Vol. 16,https://steamstore-a.akamaihd.net/news/externalpost/steam_community_announcements/1830163047254556
495420,2020-03-13,Release,Initial Release,https://store.steampowered.com/app/495420
495420,2020-05-18,Update,Happy Anniversary State of Decay 2!,https://steamstore-a.akamaihd.net/news/externalpost/steam_community_announcements/4742798964252443391
495420,2022-11-29,Update,Update 32: Season of Giving,https://steamstore-a.akamaihd.net/news/externalpost/steam_community_announcements/4836332027674454117
495420,2023-10-25,Update,Update 34.1 - Creep it Real,https://steamstore-a.akamaihd.net/news/externalpost/steam_community_announcements/5229301621571870417
495420,2023-12-04,Update,Update 35 - Season's Eatings!,https://steamstore-a.akamaihd.net/news/externalpost/steam_community_announcements/5395937983675212438
1593500,2022-01-12,Update,God of War PC release time confirmed,https://steamstore-a.akamaihd.net/news/externalpost/PCGamesN/4224939931825594654
1593500,2022-05-31,Update,God of War PC update adds AMD FSR 2.0 support,https://steamstore-a.akamaihd.net/news/externalpost/PCGamesN/4469272893488315622
1449560,2020-02-14,Release,Initial Release,https://store.steampowered.com/app/1449560
1366540,2021-01-20,Release,Initial Release,https://store.steampowered.com/app/1366540
1366540,2022-01-19,Update,FAQ of the Coming Major Update,https://steamstore-a.akamaihd.net/news/externalpost/steam_community_announcements/4237325463667137854
1366540,2023-01-21,Update,Chinese New Year Holidays & 2nd Anniversary Wishes & Recent Updates,https://steamstore-a.akamaihd.net/news/externalpost/steam_community_announcements/5035621474418578400
1366540,2023-09-20,Update,Combat System Rise of the Darkfog Slated for Release in December 2023!,https://steamstore-a.akamaihd.net/news/externalpost/steam_community_announcements/5219165352622268927
1366540,2024-01-17,Update,New Soundtracks from Rise of the Darkfog has been added to the Soundtrack DLC,https://steamstore-a.akamaihd.net/news/externalpost/steam_community_announcements/5510784213094026756
1092790,2021-09-24,Update,Inscryption is launching on October 19!,https://steamstore-a.akamaihd.net/news/externalpost/steam_community_announcements/3936699406874235262
1092790,2021-10-19,Release,Initial Release,https://store.steampowered.com/app/1092790
1092790,2021-12-14,Update,Kaycee's Mod V0.19,https://steamstore-a.akamaihd.net/news/externalpost/steam_community_announcements/4224937392745942261
1092790,2022-01-04,Update,Kaycee's Mod V0.24,https://steamstore-a.akamaihd.net/news/externalpost/steam_community_announcements/4224939245931210100
1092790,2022-01-27,Update,Kaycee's Mod V0.27,https://steamstore-a.akamaihd.net/news/externalpost/steam_community_announcements/4237326104320426389
1092790,2022-03-07,Update,Kaycee's Mod V0.30,https://steamstore-a.akamaihd.net/news/externalpost/steam_community_announcements/4247462367445950456
1092790,2022-06-22,Update,Inscryption V1.10 - Now on Mac and Linux!,https://steamstore-a.akamaihd.net/news/externalpost/steam_community_announcements/4474904295727010628
1092790,2024-10-19,Update,3rd Anniversary Stream - LIVE NOW,https://steamstore-a.akamaihd.net/news/externalpost/steam_community_announcements/6212244583183823652
1092790,2025-10-18,Update,Inscryption 4th Anniversary Steam is LIVE,https://steamstore-a.akamaihd.net/news/externalpost/steam_community_announcements/1813674389009506
2495100,2025-01-30,Release,Initial Release,https://store.steampowered.com/app/2495100
380600,2017-08-28,Release,Initial Release,https://store.steampowered.com/app/380600
380600,2024-08-02,Update,Welcome Fishing Planet Anniversary Cup 2024,https://steamstore-a.akamaihd.net/news/externalpost/steam_community_announcements/5963413728339015607
380600,2024-12-12,Update,"Release Note: Dnipro River, Ukraine",https://steamstore-a.akamaihd.net/news/externalpost/steam_community_announcements/1785774543531239
380600,2025-06-16,Update,"Noomaa Kuda Atolhu, Maldives - Release Date Reveled!",https://steamstore-a.akamaihd.net/news/externalpost/steam_community_announcements/1802354289697108
380600,2025-08-02,Update,Welcome Fishing Planet Anniversary Cup 2025,https://steamstore-a.akamaihd.net/news/externalpost/steam_community_announcements/1806698490746023
380600,2025-12-18,Update,"Release Note: Skårland Fjord, Norway",https://steamstore-a.akamaihd.net/news/externalpost/steam_community_announcements/1819386365089987
359320,2015-04-02,Release,Initial Release,https://store.steampowered.com/app/359320
359320,2023-05-05,Update,"Elite Dangerous Update 15 Releases Tuesday, May 9th.",https://steamstore-a.akamaihd.net/news/externalpost/steam_community_announcements/5138087875083519509
359320,2023-06-02,Update,Update 15.02 is coming on June 5,https://steamstore-a.akamaihd.net/news/externalpost/steam_community_announcements/5151601211229201272
359320,2023-07-24,Update,Elite Dangerous 'New Launcher' live today!,https://steamstore-a.akamaihd.net/news/externalpost/steam_community_announcements/5124584051983872508
359320,2023-08-29,Update,Update 16.01,https://steamstore-a.akamaihd.net/news/externalpost/steam_community_announcements/5141475722344571841
359320,2023-10-13,Update,Update 17 Release Schedule,https://steamstore-a.akamaihd.net/news/externalpost/steam_community_announcements/6438516944124405496
359320,2023-12-12,Update,Update 17.01 is now live!,https://steamstore-a.akamaihd.net/news/externalpost/steam_community_announcements/5395938616812487808
359320,2024-03-06,Update,Update 18.01,https://steamstore-a.akamaihd.net/news/externalpost/steam_community_announcements/5679673637648941991
359320,2024-04-09,Update,Update 18.02 | Wednesday 10th April 2024,https://steamstore-a.akamaihd.net/news/externalpost/steam_community_announcements/5756237364326023163
359320,2024-05-07,Update,Elite Dangerous launches new ship but only on real money store,https://steamstore-a.akamaihd.net/news/externalpost/PCGamesN/5766372999962743726
359320,2024-05-28,Update,Update 18.06 and Titan War Changes,https://steamstore-a.akamaihd.net/news/externalpost/steam_community_announcements/5741605105625150379
359320,2024-07-04,Update,Update 18.07 | Friday 5th July 2024,https://steamstore-a.akamaihd.net/news/externalpost/steam_community_announcements/5842939267335537336
359320,2024-08-06,Update,Elite Dangerous | Type-8 Update (18.08) | Wednesday 7th August 2024,https://steamstore-a.akamaihd.net/news/externalpost/steam_community_announcements/5963413728353422199
359320,2024-09-18,Update,Elite Dangerous - Update 18.09 | 19 September,https://steamstore-a.akamaihd.net/news/externalpost/steam_community_announcements/6341720536499061065
359320,2024-10-15,Update,"If you're disappointed by the Starfield DLC, get Elite Dangerous at 70% off",https://steamstore-a.akamaihd.net/news/externalpost/PCGamesN/6211118320242159811
359320,2024-11-27,Update,Elite Dangerous | Update 19.02 - 28 November 2024,https://steamstore-a.akamaihd.net/news/externalpost/steam_community_announcements/1784506358983250
359320,2025-05-07,Update,Elite Dangerous | Trailblazers | Update 3.1,https://steamstore-a.akamaihd.net/news/externalpost/steam_community_announcements/1799088287795411
359320,2025-07-03,Update,Trailblazers | Update 3.4,https://steamstore-a.akamaihd.net/news/externalpost/steam_community_announcements/1803527891730667
359320,2025-09-22,Update,Elite Dangerous: Type-11 Prospector | Release Date Update,https://steamstore-a.akamaihd.net/news/externalpost/steam_community_announcements/1811138915526967
264710,2018-01-10,Update,Deep sea survival adventure Subnautica launches this month after three years in Early Access,https://steamstore-a.akamaihd.net/news/externalpost/eurogamer/2298392651777745783
264710,2018-03-08,Update,Update 84 Released,https://steamstore-a.akamaihd.net/news/externalpost/steam_community_announcements/2363699913370628558
264710,2019-01-25,Update,Subnautica's standalone expansion Below Zero enters PC early access next week,https://steamstore-a.akamaihd.net/news/externalpost/eurogamer/2425653583387228551
264710,2020-08-05,Update,Subnautica Micro Update Released,https://steamstore-a.akamaihd.net/news/externalpost/steam_community_announcements/3667572003456778657
264710,2021-02-25,Update,Subnautica: Below Zero release date set for May,https://steamstore-a.akamaihd.net/news/externalpost/PCGamesN/4060529371702691639
264710,2021-04-30,Update,Subnautica Original Soundtrack Released,https://steamstore-a.akamaihd.net/news/externalpost/steam_community_announcements/4074045878077411680
264710,2021-10-29,Update,"The next game from the Subnautica devs isn't Subnautica 3, but it does launch next year",https://steamstore-a.akamaihd.net/news/externalpost/PCGamesN/4186652357029198867
264710,2023-03-07,Update,Steam Deck Update Released!,https://steamstore-a.akamaihd.net/news/externalpost/steam_community_announcements/5070528176581093676
264710,2024-02-08,Update,Subnautica 2 studio reassures fans that it's not a live-service game: 'No season passes. No battle passes. No subscription',https://steamstore-a.akamaihd.net/news/externalpost/PC Gamer/5589599109266311366
3017860,2025-05-14,Release,Initial Release,https://store.steampowered.com/app/3017860
3017860,2025-06-05,Update,Update 1 Release Notes,https://steamstore-a.akamaihd.net/news/externalpost/steam_community_announcements/1801617199395747
3017860,2025-08-18,Update,Update 2.1,https://steamstore-a.akamaihd.net/news/externalpost/steam_community_announcements/1808061939478162
3017860,2025-10-15,Update,Update 2.2,https://steamstore-a.akamaihd.net/news/externalpost/steam_community_announcements/1813674388913861
3017860,2026-02-05,Update,id Software Anniversary Sale!,https://steamstore-a.akamaihd.net/news/externalpost/steam_community_announcements/1823825466497185
3017860,2026-02-28,Update,Геймдиректор DOOM: The Dark Ages поделился подробностями DLC — оно будет сопоставимо по масштабу с сиквелом,https://steamstore-a.akamaihd.net/news/externalpost/Gamemag.ru/1825727806717596
305620,2017-08-01,Release,Initial Release,https://store.steampowered.com/app/305620
305620,2022-04-30,Update,The Long Dark's getting paid DLC updates for survival mode,https://steamstore-a.akamaihd.net/news/externalpost/PC Gamer/4348798430283716871
305620,2022-08-23,Update,[Updated 09/07/22] - THE LONG DARK - QUALITY OF LIFE UPDATE v2.02 (99904),https://steamstore-a.akamaihd.net/news/externalpost/steam_community_announcements/4584122114610560053
305620,2022-10-21,Update,The Long Dark’s mountainous Survival Mode expansion beckons in December,https://steamstore-a.akamaihd.net/news/externalpost/rps/4714731755415547077
305620,2022-12-06,Update,The Long Dark Updated to v2.03 [105581],https://steamstore-a.akamaihd.net/news/externalpost/steam_community_announcements/4979322040033856742
305620,2023-02-15,Update,The Long Dark Updated to 2.06 on Mac,https://steamstore-a.akamaihd.net/news/externalpost/steam_community_announcements/5059267908811614647
305620,2023-03-17,Update,The Long Dark Updated to v2.07,https://steamstore-a.akamaihd.net/news/externalpost/steam_community_announcements/5125698536858829327
305620,2023-04-20,Update,The Long Dark Updated to v2.15,https://steamstore-a.akamaihd.net/news/externalpost/steam_community_announcements/5133583099796244055
305620,2023-06-21,Update,"TALES, Part Three Released & THE LONG DARK UPDATED to Version 2.17",https://steamstore-a.akamaihd.net/news/externalpost/steam_community_announcements/5124581515251824046
305620,2023-07-13,Update,The Long Dark Updated to v2.20,https://steamstore-a.akamaihd.net/news/externalpost/steam_community_announcements/5124582150182560626
305620,2023-09-26,Update,THE LONG DARK Updated to v 2.23,https://steamstore-a.akamaihd.net/news/externalpost/steam_community_announcements/5219165352642547673
305620,2023-12-14,Update,THE LONG DARK Updated to v 2.26,https://steamstore-a.akamaihd.net/news/externalpost/steam_community_announcements/7585814657461266581
305620,2024-01-24,Update,THE LONG DARK Updated to v 2.27,https://steamstore-a.akamaihd.net/news/externalpost/steam_community_announcements/5519792046245393113
305620,2024-06-25,Update,THE LONG DARK Updated to version 2.29,https://steamstore-a.akamaihd.net/news/externalpost/steam_community_announcements/5842939267303784304
305620,2024-08-07,Update,THE LONG DARK Updated to version 2.32,https://steamstore-a.akamaihd.net/news/externalpost/steam_community_announcements/5963414363387534594
305620,2024-12-05,Update,The Long Dark Updated to version 2.35,https://steamstore-a.akamaihd.net/news/externalpost/steam_community_announcements/1785321795624139
305620,2025-03-19,Update,The Long Dark Updated to version 2.40,https://steamstore-a.akamaihd.net/news/externalpost/steam_community_announcements/1794102528276319
305620,2025-05-27,Update,The Long Dark Updated to version 2.43,https://steamstore-a.akamaihd.net/news/externalpost/steam_community_announcements/1800991756263988
305620,2025-11-29,Update,"The Long Dark's final episode has been pushed back yet again, but at least it has an actual release date now",https://steamstore-a.akamaihd.net/news/externalpost/PC Gamer/1817483467041446
305620,2026-03-26,Update,HINTERLAND EPISODE FIVE DEEP LAUNCH DISCOUNT,https://steamstore-a.akamaihd.net/news/externalpost/steam_community_announcements/1827626365771339
550,2009-11-16,Release,Initial Release,https://store.steampowered.com/app/550
550,2020-09-24,Update,Left 4 Dead 2 gets its first major DLC in eight years today,https://steamstore-a.akamaihd.net/news/externalpost/eurogamer/3715990047694428973
374320,2016-04-11,Release,Initial Release,https://store.steampowered.com/app/374320
374320,2022-02-09,Update,Security exploit will keep Dark Souls PC servers offline until after Elden Ring launch,https://steamstore-a.akamaihd.net/news/externalpost/PC Gamer/4235075565595934581
374320,2023-01-04,Update,Dark Souls 3 prequel mod Archthrones looks like a full DLC,https://steamstore-a.akamaihd.net/news/externalpost/PCGamesN/5000716037491175576
374320,2025-02-25,Update,"Elden Ring's uber-popular seamless co-op mod now has a Dark Souls 3 version, in case those Nightreign network tests haven't been enough to tide you over til release",https://steamstore-a.akamaihd.net/news/externalpost/VG247/1792116353352597
1147560,2020-12-11,Update,"Head-swapping rogue-lite Skul: The Hero Slayer to release January 21, 2021",https://steamstore-a.akamaihd.net/news/externalpost/GamingOnLinux/3879252510634725932
1147560,2021-01-20,Release,Initial Release,https://store.steampowered.com/app/1147560
1147560,2022-06-09,Update,1.5 Update on Mac & Delay Notice for Linux,https://steamstore-a.akamaihd.net/news/externalpost/steam_community_announcements/4480532526717370157
1147560,2023-10-06,Update,Dev Blog [First DLC: Mythology Pack],https://steamstore-a.akamaihd.net/news/externalpost/steam_community_announcements/5220292521183131604
394360,2016-06-06,Release,Initial Release,https://store.steampowered.com/app/394360
394360,2025-05-01,Update,Hearts of Iron 4's next DLC is adding weird WW2 experiments sooner than expected,https://steamstore-a.akamaihd.net/news/externalpost/PCGamesN/1798454487605225
394360,2025-06-02,Update,Hearts of Iron IV Anniversary week & Developer Corners!,https://steamstore-a.akamaihd.net/news/externalpost/steam_community_announcements/1800991756438960
394360,2025-09-25,Update,"No Compromise, No Surrender | Expansion Pass 2",https://steamstore-a.akamaihd.net/news/externalpost/steam_community_announcements/1811772772248740
394360,2025-11-20,Update,"New Hearts of Iron 4 DLC expands three major WW2 players, but it's the factions rework I'm most excited about",https://steamstore-a.akamaihd.net/news/externalpost/PCGamesN/1816849002011529
2183900,2024-09-09,Release,Initial Release,https://store.steampowered.com/app/2183900
2183900,2025-04-08,Update,The Trygon Update releases on April 15!,https://steamstore-a.akamaihd.net/news/externalpost/steam_community_announcements/1795917897490449
2183900,2025-05-12,Update,Space Marine 2 mods are about to explode as Saber releases entire toolset,https://steamstore-a.akamaihd.net/news/externalpost/PCGamesN/1799088287958006
2183900,2025-06-26,Update,Patch Notes 8.0 - Siege Update,https://steamstore-a.akamaihd.net/news/externalpost/steam_community_announcements/1803527891501895
2183900,2025-07-29,Update,Patch 9.0 - Quality of Life Update is live!,https://steamstore-a.akamaihd.net/news/externalpost/steam_community_announcements/1806064758765400
2183900,2025-09-04,Update,The 10.0 - Anniversary Update is OUT,https://steamstore-a.akamaihd.net/news/externalpost/steam_community_announcements/1809869180036256
2183900,2025-10-08,Update,Patch 10.3 is live,https://steamstore-a.akamaihd.net/news/externalpost/steam_community_announcements/1813041031170005
2183900,2025-11-25,Update,Patch Notes 11.0,https://steamstore-a.akamaihd.net/news/externalpost/steam_community_announcements/1816849002022931
2183900,2026-02-26,Update,The Chapter Voice Pack 1 is now available!,https://steamstore-a.akamaihd.net/news/externalpost/steam_community_announcements/1825727806708134
881100,2019-08-21,Update,Release date update - Noita will be out some time this decade,https://steamstore-a.akamaihd.net/news/externalpost/steam_community_announcements/2416665403766509729
881100,2019-09-24,Update,Noita has been released on Early Access!,https://steamstore-a.akamaihd.net/news/externalpost/steam_community_announcements/2406534841146440330
881100,2020-10-15,Release,Initial Release,https://store.steampowered.com/app/881100
881100,2020-11-24,Update,Noita 1.0 - Sauna Update - Nov 24 2020,https://steamstore-a.akamaihd.net/news/externalpost/steam_community_announcements/3856733244569505201
881100,2021-03-31,Update,"Noita receives its final major update, Epilogue",https://steamstore-a.akamaihd.net/news/externalpost/PCGamesN/4023377846272445285
881100,2021-10-15,Update,Noita 1.0 Birthday,https://steamstore-a.akamaihd.net/news/externalpost/steam_community_announcements/4698935641759791980
529340,2022-10-25,Release,Initial Release,https://store.steampowered.com/app/529340
529340,2024-12-05,Update,Victoria 3 - Dev Diary #140 - 1.8 post-release thoughts,https://steamstore-a.akamaihd.net/news/externalpost/steam_community_announcements/1784506359245406
529340,2025-03-31,Update,New Victoria 3 DLC turns trade into the mechanic it deserves to be,https://steamstore-a.akamaihd.net/news/externalpost/PCGamesN/1795283637956355
529340,2025-06-12,Update,Dev Diary #150 - Charters of Commerce & Update 1.9 “Lady Grey” Changelog,https://steamstore-a.akamaihd.net/news/externalpost/steam_community_announcements/1802354289563810
529340,2025-07-03,Update,Victoria 3 - Dev Diary #152 - What’s next after 1.9,https://steamstore-a.akamaihd.net/news/externalpost/steam_community_announcements/1803527891737766
529340,2025-08-05,Update,"After struggling on Steam, new Victoria 3 DLC lets you curb or coax an uprising",https://steamstore-a.akamaihd.net/news/externalpost/PCGamesN/1806698490854363
529340,2025-08-29,Update,Victoria 3's next DLC embodies Paradox's obsession with historical detail,https://steamstore-a.akamaihd.net/news/externalpost/PCGamesN/1809235871628556
529340,2025-09-23,Update,Victoria 3 - Dev Diary #160 - National Awakening & Update 1.10 Now LIVE!,https://steamstore-a.akamaihd.net/news/externalpost/steam_community_announcements/1811138915556526
529340,2025-10-20,Update,3 Year Anniversary Week,https://steamstore-a.akamaihd.net/news/externalpost/steam_community_announcements/1813674389069337
529340,2025-12-04,Update,Dev Diary #170 – Iberian Twilight & Update 1.12 “Chá de Tília” Changelog,https://steamstore-a.akamaihd.net/news/externalpost/steam_community_announcements/1818118366173159
529340,2026-03-19,Update,Victoria 3 – Dev Diary #175 – Free Update 1.13 Overview,https://steamstore-a.akamaihd.net/news/externalpost/steam_community_announcements/1827626365753709
620,2011-04-18,Release,Initial Release,https://store.steampowered.com/app/620
620,2023-09-18,Update,Portal 2 VR mod gets an early release,https://steamstore-a.akamaihd.net/news/externalpost/GamingOnLinux/5480373588798276873
620,2023-11-15,Update,This promising Portal 2 mod wants to give it the expansion it deserves,https://steamstore-a.akamaihd.net/news/externalpost/PCGamesN/5322753221338268960
489630,2018-07-12,Release,Initial Release,https://store.steampowered.com/app/489630
489630,2019-10-17,Update,"The Fortification Pack DLC for Warhammer 40,000: Gladius is out!",https://steamstore-a.akamaihd.net/news/externalpost/steam_community_announcements/2404285581860908322
489630,2020-02-25,Update,"Warhammer 40,000: Gladius - The T'au DLC is OUT!",https://steamstore-a.akamaihd.net/news/externalpost/steam_community_announcements/2578811485610041691
489630,2020-05-28,Update,The Assault Pack DLC is available now!,https://steamstore-a.akamaihd.net/news/externalpost/steam_community_announcements/3142896212089326006
489630,2020-11-02,Update,"Warhammer 40,000: Gladius - Craftworld Aeldari DLC is out November 12th",https://steamstore-a.akamaihd.net/news/externalpost/steam_community_announcements/3884878205229354563
489630,2021-11-22,Update,"Warhammer 40,000: Gladius – Adeptus Mechanicus DLC is now available",https://steamstore-a.akamaihd.net/news/externalpost/steam_community_announcements/4227186657155924043
489630,2022-06-01,Update,Warhammer Skulls Festival - New Escalation Pack DLC & Free-to-try week,https://steamstore-a.akamaihd.net/news/externalpost/steam_community_announcements/4469272893489545570
489630,2023-05-25,Update,Warhammer Skulls Festival - Orks DLC & Firepower Pack,https://steamstore-a.akamaihd.net/news/externalpost/steam_community_announcements/5151600576588546251
489630,2023-11-08,Update,"Warhammer 40,000: Gladius - Drukhari DLC out on November 30th",https://steamstore-a.akamaihd.net/news/externalpost/steam_community_announcements/5302486387994774172
489630,2023-11-30,Update,"Warhammer 40,000: Gladius - Drukhari DLC out now",https://steamstore-a.akamaihd.net/news/externalpost/steam_community_announcements/5395937983661491076
489630,2024-11-14,Update,Ultima Founding DLC at Slitherine Next,https://steamstore-a.akamaihd.net/news/externalpost/steam_community_announcements/1783238125214923
489630,2024-12-09,Update,Ultima Founding DLC: join us for Slitherine Next,https://steamstore-a.akamaihd.net/news/externalpost/steam_community_announcements/1785321795737428
489630,2025-05-22,Update,Warhammer Skulls Festival - Deeds of the Fallen DLC & Onslaught Pack,https://steamstore-a.akamaihd.net/news/externalpost/steam_community_announcements/1800357164412923
872410,2019-10-11,Update,"""ROMANCE OF THE THREE KINGDOMS XIV"" playtest version (Japanese only) released!",https://steamstore-a.akamaihd.net/news/externalpost/steam_community_announcements/3051677487677586377
872410,2020-01-15,Release,Initial Release,https://store.steampowered.com/app/872410
872410,2020-08-24,Update,"Grand strategy game Romance of the Three Kingdoms XIV is coming to the Nintendo Switch, along with its first expansion pack",https://steamstore-a.akamaihd.net/news/externalpost/Strategy Gamer/4644854581176553459
872410,2020-12-09,Update,"New DLC Available - ROMANCE OF THE THREE KINGDOMS XIV: Diplomacy and Strategy Expansion Pack, 10% off!",https://store.steampowered.com/news/78720/
2051620,2024-07-16,Release,Initial Release,https://store.steampowered.com/app/2051620
2051620,2025-07-31,Update,Battle Pass: Sixth Season of 2025,https://steamstore-a.akamaihd.net/news/externalpost/steam_community_announcements/1806698490682775
2051620,2025-09-09,Update,Battle Pass: Seventh Season of 2025,https://steamstore-a.akamaihd.net/news/externalpost/steam_community_announcements/1809869180201353
2051620,2025-10-14,Update,Battle Pass: Eighth Season of 2025,https://steamstore-a.akamaihd.net/news/externalpost/steam_community_announcements/1813041031374877
2051620,2025-11-10,Update,Fifth Anniversary Sale,https://steamstore-a.akamaihd.net/news/externalpost/steam_community_announcements/1815580768390613
2051620,2025-12-23,Update,Battle Pass: First Season of 2026,https://steamstore-a.akamaihd.net/news/externalpost/steam_community_announcements/1819386365104414
2051620,2026-01-23,Update,Battle Pass: Second Season of 2026,https://steamstore-a.akamaihd.net/news/externalpost/steam_community_announcements/1822556746162052
2051620,2026-02-27,Update,Battle Pass: Third Season of 2026,https://steamstore-a.akamaihd.net/news/externalpost/steam_community_announcements/1825727806710762
2051620,2026-04-07,Update,Battle Pass: Fourth Season of 2026,https://steamstore-a.akamaihd.net/news/externalpost/steam_community_announcements/1828894815567125
1407200,2021-04-28,Release,Initial Release,https://store.steampowered.com/app/1407200
1407200,2025-04-07,Update,Onslaught 2024-2025 Finale: Season of the Jade Manticore,https://steamstore-a.akamaihd.net/news/externalpost/steam_community_announcements/1795917897452848
1407200,2025-05-02,Update,Mark the 80th Anniversary of VE-Day!,https://steamstore-a.akamaihd.net/news/externalpost/steam_community_announcements/1798454487636566
1407200,2025-05-29,Update,Battle Pass Season XVII: Combat Ready,https://steamstore-a.akamaihd.net/news/externalpost/steam_community_announcements/1800991756311033
1407200,2025-07-07,Update,"Battle Pass Special: Two Heroes, Two Chapters",https://steamstore-a.akamaihd.net/news/externalpost/steam_community_announcements/1803527891860965
1407200,2025-08-07,Update,Let's Celebrate World of Tanks' 15th Anniversary!,https://steamstore-a.akamaihd.net/news/externalpost/steam_community_announcements/1807332909570809
1407200,2025-08-30,Update,BATTLE PASS SEASON XVIII: PATH TO PERFECTION,https://steamstore-a.akamaihd.net/news/externalpost/steam_community_announcements/1809235871651945
1407200,2025-10-31,Update,Frontline 2025: Autumn Launch,https://steamstore-a.akamaihd.net/news/externalpost/steam_community_announcements/1815034432908498
1407200,2025-11-24,Update,Update 2.1: Festive Grounds,https://steamstore-a.akamaihd.net/news/externalpost/steam_community_announcements/1816849002020049
1407200,2026-01-12,Update,Onslaught: Season of the Crimson Dragon Arrives!,https://steamstore-a.akamaihd.net/news/externalpost/steam_community_announcements/1821288646585207
1407200,2026-02-03,Update,Frontline: Winter Launch,https://steamstore-a.akamaihd.net/news/externalpost/steam_community_announcements/1823191198616737
1407200,2026-02-26,Update,Battle Pass Season XIX: Operation Borealis,https://steamstore-a.akamaihd.net/news/externalpost/steam_community_announcements/1825727806707484
2437170,2024-08-27,Release,Initial Release,https://store.steampowered.com/app/2437170
2437170,2025-04-18,Update,Goddess of Destruction Update Launches April 21st,https://steamstore-a.akamaihd.net/news/externalpost/steam_community_announcements/1797185861676942
433850,2018-02-28,Release,Initial Release,https://store.steampowered.com/app/433850
433850,2018-03-24,Update,H1Z1 updates Auto Royale with rocket launchers and more,https://steamstore-a.akamaihd.net/news/externalpost/rps/2365952982536674731
433850,2018-06-27,Update,H1Z1 releases a new 8x8km map called Outbreak,https://steamstore-a.akamaihd.net/news/externalpost/pcgamer/2499943313652048704
433850,2018-07-25,Update,PC Game Update: Season 2!,https://steamstore-a.akamaihd.net/news/externalpost/steam_community_announcements/2462791699368343478
433850,2018-09-19,Update,Version 1.0 Release Notes,https://steamstore-a.akamaihd.net/news/externalpost/steam_community_announcements/2450411965549182375
433850,2018-11-07,Update,"Game Update 1.6 - November 7th, 2018",https://steamstore-a.akamaihd.net/news/externalpost/steam_community_announcements/2423394805995005477
433850,2018-11-28,Update,Game Update V1.9 - Pleasant Valley Nightmare,https://steamstore-a.akamaihd.net/news/externalpost/steam_community_announcements/2415515408466553458
433850,2019-03-06,Update,H1Z1 has relaunched and rebranded to 'Z1 Battle Royale',https://steamstore-a.akamaihd.net/news/externalpost/pcgamer/2530366080593348474
433850,2019-04-19,Update,"Update on Z1BR Seasons, Servers and Showdown",https://steamstore-a.akamaihd.net/news/externalpost/steam_community_announcements/2434668385551793872
433850,2019-11-07,Update,Season 6 Kickoff and Server Update,https://steamstore-a.akamaihd.net/news/externalpost/steam_community_announcements/2448197582021147408
2670630,2024-01-11,Update,Launch Date!,https://steamstore-a.akamaihd.net/news/externalpost/steam_community_announcements/6300039510121006539
2670630,2025-02-21,Update,Supermarket Simulator Celebrates one year since launch!,https://steamstore-a.akamaihd.net/news/externalpost/steam_community_announcements/1792116353234138
2670630,2025-05-07,Update,Last Discount Before The Full Release,https://steamstore-a.akamaihd.net/news/externalpost/steam_community_announcements/1799088287795384
2670630,2025-06-19,Release,Initial Release,https://store.steampowered.com/app/2670630
2670630,2026-02-17,Update,2nd Anniversary Celebration Sale!,https://steamstore-a.akamaihd.net/news/externalpost/steam_community_announcements/1824644522847792
242760,2017-08-09,Update,V0.65,https://steamstore-a.akamaihd.net/news/externalpost/steam_community_announcements/2093464278180065410
242760,2017-09-07,Update,V0.66 update,https://steamstore-a.akamaihd.net/news/externalpost/steam_community_announcements/2127244540320606473
242760,2017-10-05,Update,V0.68,https://steamstore-a.akamaihd.net/news/externalpost/steam_community_announcements/2145261379786037208
242760,2017-11-16,Update,V0.70 update,https://steamstore-a.akamaihd.net/news/externalpost/steam_community_announcements/2486412956103204090
242760,2017-12-14,Update,V0.71,https://steamstore-a.akamaihd.net/news/externalpost/steam_community_announcements/2442505391474056490
242760,2018-01-18,Update,V0.72,https://steamstore-a.akamaihd.net/news/externalpost/steam_community_announcements/2356940080944114835
242760,2018-04-05,Update,V1.0 release date,https://steamstore-a.akamaihd.net/news/externalpost/steam_community_announcements/2394101748799358289
242760,2018-04-29,Update,The Forest gets a final final final pre-launch update,https://steamstore-a.akamaihd.net/news/externalpost/rps/2394103650899872952
242760,2018-06-08,Update,Patch 1.08,https://steamstore-a.akamaihd.net/news/externalpost/steam_community_announcements/2431262152939111291
242760,2018-08-16,Update,v1.09,https://steamstore-a.akamaihd.net/news/externalpost/steam_community_announcements/2444779293763257070
242760,2018-12-10,Update,V1.10,https://steamstore-a.akamaihd.net/news/externalpost/steam_community_announcements/2416641943187838615
242760,2019-01-23,Update,v1.11,https://steamstore-a.akamaihd.net/news/externalpost/steam_community_announcements/2425653583379330859
242760,2019-09-10,Update,V1.12 - VR,https://steamstore-a.akamaihd.net/news/externalpost/steam_community_announcements/2413289226974149113
242760,2021-12-02,Update,The Forest gets a resurgence on Steam as Sons of the Forest lands a release date,https://steamstore-a.akamaihd.net/news/externalpost/PCGamesN/4224936215383925583
242760,2024-12-23,Update,"This co-op survival horror masterpiece is just $2 in the Steam Winter Sale, which could explain why it just hit an all-time high player count of nearly 100k a decade after it launched",https://steamstore-a.akamaihd.net/news/externalpost/PC Gamer/1786573930758875
1645820,2022-06-24,Release,Initial Release,https://store.steampowered.com/app/1645820
1645820,2024-06-01,Update,What's next before the next major update?,https://steamstore-a.akamaihd.net/news/externalpost/steam_community_announcements/5742731639339094193
1645820,2025-10-02,Update,What's next for 0.8?,https://steamstore-a.akamaihd.net/news/externalpost/steam_community_announcements/1811772772490028
1645820,2025-11-23,Update,More 'Patch 0.8 - Pandemic' information,https://steamstore-a.akamaihd.net/news/externalpost/steam_community_announcements/1816849002019181
1645820,2025-12-18,Update,Another 'Patch 0.8 - Pandemic' information post,https://steamstore-a.akamaihd.net/news/externalpost/steam_community_announcements/1819386365093002
1627720,2023-09-18,Release,Initial Release,https://store.steampowered.com/app/1627720
1627720,2023-11-01,Update,Lies of P sequel confirmed as we get our first look at the DLC,https://steamstore-a.akamaihd.net/news/externalpost/PCGamesN/5288974951202391171
1627720,2024-11-29,Update,"Lies of P will get some major DLC in Q1 2025, as Neowiz cracks on with a new survival horror game",https://steamstore-a.akamaihd.net/news/externalpost/VG247/1784506359045401
1627720,2025-02-12,Update,New Lies of P DLC acts as a chilling prequel to the brilliant soulslike,https://steamstore-a.akamaihd.net/news/externalpost/PCGamesN/1791482680874037
1627720,2025-06-06,Update,Lies of P Overture is out now as Neowiz surprise drops its prequel DLC,https://steamstore-a.akamaihd.net/news/externalpost/PCGamesN/1801617199441120
1201240,2020-08-17,Release,Initial Release,https://store.steampowered.com/app/1201240
1201240,2022-07-22,Update,7th Anniversary Step-Up Summons,https://steamstore-a.akamaihd.net/news/externalpost/steam_community_announcements/4598755821868069186
1201240,2023-07-23,Update,8th Anniversary Step-Up Summons,https://steamstore-a.akamaihd.net/news/externalpost/steam_community_announcements/5124584051979786607
1201240,2024-06-20,Update,9th Anniversary Celebration Summons,https://steamstore-a.akamaihd.net/news/externalpost/steam_community_announcements/5759622039975403159
1201240,2024-07-19,Update,9th Anniversary Special Zenith Summons,https://steamstore-a.akamaihd.net/news/externalpost/steam_community_announcements/5969041959967493010
1201240,2024-08-19,Update,Special Anniversary Thousand-Year Blood War Crown Summons: Talent,https://steamstore-a.akamaihd.net/news/externalpost/steam_community_announcements/6909171012609302923
1201240,2025-07-22,Update,10th Anniversary Zenith Summons,https://steamstore-a.akamaihd.net/news/externalpost/steam_community_announcements/1805431065489156
1201240,2025-08-16,Update,10th Anniversary Special: Playable Art Summons: Bubble,https://steamstore-a.akamaihd.net/news/externalpost/steam_community_announcements/1808061939403542
1201240,2025-09-17,Update,10th Anniversary Special: Playable Art Summons: Lithe,https://steamstore-a.akamaihd.net/news/externalpost/steam_community_announcements/1811138915350385
1201240,2025-10-17,Update,10th Anniversary Special: Playable Art Summons: Fight,https://steamstore-a.akamaihd.net/news/externalpost/steam_community_announcements/1813674388971153
1201240,2025-11-30,Update,10th Anniversary Special: Burn the Witch Collab Christmas Zenith Summons: Bright,https://steamstore-a.akamaihd.net/news/externalpost/steam_community_announcements/1817483467042559
471710,2021-09-02,Release,Initial Release,https://store.steampowered.com/app/471710
471710,2024-08-19,Update,"Rec Room UPDATE - the ""Bool spits lazy facts"" Edition",https://steamstore-a.akamaihd.net/news/externalpost/steam_community_announcements/6909171012612330465
1245620,2022-02-24,Release,Initial Release,https://store.steampowered.com/app/1245620
1245620,2024-07-09,Update,Twitch streamer proves that the Elden Ring DLC isn't that hard at all,https://steamstore-a.akamaihd.net/news/externalpost/PCGamesN/5842939267354328970
1245620,2024-07-30,Update,Patch Notes Version 1.13,https://steamstore-a.akamaihd.net/news/externalpost/steam_community_announcements/5963413094366301750
1245620,2024-09-11,Update,Patch Notes Version 1.14,https://steamstore-a.akamaihd.net/news/externalpost/steam_community_announcements/6250522009509658757
1245620,2024-10-02,Update,Patch Notes Version 1.15,https://steamstore-a.akamaihd.net/news/externalpost/steam_community_announcements/6350729003489816555
1245620,2025-04-28,Update,That's a lot of Tarnished: over 30 million maidenless masochists have purchased Elden Ring since its launch in 2022,https://steamstore-a.akamaihd.net/news/externalpost/VG247/1797820624593945
1245620,2025-05-27,Update,"Elden Ring movie release date estimate, cast predictions, and story ideas",https://steamstore-a.akamaihd.net/news/externalpost/PCGamesN/1800357164575645
1245620,2025-06-30,Update,The Elden Ring Tarnished Edition DLC could be incredibly close,https://steamstore-a.akamaihd.net/news/externalpost/PCGamesN/1803527891646561
1245620,2025-11-09,Update,"Elden Ring's most comprehensive and faithful fan-made overhaul launches its biggest update yet, with full multiplayer",https://steamstore-a.akamaihd.net/news/externalpost/PCGamesN/1815580768356470
1245620,2025-12-16,Update,Release Note for 2025/12/16,https://steamstore-a.akamaihd.net/news/externalpost/steam_community_announcements/1818752592134836
1245620,2026-04-04,Update,Have a gander at this cut Elden Ring scene showing a smidge of DLC boss Miquella's past,"https://steamstore-a.akamaihd.net/news/externalpost/Rock, Paper, Shotgun/1828894815562916"
268500,2016-02-04,Release,Initial Release,https://store.steampowered.com/app/268500
268500,2018-06-07,Update,Brilliant executives launch tech start-up called XCOM,https://steamstore-a.akamaihd.net/news/externalpost/pcgamer/2431262152936222017
268500,2018-10-02,Update,Firaxis is celebrating XCOM's sixth birthday with the new Tactical Legacy Pack DLC,https://steamstore-a.akamaihd.net/news/externalpost/eurogamer/3167611029765760929
268500,2019-03-22,Update,XCOM 2 is free this weekend (and DLC discounts a-go-go too),https://steamstore-a.akamaihd.net/news/externalpost/rps/2543878145174934424
268500,2020-04-14,Update,"XCOM: Chimera Squad, all-new story in the XCOM universe, launches April 24",https://steamstore-a.akamaihd.net/news/externalpost/steam_community_announcements/3112492477904120917
268500,2020-09-29,Update,The complete XCOM 2 DLC guide,https://steamstore-a.akamaihd.net/news/externalpost/PCGamesN/3715990047712864864
268500,2024-11-25,Update,2K Launcher Removal,https://steamstore-a.akamaihd.net/news/externalpost/steam_community_announcements/1783872412121779
268500,2025-02-06,Update,2K 20th Anniversary Event,https://steamstore-a.akamaihd.net/news/externalpost/steam_community_announcements/1790848102626413
268500,2025-06-19,Update,"XCOM 2 is $2.40, and its excellent DLC War of the Chosen ain't far off—making the all-time tactical strategy great cheaper than takeout",https://steamstore-a.akamaihd.net/news/externalpost/PC Gamer/1802893906726344
284160,2015-05-29,Release,Initial Release,https://store.steampowered.com/app/284160
284160,2018-10-30,Update,Light Runner - Version 0.14 Released,https://steamstore-a.akamaihd.net/news/externalpost/steam_community_announcements/2403127338447545392
284160,2018-12-20,Update,A Small Car on a Big Map - Version 0.15 released,https://steamstore-a.akamaihd.net/news/externalpost/steam_community_announcements/2417769111283582365
284160,2019-05-03,Update,Electrifying 0.16,https://steamstore-a.akamaihd.net/news/externalpost/steam_community_announcements/2404270358325888232
284160,2019-08-16,Update,"Buckle up, heavy traffic ahead: Update 0.17 released",https://steamstore-a.akamaihd.net/news/externalpost/steam_community_announcements/3556075649723017387
284160,2019-12-09,Update,The 2019 Winter Update - BeamNG.drive v0.18,https://steamstore-a.akamaihd.net/news/externalpost/steam_community_announcements/2587811707180817426
284160,2020-04-08,Update,“La Vie a Toute Vitesse” – BeamNG.drive v0.19,https://steamstore-a.akamaihd.net/news/externalpost/steam_community_announcements/3112492477882592912
284160,2020-08-06,Update,The 2020 Summer Release – BeamNG v0.20,https://steamstore-a.akamaihd.net/news/externalpost/steam_community_announcements/3667572003458548847
284160,2020-12-15,Update,The 2020 Winter Release - BeamNG v0.21,https://steamstore-a.akamaihd.net/news/externalpost/steam_community_announcements/3879252510648979586
284160,2021-03-29,Update,The 2021 Spring Release – BeamNG.drive v0.22,https://steamstore-a.akamaihd.net/news/externalpost/steam_community_announcements/4026754911359894271
284160,2021-06-30,Update,The 2021 Summer Release – BeamNG.drive v0.23,https://steamstore-a.akamaihd.net/news/externalpost/steam_community_announcements/4032392655085640369
284160,2021-12-02,Update,The 2021 Winter Release – BeamNG.drive v0.24,https://steamstore-a.akamaihd.net/news/externalpost/steam_community_announcements/4224936215384645647
284160,2022-06-15,Update,BeamNG.drive v0.25 - Spark Your Passion,https://steamstore-a.akamaihd.net/news/externalpost/steam_community_announcements/4480533160882029211
284160,2022-09-19,Update,BeamNG.drive v0.26 - Covet the Moment,https://steamstore-a.akamaihd.net/news/externalpost/steam_community_announcements/6258337460558325348
284160,2022-12-13,Update,Conquer the desert in v0.27,https://steamstore-a.akamaihd.net/news/externalpost/steam_community_announcements/4980448574126799586
284160,2023-04-04,Update,Spring Renovations - BeamNG.drive v0.28,https://steamstore-a.akamaihd.net/news/externalpost/steam_community_announcements/6839319552000035976
284160,2023-07-04,Update,Gambler 500 x BeamNG.drive - v0.29,https://steamstore-a.akamaihd.net/news/externalpost/steam_community_announcements/5124582150148708978
284160,2023-09-20,Update,Gear Up for Fall Adventures in BeamNG.drive v0.30,https://steamstore-a.akamaihd.net/news/externalpost/steam_community_announcements/5219165352619548715
284160,2023-12-14,Update,Festive Freight in BeamNG.drive v0.31,https://steamstore-a.akamaihd.net/news/externalpost/steam_community_announcements/7585814657460633597
284160,2024-04-16,Update,Sprouting Makeovers in BeamNG.drive v0.32,https://steamstore-a.akamaihd.net/news/externalpost/steam_community_announcements/6474562312199292483
284160,2024-09-18,Update,Haul the Harvest in BeamNG.drive v0.33,https://steamstore-a.akamaihd.net/news/externalpost/steam_community_announcements/6341720536499341146
284160,2024-12-10,Update,Vintage Ventures in BeamNG.drive v0.34,https://steamstore-a.akamaihd.net/news/externalpost/steam_community_announcements/1785321795767594
284160,2025-03-12,Update,"Important update regarding support for Windows 7, 8, 8.1, and Ubuntu 20.04",https://steamstore-a.akamaihd.net/news/externalpost/steam_community_announcements/1794014851393123
284160,2025-04-02,Update,Spring into Action in BeamNG.drive v0.35,https://steamstore-a.akamaihd.net/news/externalpost/steam_community_announcements/1795917897292047
284160,2025-06-17,Update,Summertime Shakeup in BeamNG.drive v0.36,https://steamstore-a.akamaihd.net/news/externalpost/steam_community_announcements/1802354289721777
284160,2025-09-16,Update,Indulge the Luxury in BeamNG.drive v0.37,https://steamstore-a.akamaihd.net/news/externalpost/steam_community_announcements/1810503566575618
284160,2025-12-10,Update,A Heavy Haul in BeamNG.drive v0.38,https://steamstore-a.akamaihd.net/news/externalpost/steam_community_announcements/1818752592120408
993090,2018-12-28,Release,Initial Release,https://store.steampowered.com/app/993090
993090,2021-12-01,Update,2.0 released!,https://steamstore-a.akamaihd.net/news/externalpost/steam_community_announcements/4224935490658722607
993090,2024-03-07,Update,LSFG 1.1 – New UI detection model,https://steamstore-a.akamaihd.net/news/externalpost/steam_community_announcements/5679673637652391470
993090,2024-05-08,Update,Introducing LSFG 2.0,https://steamstore-a.akamaihd.net/news/externalpost/steam_community_announcements/5768625435393159387
993090,2025-06-11,Update,LSFG 3.1,https://steamstore-a.akamaihd.net/news/externalpost/steam_community_announcements/1802261838717968
250900,2014-11-04,Release,Initial Release,https://store.steampowered.com/app/250900
250900,2018-05-01,Update,"The Binding of Isaac gets its final, free Booster Pack content update on PC",https://steamstore-a.akamaihd.net/news/externalpost/eurogamer/2394103650907067124
250900,2018-08-28,Update,Crossover fighting game Blade Strangers released,https://steamstore-a.akamaihd.net/news/externalpost/rps/2444779293805135205
250900,2020-01-13,Update,Awesome Games Done Quick 2020 raised a whopping 2.3 million for charity,https://steamstore-a.akamaihd.net/news/externalpost/rps/2600199781655178836
250900,2020-09-29,Update,The Binding Of Isaac's huge Repentance DLC is almost complete,https://steamstore-a.akamaihd.net/news/externalpost/rps/3715990047713716853
250900,2021-01-01,Update,Repentance Release Date!,https://steamstore-a.akamaihd.net/news/externalpost/steam_community_announcements/3917534300103401339
250900,2021-03-31,Update,"The Binding Of Isaac: Rebirth's final, final expansion is out now","https://steamstore-a.akamaihd.net/news/externalpost/Rock, Paper, Shotgun/4023377846271664648"
766570,2021-11-10,Release,Initial Release,https://store.steampowered.com/app/766570
2784470,2025-05-08,Update,9 Kings Releases into EA on May 23rd!,https://steamstore-a.akamaihd.net/news/externalpost/steam_community_announcements/1799088287835377
3117820,2025-03-03,Update,"""Sultan's Game"" will be released on March 31st!",https://steamstore-a.akamaihd.net/news/externalpost/steam_community_announcements/1792751526158000
3117820,2025-03-30,Release,Initial Release,https://store.steampowered.com/app/3117820
3117820,2025-12-18,Update,"Sultan’s Game Winter Sale Now Live, Major Updates Alongside!",https://steamstore-a.akamaihd.net/news/externalpost/steam_community_announcements/1819386365093250
3117820,2026-03-19,Update,Sultan's Game - Spring Sale & Anniversary Update Teaser,https://steamstore-a.akamaihd.net/news/externalpost/steam_community_announcements/1827626365754788
3150440,2024-12-09,Release,Initial Release,https://store.steampowered.com/app/3150440
3150440,2025-01-09,Update,Version 3.0,https://steamstore-a.akamaihd.net/news/externalpost/steam_community_announcements/1788311419007185
3150440,2025-02-13,Update,Version 4.2,https://steamstore-a.akamaihd.net/news/externalpost/steam_community_announcements/1791580425958178
3150440,2025-03-22,Update,🎉 New Update Version 5.0 in Laundry Store Simulator! 🎉,https://steamstore-a.akamaihd.net/news/externalpost/steam_community_announcements/1794830910942050
3150440,2025-05-18,Update,🧺 MAJOR UPDATE IS HERE! 🎉,https://steamstore-a.akamaihd.net/news/externalpost/steam_community_announcements/1799817379569925
3150440,2025-06-12,Update,Version 6.1,https://steamstore-a.akamaihd.net/news/externalpost/steam_community_announcements/1802354289564346
3150440,2025-12-12,Update,Laundry Store Simulator Anniversary Update Is Here!,https://steamstore-a.akamaihd.net/news/externalpost/steam_community_announcements/1818752592128367
3150440,2026-03-26,Update,Laundry Store Simulator Version 7.1 Is Here!,https://steamstore-a.akamaihd.net/news/externalpost/steam_community_announcements/1827626365771176
335240,2015-01-30,Release,Initial Release,https://store.steampowered.com/app/335240
1158310,2020-09-01,Release,Initial Release,https://store.steampowered.com/app/1158310
1158310,2025-03-12,Update,Crusader Kings 3 DLC Khans of the Steppe introduces new ways to rule,https://steamstore-a.akamaihd.net/news/externalpost/PCGamesN/1794014851395617
1158310,2025-04-28,Update,New Crusader Kings 3 DLC Khans of the Steppe is all about ruling on the move,https://steamstore-a.akamaihd.net/news/externalpost/PCGamesN/1797820624589533
1158310,2025-05-20,Update,Dev Diary #171 - Post-Release Support,https://steamstore-a.akamaihd.net/news/externalpost/steam_community_announcements/1799817379627464
1158310,2025-08-16,Update,Crusader Kings 3's Coronations DLC ensures taking the throne actually matters,https://steamstore-a.akamaihd.net/news/externalpost/PCGamesN/1808061939412992
1158310,2025-09-10,Update,"Crusader Kings 3's Coronations DLC debuts to boos and jeers from the Steam review court, largely thanks to ""broken"" oath breaking",https://steamstore-a.akamaihd.net/news/externalpost/rps/1810503566383612
1158310,2025-10-08,Update,Crusader Kings III major expansion All Under Heaven gets a release date,https://steamstore-a.akamaihd.net/news/externalpost/GamingOnLinux/1813041031175175
1158310,2025-10-29,Update,"Ambitious new Crusader Kings 3 expansion All Under Heaven is a win for Paradox, right when it needed it most",https://steamstore-a.akamaihd.net/news/externalpost/PCGamesN/1814942955104485
1158310,2025-12-16,Update,Paradox show off their mysterious ass to tease Crusader Kings 3's 2026 expansions,https://steamstore-a.akamaihd.net/news/externalpost/rps/1818752592136491
1158310,2026-01-28,Update,"With $250 of DLC to choose from, Paradox's new Crusader Kings 3 subscription is the answer to your choice paralysis",https://steamstore-a.akamaihd.net/news/externalpost/PCGamesN/1823191198600010
1248130,2021-11-21,Release,Initial Release,https://store.steampowered.com/app/1248130
1248130,2021-12-24,Update,"How I spent $1.3 million trying to bake a cake in Farming Simulator 22, Part 1",https://steamstore-a.akamaihd.net/news/externalpost/PC Gamer/4224938027303388715
1248130,2022-03-03,Update,Precision Farming: Features & Release-Date for Farming Simulator 22,https://steamstore-a.akamaihd.net/news/externalpost/steam_community_announcements/4247462367430430410
1248130,2022-04-19,Update,Precision Farming Free DLC now available for Farming Simulator 22,https://steamstore-a.akamaihd.net/news/externalpost/steam_community_announcements/5493837466497279677
1248130,2022-05-24,Update,Patch 1.5 for Farming Simulator 22 now available!,https://steamstore-a.akamaihd.net/news/externalpost/steam_community_announcements/4292505348842796604
1248130,2022-06-27,Update,Patch 1.6 for Farming Simulator 22 now available!,https://steamstore-a.akamaihd.net/news/externalpost/steam_community_announcements/4474904295744214729
1248130,2022-09-06,Update,Free Content Update #5 feat. Valtra Q Series Now Available!,https://steamstore-a.akamaihd.net/news/externalpost/steam_community_announcements/4621277624708450218
1248130,2022-11-04,Update,Cut down trees to build a rideable rollercoaster in Farming Simulator 22's new expansion,https://steamstore-a.akamaihd.net/news/externalpost/PC Gamer/4732747437207040913
1248130,2022-12-06,Update,"New Map, Machines & Crops: Year 2 Season Pass Now Available!",https://steamstore-a.akamaihd.net/news/externalpost/steam_community_announcements/4979322040034905105
1248130,2023-03-14,Update,Patch 1.9 now available to download,https://steamstore-a.akamaihd.net/news/externalpost/steam_community_announcements/5070528810309724253
1248130,2023-04-25,Update,Free Content Update #6 feat. Fendt & Massey Ferguson Now Available!,https://steamstore-a.akamaihd.net/news/externalpost/steam_community_announcements/5133583099813639206
1248130,2023-08-03,Update,Patch 1.12 Now Available For Farming Simulator 22!,https://steamstore-a.akamaihd.net/news/externalpost/steam_community_announcements/5124585319848587777
1248130,2023-11-10,Update,Case IH Farmall Anniversary Pack Now Available!,https://steamstore-a.akamaihd.net/news/externalpost/steam_community_announcements/5302486388002170595
1248130,2024-02-23,Update,Farming Simulator Modding Tutorials 5.0 for free!,https://steamstore-a.akamaihd.net/news/externalpost/steam_community_announcements/5728086065185667324
2625420,2024-12-20,Update,News About DBH Release,https://steamstore-a.akamaihd.net/news/externalpost/steam_community_announcements/1786573930657851
2625420,2025-03-11,Update,Drive Beyond Horizons: Official Release Date!,https://steamstore-a.akamaihd.net/news/externalpost/steam_community_announcements/1793384379539356
2625420,2026-03-20,Update,Under The Hood #3 — Garage Update Release Date,https://steamstore-a.akamaihd.net/news/externalpost/steam_community_announcements/1827626365758224
22330,2009-06-16,Release,Initial Release,https://store.steampowered.com/app/22330
22330,2024-01-19,Update,"Elder Scrolls Online gets a new expansion in June, plus a 15 month-long birthday party, which feels greedy",https://steamstore-a.akamaihd.net/news/externalpost/VG247/5510784213101127513
22330,2024-08-15,Update,"Skyblivion, the massive mod remaking Oblivion in Skyrim's engine, looks pretty great as devs show off some fresh quest gameplay ahead of 2025 release",https://steamstore-a.akamaihd.net/news/externalpost/VG247/6909171012595812272
22330,2025-01-02,Update,"Skyblivion, the huge Oblivion remake mod in Skyrim's engine, is now in its release year and its devs only have one region of Cyrodiil left to complete",https://steamstore-a.akamaihd.net/news/externalpost/VG247/1786573931064847
22330,2025-03-13,Update,"UPDATE: That official Elder Scrolls Oblivion remake could reportedly release very soon, with a leaker claiming a shadow drop next month ""is possible""",https://steamstore-a.akamaihd.net/news/externalpost/VG247/1794102528068548
22330,2025-04-07,Update,"Oblivion remake could reportedly be ""released at any moment""",https://steamstore-a.akamaihd.net/news/externalpost/PCGamesN/1795917897466695
22330,2025-09-25,Update,"March 2026 would be a ""fitting"" Skyblivion release window, says former dev who called making 2025 ""unachievable""",https://steamstore-a.akamaihd.net/news/externalpost/rps/1811772772246741
22330,2025-12-03,Update,"Skyblivion's release has been delayed to 2026, but you can check out an interactive version of its map",https://steamstore-a.akamaihd.net/news/externalpost/rps/1818118366170862
262060,2016-01-19,Release,Initial Release,https://store.steampowered.com/app/262060
262060,2020-07-10,Update,The Butcher’s Circus – Season 2 Update,https://steamstore-a.akamaihd.net/news/externalpost/steam_community_announcements/3516698970133175838
262060,2023-03-25,Update,"Huge Darkest Dungeon mod is basically an expansion, and it's free",https://steamstore-a.akamaihd.net/news/externalpost/PCGamesN/5143713753735886055
262060,2023-05-02,Update,Darkest Dungeon II Releases May 8th - What to expect for 1.0 and beyond,https://steamstore-a.akamaihd.net/news/externalpost/steam_community_announcements/5133583642670517982
262060,2023-11-07,Update,Darkest Dungeon II DLC - The Binding Blade - Coming December 2023,https://steamstore-a.akamaihd.net/news/externalpost/steam_community_announcements/5288974951225223186
262060,2025-01-27,Update,Darkest Dungeon II - Kingdoms Game Mode + Inhuman Bondage DLC Available Now,https://steamstore-a.akamaihd.net/news/externalpost/steam_community_announcements/1789580505444244
325610,2015-02-17,Release,Initial Release,https://store.steampowered.com/app/325610
325610,2015-03-26,Update,Total War: Attila's Blood & Burning DLC brings violence and vomit,https://steamstore-a.akamaihd.net/news/externalpost/pcgamer/517126407344770565
325610,2015-04-21,Update,"Midweek Madness - Total War: ATTILA, 25% Off + Steam Workshop Launch",http://store.steampowered.com/news/16344/
325610,2015-09-08,Update,Total War: Attila expansion introduces the Empires of Sand,https://steamstore-a.akamaihd.net/news/externalpost/pcgamer/409054598182758236
325610,2015-12-10,Update,New DLC Available - Total War: ATTILA - Age of Charlemagne Campaign Pack,http://store.steampowered.com/news/19638/
325610,2016-02-09,Update,"Total War: Attila ""Slavic Nations"" DLC fights to be free",https://steamstore-a.akamaihd.net/news/externalpost/pcgamer/295352659750072756
325610,2018-11-28,Update,"Daily Deal - Total War: ATTILA and DLCs, up to 80% Off",https://store.steampowered.com/news/46283/
325610,2019-02-26,Update,New Launcher Now Live,https://steamstore-a.akamaihd.net/news/externalpost/steam_community_announcements/2480825216206300380
1966720,2023-10-23,Release,Initial Release,https://store.steampowered.com/app/1966720
1966720,2024-10-22,Update,1 Year Anniversary!,https://steamstore-a.akamaihd.net/news/externalpost/steam_community_announcements/6212245217911777747
1811260,2022-09-30,Release,Initial Release,https://store.steampowered.com/app/1811260
1811260,2023-01-17,Update,EA Play* FIFA 23 FUT Season 3 XP Boost,https://steamstore-a.akamaihd.net/news/externalpost/steam_community_announcements/5035620840550565883
1811260,2023-03-22,Update,EA Play* FIFA 23 FUT Season 5 XP Boost,https://steamstore-a.akamaihd.net/news/externalpost/steam_community_announcements/5125698536875661520
1811260,2023-04-20,Update,Vote for your FUT 23 Premier League Team of the Season now,https://steamstore-a.akamaihd.net/news/externalpost/steam_community_announcements/5133583099795052230
1811260,2023-05-12,Update,Your FIFA 23 Ultimate Team™ Bundesliga Team of the Season!,https://steamstore-a.akamaihd.net/news/externalpost/steam_community_announcements/6557848386945450982
1811260,2023-06-02,Update,Your FUT 23 Serie A Team of the Season is here!,https://steamstore-a.akamaihd.net/news/externalpost/steam_community_announcements/5151601211230300808
1811260,2023-06-28,Update,For Players Unable To Launch FIFA 23 Following Title Update #14,https://steamstore-a.akamaihd.net/news/externalpost/steam_community_announcements/5124582150127975750
1811260,2023-07-21,Update,Welcome back the season’s fan favourites with FUTTIES,https://steamstore-a.akamaihd.net/news/externalpost/steam_community_announcements/5124584051974028374
1811260,2023-09-27,Update,Start your season now with early access in EA SPORTS FC™ 24,https://steamstore-a.akamaihd.net/news/externalpost/steam_community_announcements/5220291886483655997
1447430,2021-05-24,Release,Initial Release,https://store.steampowered.com/app/1447430
892970,2021-02-02,Release,Initial Release,https://store.steampowered.com/app/892970
892970,2023-08-09,Update,Valheim has a rather large bug-fix release in testing,https://steamstore-a.akamaihd.net/news/externalpost/GamingOnLinux/5124585954863143121
703080,2019-11-05,Release,Initial Release,https://store.steampowered.com/app/703080
703080,2020-11-30,Update,"Planet Zoo - Free Update 1.4, coming on 8 December, 2020",https://steamstore-a.akamaihd.net/news/externalpost/steam_community_announcements/3856733252020978288
703080,2021-03-16,Update,"Planet Zoo - Free Update 1.5, coming on 30 March, 2021",https://steamstore-a.akamaihd.net/news/externalpost/steam_community_announcements/5556851879152413127
703080,2021-06-14,Update,"Planet Zoo - Free Update 1.6, coming 22 June, 2021",https://steamstore-a.akamaihd.net/news/externalpost/steam_community_announcements/5019805792175591835
703080,2021-09-22,Update,"Planet Zoo - Free Update 1.7 coming 4 October, 2021",https://steamstore-a.akamaihd.net/news/externalpost/steam_community_announcements/3936699406866211153
703080,2021-11-05,Update,Planet Zoo adds lemurs and cakes its free anniversary update,"https://steamstore-a.akamaihd.net/news/externalpost/Rock, Paper, Shotgun/4186652991113484816"
703080,2021-12-07,Update,"Update 1.8 coming to Planet Zoo, 14 December",https://steamstore-a.akamaihd.net/news/externalpost/steam_community_announcements/4224936215402048336
703080,2022-03-25,Update,Planet Zoo - Update 1.9 coming 12 April,https://steamstore-a.akamaihd.net/news/externalpost/steam_community_announcements/4258723269511855978
703080,2022-06-09,Update,🐾 Planet Zoo - Update 1.10 coming 21 June 🐾,https://steamstore-a.akamaihd.net/news/externalpost/steam_community_announcements/4480532526717260096
703080,2022-10-06,Update,"Update 1.11 coming to Planet Zoo, 18th of October",https://steamstore-a.akamaihd.net/news/externalpost/steam_community_announcements/4613399405940150579
703080,2022-12-01,Update,Update 1.12 coming to Planet Zoo 13 December,https://steamstore-a.akamaihd.net/news/externalpost/steam_community_announcements/4979322040016382709
703080,2023-03-22,Update,"Update 1.13 coming to Planet Zoo 4 April, 2023",https://steamstore-a.akamaihd.net/news/externalpost/steam_community_announcements/5125698536875434964
703080,2023-06-05,Update,Planet Zoo: Update 1.14 coming 20th June 🐾,https://steamstore-a.akamaihd.net/news/externalpost/steam_community_announcements/5151601211240174920
703080,2023-09-19,Update,Planet Zoo: Oceania Pack and Free Update 1.15 Out Now! 🐧,https://steamstore-a.akamaihd.net/news/externalpost/steam_community_announcements/5480373588800330258
703080,2023-12-13,Update,Planet Zoo: Eurasia Animal Pack and Free Update 1.16 Out Now ❄️,https://steamstore-a.akamaihd.net/news/externalpost/steam_community_announcements/5397065151385657380
703080,2024-04-30,Update,Planet Zoo - 1.17 Update Notes,https://steamstore-a.akamaihd.net/news/externalpost/steam_community_announcements/5759616966682299161
703080,2024-10-15,Update,Zookeepers Animal Pack & Free Update 1.18,https://steamstore-a.akamaihd.net/news/externalpost/steam_community_announcements/6211118320241026409
700330,2017-12-29,Release,Initial Release,https://store.steampowered.com/app/700330
700330,2023-05-09,Update,13.0 Out Now!,https://steamstore-a.akamaihd.net/news/externalpost/steam_community_announcements/5138087875098571783
700330,2023-06-24,Update,Version 13.1 is here!,https://steamstore-a.akamaihd.net/news/externalpost/steam_community_announcements/5124581515262907946
700330,2023-09-01,Update,Version 13.2 has arrived!,https://steamstore-a.akamaihd.net/news/externalpost/steam_community_announcements/5141476355662130151
700330,2023-11-14,Update,Halloween’s End and 13.3’s Release.,https://steamstore-a.akamaihd.net/news/externalpost/steam_community_announcements/5302486388017334402
700330,2024-05-18,Update,The Future of SCP: Secret Laboratory - Version 13.5 and beyond,https://steamstore-a.akamaihd.net/news/externalpost/steam_community_announcements/5747233970426680899
700330,2024-06-18,Update,13.5 - Feedback Survey,https://steamstore-a.akamaihd.net/news/externalpost/steam_community_announcements/6890025005368072984
700330,2024-09-04,Update,14.0 Teaser | Acroamatic Abatement,https://steamstore-a.akamaihd.net/news/externalpost/steam_community_announcements/6242640076593658316
700330,2024-12-22,Update,14.0 Full Release + Holiday Update,https://steamstore-a.akamaihd.net/news/externalpost/steam_community_announcements/1786573930728596
700330,2025-01-19,Update,Anniversary Update 2024 - Feedback Survey,https://steamstore-a.akamaihd.net/news/externalpost/steam_community_announcements/1789039014439155
700330,2025-05-18,Update,Version 14.1 is out now!,https://steamstore-a.akamaihd.net/news/externalpost/steam_community_announcements/1799817379570822
700330,2025-09-03,Update,SCP:SL X Maze of Shelves Chapter 2,https://steamstore-a.akamaihd.net/news/externalpost/steam_community_announcements/1809869180012841
700330,2025-10-27,Update,14.2 is here!,https://steamstore-a.akamaihd.net/news/externalpost/steam_community_announcements/1814309641583361
700330,2025-12-12,Update,14.2 Feedback Form,https://steamstore-a.akamaihd.net/news/externalpost/steam_community_announcements/1818752592128877
1677740,2021-10-07,Release,Initial Release,https://store.steampowered.com/app/1677740
1677740,2025-06-03,Update,"Ahoy, Matey! Stumble into treasure in our Plunder Party season!",https://steamstore-a.akamaihd.net/news/externalpost/steam_community_announcements/1800991756464964
1677740,2025-09-16,Update,Join the 5th anniversary party and earn the ultimate legacy skin!,https://steamstore-a.akamaihd.net/news/externalpost/steam_community_announcements/1810503566573293
1677740,2025-10-23,Update,Stumble Guys meets Little Nightmares this spooky season!,https://steamstore-a.akamaihd.net/news/externalpost/steam_community_announcements/1814309641433417
1677740,2026-01-28,Update,The final feast: Welcome to Valhalla season finale!,https://steamstore-a.akamaihd.net/news/externalpost/steam_community_announcements/1823191198600208
1677740,2026-04-01,Update,Riot Run Season: Prison Break Chaos & Weekly Team Showdowns,https://steamstore-a.akamaihd.net/news/externalpost/steam_community_announcements/1828894815555005
1343370,2021-02-24,Release,Initial Release,https://store.steampowered.com/app/1343370
1343370,2025-11-05,Update,Sailing Technical Pre-Release | November 5th,https://steamstore-a.akamaihd.net/news/externalpost/steam_community_announcements/1815580768224647
1343370,2026-02-18,Update,"25th Anniversary Event: 25 Years, 25 Mementos | February 18th",https://steamstore-a.akamaihd.net/news/externalpost/steam_community_announcements/1825093633181872
1943950,2025-09-18,Update,Version 1.0 for Escape the Backrooms Launches October 23!,https://steamstore-a.akamaihd.net/news/externalpost/steam_community_announcements/1811138915400809
1943950,2025-10-23,Release,Initial Release,https://store.steampowered.com/app/1943950
1943950,2025-11-13,Update,Update 1.01,https://steamstore-a.akamaihd.net/news/externalpost/steam_community_announcements/1816307528913137
1943950,2026-01-28,Update,"Console Launch Now Targeting Summer 2026, With Cross-Platform Matchmaking 🤝",https://steamstore-a.akamaihd.net/news/externalpost/steam_community_announcements/1823191198599898
